2.092243 31.933438 0.400000
6.641009 32.056233 0.400000
26.392510 31.494668 0.400000
26.628380 30.580232 0.400000
25.097196 30.945382 0.400000
25.672389 33.595258 0.400000
21.311972 31.988618 0.400000
12.915325 31.685942 0.400000
4.871385 30.496098 0.400000
24.102047 31.210865 0.400000


3.184309 31.853521 0.400000
7.662791 32.106412 0.400000
27.355575 31.554645 0.400000
27.630021 30.606629 0.400000
26.112735 30.948309 0.400000
26.618244 33.592092 0.400000
22.312898 31.997943 0.400000
13.865996 31.653053 0.400000
5.832809 30.508644 0.400000
25.139323 31.258762 0.400000


4.276017 31.760252 0.400000
8.683303 32.181765 0.400000
28.310351 31.678555 0.400000
28.631355 30.645399 0.400000
27.128169 30.958489 0.400000
27.562937 33.564840 0.400000
23.311606 32.040516 0.400000
14.812291 31.573556 0.400000
6.793647 30.538315 0.400000
26.176570 31.310389 0.400000


5.367191 31.653639 0.400000
9.701912 32.282250 0.400000
29.252733 31.865729 0.400000
29.632229 30.696537 0.400000
28.143446 30.975920 0.400000
28.505888 33.513536 0.400000
24.306987 32.116247 0.400000
15.752034 31.447706 0.400000
7.753603 30.585098 0.400000
27.213776 31.365746 0.400000


6.457651 31.533688 0.400000
10.717984 32.407812 0.400000
30.178672 32.115237 0.400000
30.632492 30.760037 0.400000
29.158512 31.000601 0.400000
29.446516 33.438230 0.400000
25.297941 32.225004 0.400000
16.683061 31.275863 0.400000
8.712387 30.648975 0.400000
28.250926 31.424835 0.400000


7.547220 31.400411 0.400000
11.730889 32.558378 0.400000
31.084184 32.425891 0.400000
31.631989 30.835889 0.400000
30.173315 31.032531 0.400000
30.384244 33.338985 0.400000
26.283368 32.366624 0.400000
17.603230 31.058483 0.400000
9.669704 30.729924 0.400000
29.288006 31.487653 0.400000


8.635721 31.253820 0.400000
12.739996 32.733862 0.400000
31.998735 32.718814 0.400000
32.630567 30.924084 0.400000
31.187802 31.071706 0.400000
31.311627 33.296996 0.400000
27.262176 32.540902 0.400000
18.510421 30.796125 0.400000
10.625263 30.827917 0.400000
30.325003 31.554201 0.400000


9.722974 31.093932 0.400000
13.744679 32.934159 0.400000
32.948239 32.873242 0.400000
33.628075 31.024609 0.400000
32.201921 31.118125 0.400000
32.252010 33.440369 0.400000
28.233282 32.747601 0.400000
19.402543 30.489446 0.400000
11.578772 30.942922 0.400000
31.361902 31.624478 0.400000


10.808803 30.920764 0.400000
14.744315 33.159151 0.400000
33.893816 33.046857 0.400000
34.624360 31.137450 0.400000
33.215620 31.171785 0.400000
33.189884 33.604378 0.400000
29.195609 32.986446 0.400000
20.277539 30.139199 0.400000
12.529940 31.074900 0.400000
32.398691 31.698485 0.400000


11.893031 30.734337 0.400000
15.738282 33.408701 0.400000
34.835092 33.239562 0.400000
35.619269 31.262591 0.400000
34.228846 31.232683 0.400000
34.124818 33.788982 0.400000
30.148091 33.257126 0.400000
21.133388 29.746234 0.400000
13.478475 31.223810 0.400000
33.435354 31.776220 0.400000


12.975480 30.534672 0.400000
16.725963 33.682660 0.400000
35.771696 33.451270 0.400000
36.612650 31.400014 0.400000
35.241546 31.300814 0.400000
35.056383 33.994114 0.400000
31.089673 33.559296 0.400000
21.968112 29.311494 0.400000
14.424090 31.389603 0.400000
34.471877 31.857684 0.400000


14.055974 30.448379 0.400000
17.706745 33.980861 0.400000
36.703259 33.681880 0.400000
37.604351 31.549699 0.400000
36.253668 31.376176 0.400000
35.984152 0.219707 0.400000
32.019311 33.892575 0.400000
22.779778 28.836013 0.400000
15.366494 31.572228 0.400000
35.508248 31.942875 0.400000


15.134336 30.448343 0.400000
18.680020 0.303123 0.400000
37.629401 33.931320 0.400000
38.594221 31.711625 0.400000
37.265160 31.458763 0.400000
36.907710 0.465646 0.400000
32.935976 0.256548 0.400000
23.566505 28.320916 0.400000
16.305399 31.771626 0.400000
36.544452 32.031793 0.400000


16.210391 30.448308 0.400000
19.645182 0.649248 0.400000
38.549762 0.199449 0.400000
39.582108 31.885767 0.400000
38.275969 31.548571 0.400000
37.826627 0.731871 0.400000
33.838652 0.650765 0.400000
24.326466 27.767412 0.400000
17.240519 31.987736 0.400000
37.580475 32.124438 0.400000


17.283964 30.448272 0.400000
20.601634 1.019025 0.400000
39.463956 0.486239 0.400000
40.567861 32.072100 0.400000
39.287333 31.635105 0.400000
38.740498 1.018191 0.400000
34.726339 1.074744 0.400000
25.057893 27.176797 0.400000
18.171569 32.220489 0.400000
38.615395 32.231328 0.400000


18.354878 30.448237 0.400000
21.548783 1.412227 0.400000
40.371622 0.791533 0.400000
41.551330 32.270598 0.400000
40.298175 31.724585 0.400000
39.648905 1.324528 0.400000
35.598054 1.527969 0.400000
25.759080 26.550447 0.400000
19.098263 32.469815 0.400000
39.650045 32.346228 0.400000


19.422961 30.448201 0.400000
22.486039 1.828612 0.400000
41.272369 1.115279 0.400000
42.532364 32.481230 0.400000
41.308400 31.820165 0.400000
40.551458 1.650685 0.400000
36.452831 2.009891 0.400000
26.428388 25.889817 0.400000
20.020318 32.735635 0.400000
40.684334 32.465966 0.400000


20.488036 30.448166 0.400000
23.412824 2.267923 0.400000
42.165830 1.457350 0.400000
43.510813 32.703966 0.400000
42.317956 31.921991 0.400000
41.447753 1.996523 0.400000
37.289724 2.519930 0.400000
27.064247 25.196435 0.400000
20.937452 33.017868 0.400000
41.718246 32.590391 0.400000


21.549932 30.448132 0.400000
24.328561 2.729888 0.400000
43.051635 1.817621 0.400000
44.486528 32.938773 0.400000
43.326817 32.029935 0.400000
42.337392 2.361885 0.400000
38.107805 3.057474 0.400000
27.665160 24.471905 0.400000
21.849385 33.316427 0.400000
42.751750 32.719625 0.400000


22.608474 30.448097 0.400000
25.232683 3.214223 0.400000
43.929393 2.196003 0.400000
45.459359 33.185616 0.400000
44.334954 32.143930 0.400000
43.220003 2.746563 0.400000
38.906168 3.621882 0.400000
28.229710 23.717894 0.400000
22.755837 33.631220 0.400000
43.784817 32.853730 0.400000


23.663492 30.448062 0.400000
26.124631 3.720627 0.400000
44.798742 2.592346 0.400000
46.429158 33.444458 0.400000
45.342327 32.263978 0.400000
44.095195 3.150394 0.400000
39.683930 4.212481 0.400000
28.756554 22.936138 0.400000
23.656532 33.962152 0.400000
44.817425 32.992695 0.400000


24.714812 30.448028 0.400000
27.003853 4.248787 0.400000
45.659294 3.006553 0.400000
47.395776 33.715261 0.400000
46.348905 32.390050 0.400000
44.962602 3.573146 0.400000
40.440229 4.828570 0.400000
29.244437 22.128432 0.400000
24.551194 0.309121 0.400000
45.849546 33.136545 0.400000


25.762264 30.447994 0.400000
27.869802 4.798374 0.400000
46.510670 3.438484 0.400000
48.359065 33.997985 0.400000
47.354655 32.522112 0.400000
45.821865 4.014617 0.400000
41.174228 5.469421 0.400000
29.692186 21.296628 0.400000
25.439548 0.672022 0.400000
46.881153 33.285304 0.400000


26.805677 30.447960 0.400000
28.721945 5.369049 0.400000
47.352509 3.887975 0.400000
49.318879 0.292587 0.400000
48.359542 32.660142 0.400000
46.672607 4.474612 0.400000
41.885113 6.134276 0.400000
30.098717 20.442630 0.400000
26.321324 1.050743 0.400000
47.912220 33.438987 0.400000


27.844882 30.447926 0.400000
29.559754 5.960455 0.400000
48.184416 4.354906 0.400000
50.275070 0.599024 0.400000
49.363534 32.804117 0.400000
47.514496 4.952878 0.400000
42.572099 6.822352 0.400000
30.463037 19.568392 0.400000
27.196249 1.445171 0.400000
48.942722 33.597610 0.400000


28.879710 30.447893 0.400000
30.382711 6.572225 0.400000
49.006035 4.839085 0.400000
51.227493 0.917250 0.400000
50.366595 32.954028 0.400000
48.347169 5.449219 0.400000
43.234424 7.532840 0.400000
30.784244 18.675913 0.400000
28.064058 1.855185 0.400000
49.972633 33.761173 0.400000


29.909992 30.447859 0.400000
31.190307 7.203979 0.400000
49.816990 5.340356 0.400000
52.176001 1.247217 0.400000
51.368691 33.109857 0.400000
49.170290 5.963388 0.400000
43.871355 8.264905 0.400000
31.061533 17.767229 0.400000
28.924483 2.280662 0.400000
51.001927 33.929685 0.400000


30.935562 30.447826 0.400000
31.982043 7.855322 0.400000
50.616906 5.858548 0.400000
53.120450 1.588876 0.400000
52.369786 33.271606 0.400000
49.983529 6.495140 0.400000
44.482188 9.017689 0.400000
31.294192 16.844414 0.400000
29.777260 2.721472 0.400000
52.030580 0.103135 0.400000


31.956253 30.447793 0.400000
32.757432 8.525849 0.400000
51.405406 6.393490 0.400000
54.060696 1.942176 0.400000
53.369851 33.439233 0.400000
50.786567 7.044213 0.400000
45.066247 9.790312 0.400000
31.481610 15.909573 0.400000
30.622129 3.177481 0.400000
53.058563 0.281557 0.400000


32.971899 30.447761 0.400000
33.515994 9.215142 0.400000
52.182124 6.944983 0.400000
54.996594 2.307064 0.400000
54.368867 33.612640 0.400000
51.579085 7.610363 0.400000
45.622886 10.581870 0.400000
31.623273 14.964836 0.400000
31.458829 3.648554 0.400000
54.085838 0.465039 0.400000


33.982335 30.447728 0.400000
34.257262 9.922770 0.400000
52.946701 7.512819 0.400000
55.928001 2.683485 0.400000
55.366781 33.791931 0.400000
52.360764 8.193336 0.400000
46.151488 11.391440 0.400000
31.718768 14.012355 0.400000
32.287105 4.134546 0.400000
55.112394 0.653467 0.400000


35.016827 30.360614 0.400000
34.980780 10.648293 0.400000
53.698745 8.096827 0.400000
56.854775 3.071383 0.400000
56.363552 33.977120 0.400000
53.131329 8.792831 0.400000
46.651470 12.218076 0.400000
31.767783 13.054300 0.400000
33.106700 4.635312 0.400000
56.138210 0.846815 0.400000


36.066659 30.078144 0.400000
35.686101 11.391256 0.400000
54.437905 8.696772 0.400000
57.776775 3.470700 0.400000
57.359138 0.168235 0.400000
53.890472 9.408595 0.400000
47.122279 13.060816 0.400000
31.770108 12.092853 0.400000
33.917365 5.150701 0.400000
57.163268 1.045045 0.400000


37.072547 29.614922 0.400000
36.372793 12.151197 0.400000
55.163811 9.312443 0.400000
58.693859 3.881375 0.400000
58.353494 0.365313 0.400000
54.637914 10.040341 0.400000
47.563393 13.918679 0.400000
31.725636 11.130202 0.400000
34.718849 5.680557 0.400000
58.187552 1.248109 0.400000


38.060517 29.110383 0.400000
37.040433 12.927639 0.400000
55.876071 9.943640 0.400000
59.605888 4.303347 0.400000
59.346598 0.568272 0.400000
55.373406 10.687750 0.400000
47.974327 14.790666 0.400000
31.634361 10.168540 0.400000
35.510905 6.224722 0.400000
59.211025 1.456078 0.400000


39.042469 28.593921 0.400000
37.688612 13.720097 0.400000
56.574336 10.590114 0.400000
60.512721 4.736552 0.400000
60.338471 0.776862 0.400000
56.096672 11.350548 0.400000
48.354625 15.675766 0.400000
31.496382 9.210055 0.400000
36.293291 6.783031 0.400000
60.233619 1.669191 0.400000


40.018244 28.065618 0.400000
38.316931 14.528077 0.400000
57.258193 11.251671 0.400000
61.414220 5.180926 0.400000
61.328984 0.991497 0.400000
56.807503 12.028384 0.400000
48.703868 16.572949 0.400000
31.311897 8.256929 0.400000
37.065765 7.355317 0.400000
61.255383 1.887020 0.400000


40.987683 27.525557 0.400000
38.925006 15.351072 0.400000
57.927267 11.928072 0.400000
62.310248 5.636401 0.400000
62.318068 1.212297 0.400000
57.505666 12.720944 0.400000
49.021671 17.481173 0.400000
31.081210 7.311335 0.400000
37.828089 7.941408 0.400000
62.276321 2.109431 0.400000


41.950632 26.973823 0.400000
39.512466 16.188567 0.400000
58.581147 12.619102 0.400000
63.200667 6.102909 0.400000
63.305843 1.438597 0.400000
58.190975 13.427873 0.400000
49.307683 18.399386 0.400000
30.804722 6.375426 0.400000
38.580028 8.541128 0.400000
63.296285 2.337081 0.400000


42.851871 26.398524 0.400000
40.078951 17.040038 0.400000
59.219444 13.324509 0.400000
64.085341 6.580380 0.400000
64.292125 1.671016 0.400000
58.863231 14.148844 0.400000
49.561590 19.326523 0.400000
30.482938 5.451335 0.400000
39.321350 9.154296 0.400000
64.315368 2.569334 0.400000


42.975833 25.681822 0.400000
40.624115 17.904953 0.400000
59.841679 14.044115 0.400000
64.964135 7.068741 0.400000
65.276849 1.909636 0.400000
59.522333 14.883433 0.400000
49.783110 20.261508 0.400000
30.116460 4.541169 0.400000
40.051826 9.780730 0.400000
65.333570 2.806092 0.400000


43.038833 25.013507 0.400000
41.147627 18.782769 0.400000
60.447359 14.777731 0.400000
65.836915 7.567920 0.400000
66.260151 2.153777 0.400000
60.168204 15.631215 0.400000
49.972002 21.203259 0.400000
29.705989 3.647005 0.400000
40.771231 10.420241 0.400000
66.350731 3.048028 0.400000


43.052894 24.395745 0.400000
41.649168 19.672937 0.400000
61.036005 15.525141 0.400000
66.703547 8.077840 0.400000
67.241689 2.404598 0.400000
60.800766 16.391781 0.400000
50.128058 22.150684 0.400000
29.252322 2.770885 0.400000
41.479342 11.072638 0.400000
67.367071 3.293956 0.400000


43.028624 23.828419 0.400000
42.128434 20.574899 0.400000
61.606979 16.286223 0.400000
67.563899 8.598425 0.400000
0.221793 2.660710 0.400000
61.420101 17.164598 0.400000
50.251106 23.102687 0.400000
28.756351 1.914809 0.400000
42.175940 11.737725 0.400000
0.382276 3.545266 0.400000


42.975054 23.309813 0.400000
42.585134 21.488090 0.400000
62.159492 17.060933 0.400000
0.417839 9.129596 0.400000
1.200019 2.923592 0.400000
62.026442 17.949025 0.400000
50.341013 24.058164 0.400000
28.219060 1.080738 0.400000
42.860809 12.415303 0.400000
1.396645 3.800446 0.400000


42.943061 23.088477 0.400000
43.156352 22.210278 0.400000
62.692623 17.849263 0.400000
1.265237 9.671274 0.400000
2.176571 3.192356 0.400000
62.620155 18.744356 0.400000
50.397682 25.016009 0.400000
27.641526 0.270579 0.400000
43.533737 13.105170 0.400000
2.409966 4.060381 0.400000


42.978578 23.335368 0.400000
44.102511 22.605874 0.400000
63.204891 18.651503 0.400000
2.105964 10.223376 0.400000
3.151375 3.467117 0.400000
63.202133 19.549498 0.400000
50.421051 25.975115 0.400000
27.024910 33.486191 0.400000
44.194515 13.807119 0.400000
3.422246 4.324936 0.400000


43.003169 23.543688 0.400000
45.038718 23.024627 0.400000
63.693949 19.468355 0.400000
2.939889 10.785819 0.400000
4.124103 3.748828 0.400000
63.774061 20.362800 0.400000
50.411098 26.934370 0.400000
26.370462 32.729374 0.400000
44.842938 14.520939 0.400000
4.433690 4.593128 0.400000


43.019917 23.717075 0.400000
45.964393 23.466279 0.400000
64.154525 20.301936 0.400000
3.766887 11.358518 0.400000
5.094705 4.037473 0.400000
64.340248 21.180671 0.400000
50.367835 27.892664 0.400000
25.679515 32.001870 0.400000
45.478804 15.246419 0.400000
5.444284 4.864952 0.400000


43.031126 23.859016 0.400000
46.878963 23.930557 0.400000
64.571845 21.158545 0.400000
4.586831 11.941387 0.400000
6.063601 4.331558 0.400000
64.913181 21.993143 0.400000
50.291314 28.848888 0.400000
24.953479 31.305353 0.400000
46.101915 15.983340 0.400000
6.453652 5.141914 0.400000


43.038489 23.972772 0.400000
47.781860 24.417174 0.400000
64.932072 22.041630 0.400000
5.399596 12.534337 0.400000
7.030454 4.632017 0.400000
65.503546 22.791265 0.400000
50.181622 29.801935 0.400000
24.193844 30.641434 0.400000
46.712078 16.731482 0.400000
7.462004 5.423045 0.400000


43.043228 24.061349 0.400000
48.672525 24.925828 0.400000
65.232218 22.948085 0.400000
6.205056 13.137278 0.400000
7.995045 4.939367 0.400000
66.112174 23.573640 0.400000
50.038883 30.750701 0.400000
23.402172 30.011647 0.400000
47.309101 17.490622 0.400000
8.469459 5.707798 0.400000


43.046198 24.127482 0.400000
49.550407 25.456206 0.400000
65.470901 23.873991 0.400000
7.003090 13.750121 0.400000
8.957324 5.253591 0.400000
66.738680 24.339831 0.400000
49.863257 31.694088 0.400000
22.580097 29.417456 0.400000
47.892798 18.260534 0.400000
9.476002 5.996168 0.400000


43.047985 24.173644 0.400000
50.414963 26.007977 0.400000
65.646995 24.815347 0.400000
7.793575 14.372771 0.400000
9.917242 5.574674 0.400000
67.382667 25.089414 0.400000
49.654944 32.631002 0.400000
21.729316 28.860245 0.400000
48.462988 19.040987 0.400000
10.481621 6.288153 0.400000


43.048968 24.202054 0.400000
51.265656 26.580798 0.400000
65.759635 25.768086 0.400000
8.576391 15.005136 0.400000
10.874748 5.902597 0.400000
0.043732 25.821969 0.400000
49.414176 33.560359 0.400000
20.851593 28.341316 0.400000
49.019490 19.831748 0.400000
11.486301 6.583748 0.400000


43.049378 24.214702 0.400000
52.101962 27.174314 0.400000
65.808220 26.728095 0.400000
9.351417 15.647118 0.400000
11.829793 6.237343 0.400000
0.721458 26.537092 0.400000
49.141223 0.481081 0.400000
19.948749 27.861889 0.400000
49.562131 20.632582 0.400000
12.490030 6.882951 0.400000


43.049338 24.213360 0.400000
52.923364 27.788156 0.400000
65.792414 27.691233 0.400000
10.118536 16.298622 0.400000
12.782328 6.578893 0.400000
1.415419 27.234385 0.400000
48.836391 1.392100 0.400000
19.022660 27.423095 0.400000
50.090739 21.443249 0.400000
13.492794 7.185757 0.400000


43.048893 24.199611 0.400000
53.729352 28.421941 0.400000
65.712148 28.653341 0.400000
10.877630 16.959548 0.400000
13.732304 6.927230 0.400000
2.125182 27.913462 0.400000
48.500021 2.292360 0.400000
18.075253 27.025979 0.400000
50.605149 22.263507 0.400000
14.494579 7.492164 0.400000


43.048039 24.174862 0.400000
54.519431 29.075275 0.400000
65.567625 29.610269 0.400000
11.628582 17.629796 0.400000
14.679671 7.282335 0.400000
2.850303 28.573946 0.400000
48.132489 3.180816 0.400000
17.108503 26.671493 0.400000
51.105199 23.093113 0.400000
15.495372 7.802167 0.400000


43.046735 24.140364 0.400000
55.293112 29.747751 0.400000
65.359310 30.557886 0.400000
12.371279 18.309265 0.400000
15.624380 7.644188 0.400000
3.590328 29.215475 0.400000
47.734205 4.056436 0.400000
16.124426 26.360495 0.400000
51.590729 23.931817 0.400000
16.495159 8.115763 0.400000


43.044918 24.097232 0.400000
56.049918 30.438948 0.400000
65.087937 31.492101 0.400000
13.105607 18.997852 0.400000
16.566382 8.012770 0.400000
4.344796 29.837692 0.400000
47.305614 4.918202 0.400000
15.125077 26.093748 0.400000
52.061587 24.779371 0.400000
17.493928 8.432948 0.400000


43.042515 24.046455 0.400000
56.789383 31.148436 0.400000
64.754500 32.408877 0.400000
13.831454 19.695453 0.400000
17.505630 8.388062 0.400000
5.113238 30.440256 0.400000
46.847195 5.765112 0.400000
14.112543 25.871919 0.400000
52.517622 25.635521 0.400000
18.491664 8.753718 0.400000


43.039446 23.988914 0.400000
57.511051 31.875772 0.400000
64.360252 33.304251 0.400000
14.548708 20.401962 0.400000
18.442073 8.770042 0.400000
5.895175 31.022836 0.400000
46.359459 6.596181 0.400000
13.088941 25.695576 0.400000
52.958691 26.500012 0.400000
19.488355 9.078069 0.400000


43.035631 23.925393 0.400000
58.214478 32.620502 0.400000
63.906699 0.174349 0.400000
15.257261 21.117272 0.400000
19.375664 9.158692 0.400000
6.690121 31.585112 0.400000
45.842951 7.410441 0.400000
12.056412 25.565187 0.400000
53.384651 27.372588 0.400000
20.483987 9.405998 0.400000


43.030993 23.856589 0.400000
58.899231 33.382160 0.400000
63.395593 1.015401 0.400000
15.957003 21.841275 0.400000
20.306354 9.553989 0.400000
7.497584 32.126775 0.400000
45.298246 8.206943 0.400000
11.017117 25.481119 0.400000
53.795368 28.252986 0.400000
21.478547 9.737500 0.400000


43.025460 23.783123 0.400000
59.564889 0.160271 0.400000
62.828926 1.823759 0.400000
16.647829 22.573860 0.400000
21.234095 9.955912 0.400000
8.317062 32.647531 0.400000
44.725951 8.984755 0.400000
9.973232 25.443638 0.400000
54.190708 29.140946 0.400000
22.472021 10.072571 0.400000


43.018963 23.705547 0.400000
60.211045 0.954348 0.400000
62.208920 2.595910 0.400000
17.329631 23.314918 0.400000
22.158840 10.364441 0.400000
9.148049 33.147096 0.400000
44.126706 9.742971 0.400000
8.926941 25.452908 0.400000
54.570545 30.036203 0.400000
23.464396 10.411207 0.400000


43.011443 23.624355 0.400000
60.837301 1.763894 0.400000
61.538019 3.328492 0.400000
18.002307 24.064335 0.400000
23.080540 10.779552 0.400000
9.990028 33.625197 0.400000
43.501177 10.480702 0.400000
7.880436 25.508991 0.400000
54.934756 30.938489 0.400000
24.455659 10.753405 0.400000


43.002847 23.539985 0.400000
61.443275 2.588403 0.400000
60.818878 4.018307 0.400000
18.665754 24.821998 0.400000
23.999147 11.201225 0.400000
10.842481 0.081577 0.400000
42.850062 11.197085 0.400000
6.835907 25.611845 0.400000
55.283222 31.847537 0.400000
25.445796 11.099160 0.400000


42.993127 23.452830 0.400000
62.028595 3.427359 0.400000
60.054356 4.662336 0.400000
19.319870 25.587793 0.400000
24.914615 11.629435 0.400000
11.704880 0.515990 0.400000
42.174086 11.891278 0.400000
5.795542 25.761326 0.400000
55.615831 32.763075 0.400000
26.434795 11.448467 0.400000


42.982242 23.363238 0.400000
62.592904 4.280237 0.400000
59.247495 5.257748 0.400000
19.964555 26.361602 0.400000
25.826896 12.064161 0.400000
12.576692 0.928201 0.400000
41.474003 12.562466 0.400000
4.761519 25.957188 0.400000
55.932473 33.684831 0.400000
27.422641 11.801323 0.400000


42.970160 23.271523 0.400000
63.135858 5.146503 0.400000
58.401518 5.801917 0.400000
20.599710 27.143310 0.400000
26.735943 12.505379 0.400000
13.457379 1.317990 0.400000
40.750592 13.209858 0.400000
3.736002 26.199084 0.400000
56.233045 0.612530 0.400000
28.409323 12.157723 0.400000


42.956850 23.177962 0.400000
63.657126 6.025614 0.400000
57.519809 6.292429 0.400000
21.225240 27.932796 0.400000
27.641708 12.953065 0.400000
14.346398 1.685150 0.400000
40.004659 13.832689 0.400000
2.721135 26.486566 0.400000
56.517446 1.545896 0.400000
29.394826 12.517663 0.400000


42.942288 23.082805 0.400000
64.156392 6.917020 0.400000
56.605898 6.727091 0.400000
21.841047 28.729942 0.400000
28.544145 13.407196 0.400000
15.243202 2.029487 0.400000
39.237036 14.430224 0.400000
1.719040 26.819084 0.400000
56.785582 2.484651 0.400000
30.379137 12.881138 0.400000


42.926455 22.986276 0.400000
64.633351 7.820162 0.400000
55.663454 7.103945 0.400000
22.447039 29.534627 0.400000
29.443207 13.867746 0.400000
16.147236 2.350818 0.400000
38.448577 15.001754 0.400000
0.731812 27.195991 0.400000
57.037362 3.428516 0.400000
31.362244 13.248144 0.400000


42.909337 22.888572 0.400000
65.087717 8.734475 0.400000
54.696259 7.421272 0.400000
23.043123 30.346728 0.400000
30.338848 14.334692 0.400000
17.057946 2.648978 0.400000
37.640160 15.546598 0.400000
67.761513 27.616544 0.400000
57.272703 4.377210 0.400000
32.344133 13.618676 0.400000


42.890920 22.789874 0.400000
65.519214 9.659385 0.400000
53.708202 7.677601 0.400000
23.629206 31.166122 0.400000
31.231021 14.808009 0.400000
17.974769 2.923811 0.400000
36.812685 16.064107 0.400000
66.810165 28.079901 0.400000
57.491524 5.330449 0.400000
33.324790 13.992730 0.400000


42.871198 22.690341 0.400000
65.927582 10.594312 0.400000
52.703258 7.871715 0.400000
24.205201 31.992685 0.400000
32.119681 15.287671 0.400000
18.897141 3.175176 0.400000
35.967074 16.553661 0.400000
65.879752 28.585130 0.400000
57.693748 6.287952 0.400000
34.304203 14.370301 0.400000


42.850162 22.590117 0.400000
66.312577 11.538672 0.400000
51.685470 8.002653 0.400000
24.771020 32.826292 0.400000
33.004781 15.773652 0.400000
19.824496 3.402948 0.400000
35.104268 17.014670 0.400000
64.972210 29.131204 0.400000
57.879306 7.249432 0.400000
35.282359 14.751385 0.400000


42.827811 22.489332 0.400000
66.673968 12.491870 0.400000
50.658938 8.069721 0.400000
25.326574 33.666816 0.400000
33.886276 16.265926 0.400000
20.756263 3.607012 0.400000
34.225228 17.446579 0.400000
64.089427 29.717008 0.400000
58.048131 8.214603 0.400000
36.259245 15.135977 0.400000


42.804143 22.388100 0.400000
67.011540 13.453311 0.400000
49.627794 8.072486 0.400000
25.871781 0.514129 0.400000
34.764120 16.764468 0.400000
21.691868 3.787269 0.400000
33.330933 17.848861 0.400000
63.233234 30.341339 0.400000
58.200164 9.183179 0.400000
37.234847 15.524071 0.400000


42.779158 22.286528 0.400000
67.325093 14.422390 0.400000
48.596193 8.010787 0.400000
26.406557 1.368104 0.400000
35.638268 17.269250 0.400000
22.630737 3.943633 0.400000
32.422378 18.221026 0.400000
62.405406 31.002912 0.400000
58.335348 10.154870 0.400000
38.209152 15.915664 0.400000


42.752857 22.184708 0.400000
67.614441 15.398501 0.400000
47.568290 7.884726 0.400000
26.930819 2.228609 0.400000
36.508674 17.780246 0.400000
23.572292 4.076034 0.400000
31.500574 18.562614 0.400000
61.607655 31.700357 0.400000
58.453631 11.129388 0.400000
39.182148 16.310750 0.400000


42.725244 22.082727 0.400000
67.879416 16.381030 0.400000
46.548225 7.694677 0.400000
27.444488 3.095516 0.400000
37.375294 18.297428 0.400000
24.515955 4.184411 0.400000
30.566549 18.873202 0.400000
60.841627 32.432227 0.400000
58.554969 12.106443 0.400000
40.153821 16.709325 0.400000


42.696323 21.980660 0.400000
0.119863 17.369362 0.400000
45.540105 7.441277 0.400000
27.947486 3.968691 0.400000
38.238083 18.820769 0.400000
25.461146 4.268723 0.400000
29.621341 19.152400 0.400000
60.108898 33.197001 0.400000
58.639321 13.085745 0.400000
41.124158 17.111383 0.400000


42.666098 21.878578 0.400000
0.335643 18.362876 0.400000
44.547989 7.125428 0.400000
28.439736 4.848003 0.400000
39.096996 19.350240 0.400000
26.407285 4.328940 0.400000
28.666002 19.399851 0.400000
59.410971 33.993082 0.400000
58.706649 14.067000 0.400000
42.093147 17.516920 0.400000


42.634577 21.776544 0.400000
0.526635 19.360949 0.400000
43.575867 6.748291 0.400000
28.921163 5.733318 0.400000
39.951989 19.885814 0.400000
27.353789 4.365044 0.400000
27.701596 19.615237 0.400000
58.749275 0.818809 0.400000
58.756924 15.049919 0.400000
43.060774 17.925930 0.400000


42.601764 21.674615 0.400000
0.692730 20.362955 0.400000
42.627648 6.311282 0.400000
29.391692 6.624502 0.400000
40.803017 20.427462 0.400000
28.300078 4.377035 0.400000
26.729197 19.798273 0.400000
58.125156 1.672453 0.400000
58.790119 16.034208 0.400000
44.027026 18.338408 0.400000


42.567666 21.572844 0.400000
0.833839 21.368265 0.400000
41.707140 5.816066 0.400000
29.851253 7.521419 0.400000
41.650038 20.975154 0.400000
29.245570 4.364925 0.400000
25.749887 19.948710 0.400000
57.539881 2.552225 0.400000
58.806214 17.019574 0.400000
44.991891 18.754350 0.400000


42.684633 21.941230 0.400000
0.949884 22.376249 0.400000
40.818037 5.264549 0.400000
30.299776 8.423933 0.400000
42.482551 21.065948 0.400000
30.189683 4.328739 0.400000
24.764756 20.066337 0.400000
56.994629 3.456277 0.400000
58.805191 18.005725 0.400000
45.955355 19.173749 0.400000


42.766924 22.239053 0.400000
1.040808 23.386273 0.400000
39.963902 4.658873 0.400000
30.737191 9.331907 0.400000
43.493787 21.151303 0.400000
31.131839 4.268519 0.400000
23.774900 20.150978 0.400000
56.490493 4.382710 0.400000
58.787042 18.992366 0.400000
46.917407 19.596601 0.400000


42.828962 22.494809 0.400000
1.106566 24.397705 0.400000
39.148153 4.001404 0.400000
31.163433 10.245204 0.400000
44.504321 21.243877 0.400000
32.071458 4.184318 0.400000
22.781421 20.202493 0.400000
56.028476 5.329575 0.400000
58.751758 19.979205 0.400000
47.878032 20.022901 0.400000


42.875478 22.711803 0.400000
1.147132 25.409908 0.400000
38.374047 3.294723 0.400000
31.578435 11.163684 0.400000
45.514099 21.343664 0.400000
33.007962 4.076205 0.400000
21.785425 20.220780 0.400000
55.609488 6.294879 0.400000
58.699341 20.965948 0.400000
48.837218 20.452642 0.400000


42.910166 22.893450 0.400000
1.162493 26.422249 0.400000
37.644669 2.541616 0.400000
31.982135 12.087208 0.400000
46.523069 21.450659 0.400000
33.940776 3.944261 0.400000
20.788020 20.205774 0.400000
55.234344 7.276587 0.400000
58.629793 21.952301 0.400000
49.794952 20.885821 0.400000


42.935869 23.043105 0.400000
1.152654 27.434092 0.400000
36.962919 1.745062 0.400000
32.374472 13.015636 0.400000
47.531180 21.564856 0.400000
34.869327 3.788582 0.400000
19.790316 20.157446 0.400000
54.903765 8.272628 0.400000
58.543124 22.937970 0.400000
50.751221 21.322430 0.400000


42.954747 23.163972 0.400000
1.117636 28.444802 0.400000
36.331497 0.908220 0.400000
32.755385 13.948826 0.400000
48.538378 21.686249 0.400000
35.793042 3.609279 0.400000
18.793425 20.075806 0.400000
54.618372 9.280903 0.400000
58.439349 23.922663 0.400000
51.706013 21.762466 0.400000


42.968423 23.259040 0.400000
1.057475 29.453744 0.400000
35.752894 0.034419 0.400000
33.124817 14.886637 0.400000
49.544613 21.814830 0.400000
36.711354 3.406475 0.400000
17.798455 19.960897 0.400000
54.378688 10.299281 0.400000
58.318486 24.906087 0.400000
52.659315 22.205921 0.400000


42.978100 23.331061 0.400000
0.972224 30.460286 0.400000
35.229384 33.127138 0.400000
33.482710 15.828927 0.400000
50.549831 21.950593 0.400000
37.623698 3.180306 0.400000
16.806513 19.812804 0.400000
54.185137 11.325614 0.400000
58.180560 25.887948 0.400000
53.611114 22.652791 0.400000


42.984656 23.382542 0.400000
0.861951 31.463796 0.400000
34.763009 32.189998 0.400000
33.829012 16.775553 0.400000
51.553981 22.093529 0.400000
38.529512 2.930924 0.400000
15.818705 19.631645 0.400000
54.038039 12.357732 0.400000
58.025599 26.867956 0.400000
54.561397 23.103071 0.400000


42.988727 23.415750 0.400000
0.726741 32.463644 0.400000
34.355574 31.226742 0.400000
34.163667 17.726369 0.400000
52.557010 22.243632 0.400000
39.428238 2.658492 0.400000
14.836129 19.417577 0.400000
53.937616 13.393456 0.400000
57.853639 27.845817 0.400000
55.510151 23.556753 0.400000


42.990761 23.432724 0.400000
0.566694 33.459202 0.400000
34.008641 30.241224 0.400000
34.486627 18.681233 0.400000
53.558867 22.400892 0.400000
40.319323 2.363189 0.400000
13.859879 19.170791 0.400000
53.883984 14.430596 0.400000
57.664719 28.821242 0.400000
56.457365 24.013833 0.400000


42.991067 23.435293 0.400000
0.381926 0.449848 0.400000
33.723517 29.237389 0.400000
34.797841 19.639999 0.400000
54.559500 22.565301 0.400000
41.202217 2.045205 0.400000
12.891041 18.891517 0.400000
53.877158 15.466962 0.400000
57.458882 29.793939 0.400000
57.403025 24.474305 0.400000


42.989854 23.425091 0.400000
0.172568 1.434958 0.400000
33.501255 28.219257 0.400000
35.097263 20.602522 0.400000
55.558857 22.736850 0.400000
42.076376 1.704745 0.400000
11.930695 18.580021 0.400000
53.917051 16.500362 0.400000
57.236179 30.763621 0.400000
58.347118 24.938163 0.400000


42.987257 23.403574 0.400000
67.938768 2.413915 0.400000
33.342646 27.190911 0.400000
35.384846 21.568654 0.400000
56.556886 22.915530 0.400000
42.941260 1.342024 0.400000
10.979908 18.236602 0.400000
54.003473 17.528615 0.400000
56.996662 31.729997 0.400000
59.289632 25.405401 0.400000


42.983354 23.372043 0.400000
67.680689 3.386104 0.400000
33.248215 26.156473 0.400000
35.660547 22.538250 0.400000
57.553536 23.101330 0.400000
43.796335 0.957275 0.400000
10.039739 17.861597 0.400000
54.136132 18.549548 0.400000
56.740392 32.692780 0.400000
60.230555 25.876013 0.400000


42.978192 23.331655 0.400000
67.398509 4.350917 0.400000
33.218222 25.120091 0.400000
35.924324 23.511162 0.400000
58.548754 23.294240 0.400000
44.641073 0.550739 0.400000
9.111236 17.455377 0.400000
54.314635 19.561004 0.400000
56.467432 33.651685 0.400000
61.169873 26.349994 0.400000


42.971786 23.283439 0.400000
67.092421 5.307747 0.400000
33.252658 24.085923 0.400000
36.176136 24.487242 0.400000
59.542490 23.494251 0.400000
45.474951 0.122672 0.400000
8.195430 17.018349 0.400000
54.538488 20.560849 0.400000
56.177852 0.606424 0.400000
62.107575 26.827337 0.400000


42.964139 23.228312 0.400000
66.762635 6.255996 0.400000
33.351247 23.058116 0.400000
36.415946 25.466342 0.400000
60.534692 23.701350 0.400000
46.297454 33.673342 0.400000
7.293343 16.550953 0.400000
54.807097 21.546972 0.400000
55.871724 1.556716 0.400000
63.043647 27.308036 0.400000


42.955241 23.167090 0.400000
66.409374 7.195067 0.400000
33.513444 22.040792 0.400000
36.643717 26.448313 0.400000
61.525309 23.915527 0.400000
47.108072 33.203030 0.400000
6.405977 16.053661 0.400000
55.119772 22.517294 0.400000
55.549128 2.502275 0.400000
63.978078 27.792085 0.400000


42.945076 23.100498 0.400000
66.032876 8.124373 0.400000
33.738443 21.038026 0.400000
36.859414 27.433006 0.400000
62.514288 24.136770 0.400000
47.906302 32.712029 0.400000
5.534322 15.526983 0.400000
55.475725 23.469770 0.400000
55.210147 3.442822 0.400000
64.910854 28.279478 0.400000


42.933627 23.029182 0.400000
65.633396 9.043332 0.400000
34.025175 20.053838 0.400000
37.063005 28.420272 0.400000
63.501580 24.365067 0.400000
48.691650 32.200642 0.400000
4.679347 14.971457 0.400000
55.874073 24.402393 0.400000
54.854870 4.378075 0.400000
65.841964 28.770209 0.400000


42.920876 22.953718 0.400000
65.211202 9.951366 0.400000
34.372313 19.092165 0.400000
37.254459 29.409959 0.400000
64.487133 24.600406 0.400000
49.463627 31.669188 0.400000
3.842005 14.387655 0.400000
56.313839 25.313202 0.400000
54.483389 5.307757 0.400000
66.771394 29.264271 0.400000


42.906804 22.874617 0.400000
64.766576 10.847908 0.400000
34.778282 18.156855 0.400000
37.433746 30.401918 0.400000
65.470896 24.842773 0.400000
50.221754 31.117993 0.400000
3.023227 13.776181 0.400000
56.793959 26.200281 0.400000
54.095802 6.231591 0.400000
67.699133 29.761658 0.400000


42.891395 22.792335 0.400000
64.299814 11.732395 0.400000
35.241261 17.251644 0.400000
37.600840 31.395999 0.400000
66.452818 25.092155 0.400000
50.965558 30.547398 0.400000
2.223926 13.137668 0.400000
57.313277 27.061768 0.400000
53.692212 7.149301 0.400000
0.625167 30.262365 0.400000


42.874638 22.707279 0.400000
63.811228 12.604273 0.400000
35.759190 16.380143 0.400000
37.755715 32.392049 0.400000
67.432847 25.348540 0.400000
51.694576 29.957754 0.400000
1.444992 12.472781 0.400000
57.870552 27.895856 0.400000
53.272727 8.060614 0.400000
1.549486 30.766384 0.400000


42.856520 22.619810 0.400000
63.301143 13.462996 0.400000
36.329784 15.545823 0.400000
37.898348 33.389918 0.400000
0.410935 25.611912 0.400000
52.408352 29.349422 0.400000
0.687291 11.782212 0.400000
58.464460 28.700798 0.400000
52.837457 8.965260 0.400000
2.472075 31.273709 0.400000


42.837033 22.530252 0.400000
62.769896 14.308027 0.400000
36.950536 14.752002 0.400000
38.028717 0.389454 0.400000
1.387029 25.882259 0.400000
53.106442 28.722776 0.400000
67.951669 11.066683 0.400000
59.093597 29.474913 0.400000
52.386521 9.862967 0.400000
3.392924 31.784333 0.400000


42.816173 22.438893 0.400000
62.217840 15.138837 0.400000
37.618733 14.001827 0.400000
38.146802 1.390504 0.400000
2.361079 26.159564 0.400000
53.788407 28.078200 0.400000
67.238944 10.326945 0.400000
59.756481 30.216584 0.400000
51.920038 10.753470 0.400000
4.312019 32.298251 0.400000


42.793937 22.345989 0.400000
61.645340 15.954906 0.400000
38.331463 13.298265 0.400000
38.252586 2.392918 0.400000
3.333036 26.443814 0.400000
54.453819 27.416086 0.400000
66.549911 9.563773 0.400000
60.451558 30.924269 0.400000
51.438135 11.636502 0.400000
5.229348 32.815455 0.400000


42.770323 22.251771 0.400000
61.052773 16.755722 0.400000
39.085630 12.644089 0.400000
38.346052 3.396543 0.400000
4.302847 26.734992 0.400000
55.102262 26.736841 0.400000
65.885336 8.777969 0.400000
61.177200 31.596497 0.400000
50.940942 12.511801 0.400000
6.144900 33.335939 0.400000


42.745333 22.156443 0.400000
60.440530 17.540786 0.400000
39.877964 12.041868 0.400000
38.427188 4.401225 0.400000
5.270464 27.033084 0.400000
55.733326 26.040877 0.400000
65.245961 7.970362 0.400000
61.931716 32.231876 0.400000
50.428593 13.379106 0.400000
7.058661 33.859697 0.400000


42.718970 22.060190 0.400000
59.809016 18.309606 0.400000
40.705039 11.493951 0.400000
38.495980 5.406813 0.400000
6.235837 27.338072 0.400000
56.346614 25.328619 0.400000
64.632498 7.141802 0.400000
62.713348 32.829096 0.400000
49.901228 14.238157 0.400000
7.970621 0.386720 0.400000


42.691239 21.963175 0.400000
59.158644 19.061701 0.400000
41.563283 11.002467 0.400000
38.552418 6.413153 0.400000
7.198914 27.649941 0.400000
56.941738 24.600499 0.400000
64.045631 6.293166 0.400000
63.520281 33.386930 0.400000
49.358991 15.088700 0.400000
8.880765 0.917004 0.400000


42.662146 21.865545 0.400000
58.489843 19.796603 0.400000
42.448993 10.569306 0.400000
38.596494 7.420092 0.400000
8.159648 27.968673 0.400000
57.518320 23.856962 0.400000
63.486014 5.425350 0.400000
64.350644 33.904236 0.400000
48.802029 15.930481 0.400000
9.789084 1.450541 0.400000


42.631698 21.767432 0.400000
57.803052 20.513851 0.400000
43.358354 10.196116 0.400000
38.628201 8.427478 0.400000
9.117986 28.294252 0.400000
58.075995 23.098458 0.400000
62.954271 4.539273 0.400000
65.202514 0.379962 0.400000
48.230495 16.763247 0.400000
10.695563 1.987324 0.400000


42.599903 21.668954 0.400000
57.098722 21.212998 0.400000
44.287453 9.884297 0.400000
38.647536 9.435158 0.400000
10.073881 28.626660 0.400000
58.614406 22.325447 0.400000
62.450994 3.635873 0.400000
66.073921 0.813147 0.400000
47.644545 17.586752 0.400000
11.600192 2.527346 0.400000


42.566769 21.570218 0.400000
56.377314 21.893608 0.400000
45.232293 9.634995 0.400000
38.654494 10.442977 0.400000
11.027283 28.965878 0.400000
59.133210 21.538398 0.400000
61.976746 2.716110 0.400000
66.962853 1.202923 0.400000
47.044340 18.400750 0.400000
12.502957 3.070601 0.400000


42.532307 21.471320 0.400000
55.639301 22.555256 0.400000
46.188812 9.449092 0.400000
38.649076 11.450784 0.400000
11.978142 29.311890 0.400000
59.632074 20.737789 0.400000
61.532055 1.780959 0.400000
67.867260 1.548518 0.400000
46.430045 19.204997 0.400000
13.403848 3.617081 0.400000


42.496525 21.372345 0.400000
54.885166 23.197530 0.400000
47.152901 9.327211 0.400000
38.631282 12.458425 0.400000
12.926409 29.664676 0.400000
60.110676 19.924103 0.400000
61.117418 0.831413 0.400000
0.785055 1.849256 0.400000
45.801829 19.999254 0.400000
14.302852 4.166779 0.400000


42.459435 21.273371 0.400000
54.115403 23.820029 0.400000
48.120417 9.269705 0.400000
38.601116 13.465746 0.400000
13.872035 30.024216 0.400000
60.568708 19.097834 0.400000
60.733298 33.868483 0.400000
1.714126 2.104559 0.400000
45.159866 20.783283 0.400000
15.199956 4.719689 0.400000


42.421046 21.174468 0.400000
53.330514 24.422366 0.400000
49.087206 9.276662 0.400000
38.558583 14.472595 0.400000
14.814971 30.390493 0.400000
61.005872 18.259481 0.400000
60.380123 32.893192 0.400000
2.652333 2.313949 0.400000
44.504333 21.556851 0.400000
16.095150 5.275803 0.400000


42.381369 21.075700 0.400000
52.531014 25.004166 0.400000
50.049114 9.347902 0.400000
38.503688 15.478818 0.400000
15.755169 30.763486 0.400000
61.421882 17.409550 0.400000
60.058288 31.906578 0.400000
3.597517 2.477049 0.400000
43.835410 22.319727 0.400000
16.988421 5.835114 0.400000


42.340416 20.977125 0.400000
51.717424 25.565068 0.400000
51.002009 9.482975 0.400000
38.436441 16.484263 0.400000
16.692579 31.143174 0.400000
61.816465 16.548555 0.400000
59.768154 30.909692 0.400000
4.547504 2.593583 0.400000
43.153284 23.071682 0.400000
17.879757 6.397615 0.400000


42.298196 20.878795 0.400000
50.890274 26.104722 0.400000
51.941796 9.681168 0.400000
38.356853 17.488777 0.400000
17.627154 31.529539 0.400000
62.189361 15.677017 0.400000
59.510045 29.903595 0.400000
5.500109 2.663378 0.400000
42.458143 23.812492 0.400000
18.769146 6.963298 0.400000


42.254722 20.780758 0.400000
50.050106 26.622794 0.400000
52.864434 9.941506 0.400000
38.264936 18.492206 0.400000
18.558844 31.922558 0.400000
62.540323 14.795460 0.400000
59.284249 28.889361 0.400000
6.453142 2.686362 0.400000
41.750180 24.541937 0.400000
19.656577 7.532157 0.400000


42.210003 20.683057 0.400000
49.197468 27.118963 0.400000
53.765955 10.262754 0.400000
38.160704 19.494400 0.400000
19.487603 32.322211 0.400000
62.869114 13.904417 0.400000
59.091021 27.868070 0.400000
7.404411 2.662566 0.400000
41.029591 25.259797 0.400000
20.542038 8.104184 0.400000


42.164050 20.585733 0.400000
48.332914 27.592921 0.400000
54.642476 10.643424 0.400000
38.044173 20.495205 0.400000
20.413380 32.728477 0.400000
63.175512 13.004426 0.400000
58.930577 26.840811 0.400000
8.351729 2.592124 0.400000
40.296578 25.965857 0.400000
21.425516 8.679371 0.400000


42.116875 20.488823 0.400000
47.457009 28.044375 0.400000
55.490220 11.081782 0.400000
37.915363 21.494469 0.400000
21.336130 33.141333 0.400000
63.459309 12.096028 0.400000
58.803098 25.808679 0.400000
9.292917 2.475273 0.400000
39.551343 26.659908 0.400000
22.307000 9.257712 0.400000


42.068488 20.392360 0.400000
46.570324 28.473046 0.400000
56.305529 11.575853 0.400000
37.774292 22.492040 0.400000
22.255804 33.560758 0.400000
63.720307 11.179771 0.400000
58.708727 24.772777 0.400000
10.225809 2.312349 0.400000
38.794095 27.341742 0.400000
23.186479 9.839198 0.400000


42.018899 20.296375 0.400000
45.673436 28.878669 0.400000
57.084881 12.123432 0.400000
37.620982 23.487767 0.400000
23.172354 33.986729 0.400000
63.958325 10.256208 0.400000
58.647573 23.734209 0.400000
11.148259 2.103793 0.400000
38.025045 28.011153 0.400000
24.063940 10.423823 0.400000


41.968119 20.200899 0.400000
44.766929 29.260996 0.400000
57.824902 12.722090 0.400000
37.455458 24.481499 0.400000
24.085733 0.419223 0.400000
64.173193 9.325894 0.400000
58.619706 22.694083 0.400000
12.058141 1.850141 0.400000
37.244407 28.667942 0.400000
24.939372 11.011578 0.400000


41.916159 20.105957 0.400000
43.851394 29.619790 0.400000
58.522382 13.369186 0.400000
37.277744 25.473084 0.400000
24.995894 0.858217 0.400000
64.364754 8.389389 0.400000
58.625158 21.653510 0.400000
12.953359 1.552034 0.400000
36.452399 29.311913 0.400000
25.812764 11.602457 0.400000


41.863029 20.011574 0.400000
42.927426 29.954832 0.400000
59.174287 14.061877 0.400000
37.087870 26.462371 0.400000
25.902790 1.303687 0.400000
64.532866 7.447259 0.400000
58.663927 20.613600 0.400000
13.831848 1.210204 0.400000
35.649243 29.942872 0.400000
26.684102 12.196451 0.400000


41.808740 19.917776 0.400000
41.995627 30.265917 0.400000
59.777774 14.797133 0.400000
36.885863 27.449211 0.400000
26.806373 1.755610 0.400000
64.677401 6.500068 0.400000
58.735971 19.575463 0.400000
14.691581 0.825483 0.400000
34.835163 30.560630 0.400000
27.553377 12.793553 0.400000


41.753300 19.824583 0.400000
41.056603 30.552854 0.400000
60.330201 15.571744 0.400000
36.671755 28.433453 0.400000
27.706598 2.213962 0.400000
64.798243 5.548389 0.400000
58.841214 18.540205 0.400000
15.530570 0.398797 0.400000
34.010387 31.165001 0.400000
28.420576 13.393755 0.400000


41.696721 19.732017 0.400000
40.110965 30.815470 0.400000
60.829137 16.382337 0.400000
36.445579 29.414948 0.400000
28.603418 2.678717 0.400000
64.895290 4.592792 0.400000
58.979541 17.508933 0.400000
16.346873 33.931161 0.400000
33.175145 31.755806 0.400000
29.285688 13.997049 0.400000


41.639013 19.640097 0.400000
39.159328 31.053606 0.400000
61.272375 17.225392 0.400000
36.207370 30.393547 0.400000
29.496786 3.149852 0.400000
64.968456 3.633853 0.400000
59.150800 16.482746 0.400000
17.138600 33.423683 0.400000
32.329673 32.332865 0.400000
30.148702 14.603427 0.400000


41.580185 19.548842 0.400000
38.202312 31.267118 0.400000
61.657939 18.097250 0.400000
35.957165 31.369101 0.400000
30.386656 3.627340 0.400000
65.017666 2.672150 0.400000
59.354805 15.462739 0.400000
17.903911 32.877557 0.400000
31.474206 32.896007 0.400000
31.009605 15.212883 0.400000


41.520248 19.458270 0.400000
37.240537 31.455878 0.400000
61.984092 18.994136 0.400000
35.695002 32.341461 0.400000
31.272982 4.111157 0.400000
65.042862 1.708260 0.400000
59.591330 14.449999 0.400000
18.641028 32.294060 0.400000
30.608985 33.445061 0.400000
31.868386 15.825407 0.400000


41.459211 19.368399 0.400000
36.274630 31.619774 0.400000
62.249345 19.912168 0.400000
35.420923 33.310480 0.400000
32.155719 4.601276 0.400000
65.043996 0.742762 0.400000
59.860116 13.445605 0.400000
19.348232 31.674555 0.400000
29.734253 33.979863 0.400000
32.725035 16.440992 0.400000


41.397084 19.279244 0.400000
35.305219 31.758711 0.400000
62.452462 20.847378 0.400000
35.134968 0.276011 0.400000
33.034820 5.097671 0.400000
65.021038 33.776239 0.400000
60.160866 12.450629 0.400000
20.023871 31.020480 0.400000
28.850255 0.500252 0.400000
33.579539 17.059630 0.400000


41.333877 19.190821 0.400000
34.332933 31.872607 0.400000
62.592464 21.795726 0.400000
34.837183 1.237907 0.400000
33.910240 5.600316 0.400000
64.973969 32.809270 0.400000
60.493250 11.466129 0.400000
20.666361 30.333350 0.400000
27.957239 1.006071 0.400000
34.431887 17.681312 0.400000


41.269600 19.103146 0.400000
33.358405 31.961398 0.400000
62.668637 22.753117 0.400000
34.527612 2.196022 0.400000
34.781935 6.109184 0.400000
64.902786 31.842438 0.400000
60.856900 10.493155 0.400000
21.274190 29.614754 0.400000
27.055457 1.497168 0.400000
35.282068 18.306032 0.400000


41.204263 19.016232 0.400000
32.382269 32.025036 0.400000
62.680531 23.715418 0.400000
34.206305 3.150211 0.400000
35.649858 6.624247 0.400000
64.807500 30.876324 0.400000
61.251416 9.532741 0.400000
21.845926 28.866348 0.400000
26.145162 1.973395 0.400000
36.130070 18.933780 0.400000


41.137875 18.930094 0.400000
31.405158 32.063488 0.400000
62.627961 24.678478 0.400000
33.873310 4.100327 0.400000
36.513966 7.145479 0.400000
64.688134 29.911509 0.400000
61.676360 8.585909 0.400000
22.380211 28.089854 0.400000
25.226609 2.434608 0.400000
36.975882 19.564548 0.400000


41.070446 18.844747 0.400000
30.427707 32.076738 0.400000
62.511015 25.638141 0.400000
33.528678 5.046228 0.400000
37.374213 7.672851 0.400000
64.544727 28.948573 0.400000
62.131265 7.653665 0.400000
22.875772 27.287056 0.400000
24.300059 2.880667 0.400000
37.819494 20.198329 0.400000


41.001986 18.760202 0.400000
29.450553 32.064784 0.400000
62.330044 26.590264 0.400000
33.172463 5.987769 0.400000
38.230556 8.206335 0.400000
64.377331 27.988095 0.400000
62.615627 6.737000 0.400000
23.331421 26.459795 0.400000
23.365770 3.311439 0.400000
38.660893 20.835114 0.400000


40.932504 18.676474 0.400000
28.474330 32.027643 0.400000
62.085667 27.530737 0.400000
32.804719 6.924807 0.400000
39.082949 8.745903 0.400000
64.186013 27.030654 0.400000
63.128911 5.836886 0.400000
23.746056 25.609965 0.400000
22.424007 3.726792 0.400000
39.500069 21.474894 0.400000


40.862011 18.593575 0.400000
27.499673 31.965346 0.400000
61.778767 28.455499 0.400000
32.425504 7.857200 0.400000
39.931349 9.291525 0.400000
63.970852 26.076824 0.400000
63.670549 4.954278 0.400000
24.118666 24.739512 0.400000
21.475035 4.126601 0.400000
40.337010 22.117663 0.400000


40.790516 18.511517 0.400000
26.527215 31.877941 0.400000
61.410486 29.360552 0.400000
32.034875 8.784807 0.400000
40.775712 9.843174 0.400000
63.731943 25.127180 0.400000
64.239943 4.090111 0.400000
24.448332 23.850425 0.400000
20.519121 4.510745 0.400000
41.171705 22.763410 0.400000


40.718029 18.430313 0.400000
25.557588 31.765490 0.400000
60.982223 30.241982 0.400000
31.632893 9.707486 0.400000
41.615995 10.400818 0.400000
63.469393 24.182294 0.400000
64.836462 3.245299 0.400000
24.734229 22.944734 0.400000
19.556534 4.879107 0.400000
42.004144 23.412128 0.400000


40.644561 18.349974 0.400000
24.591423 31.628073 0.400000
60.495623 31.095973 0.400000
31.219619 10.625097 0.400000
42.452154 10.964429 0.400000
63.183324 23.242734 0.400000
65.459446 2.420736 0.400000
24.975627 22.024506 0.400000
18.587546 5.231574 0.400000
42.834314 24.063808 0.400000


40.570120 18.270513 0.400000
23.629348 31.465785 0.400000
59.952578 31.918822 0.400000
30.795117 11.537501 0.400000
43.284145 11.533977 0.400000
62.873872 22.309065 0.400000
66.108207 1.617292 0.400000
25.171894 21.091839 0.400000
17.612431 5.568041 0.400000
43.662206 24.718442 0.400000


40.494717 18.191940 0.400000
22.671988 31.278738 0.400000
59.355210 32.706956 0.400000
30.359453 12.444560 0.400000
44.111927 12.109431 0.400000
62.541185 21.381850 0.400000
66.782025 0.835814 0.400000
25.322499 20.148860 0.400000
16.631462 5.888403 0.400000
44.487807 25.376022 0.400000


40.418361 18.114267 0.400000
21.719966 31.067058 0.400000
58.705871 33.456947 0.400000
29.912692 13.346135 0.400000
44.935455 12.690760 0.400000
62.185425 20.461647 0.400000
67.480156 0.077125 0.400000
25.427009 19.197717 0.400000
15.644918 6.192563 0.400000
45.311108 26.036538 0.400000


40.341064 18.037506 0.400000
20.773901 30.830887 0.400000
58.007125 0.165524 0.400000
29.454905 14.242090 0.400000
45.754689 13.277933 0.400000
61.806769 19.549011 0.400000
0.201826 33.342022 0.400000
25.485091 18.240577 0.400000
14.653076 6.480429 0.400000
46.132097 26.699982 0.400000


40.262835 17.961666 0.400000
19.834408 30.570383 0.400000
57.261746 0.829590 0.400000
28.986162 15.132289 0.400000
46.569585 13.870920 0.400000
61.405405 18.644491 0.400000
0.946237 32.631277 0.400000
25.496516 17.279619 0.400000
13.656217 6.751910 0.400000
46.950763 27.366346 0.400000


40.183684 17.886760 0.400000
18.902099 30.285720 0.400000
56.472698 1.446233 0.400000
28.506534 16.016596 0.400000
47.380101 14.469688 0.400000
60.981536 17.748632 0.400000
1.712564 31.945634 0.400000
25.461157 16.317031 0.400000
12.654621 7.006925 0.400000
47.767095 28.035620 0.400000


40.103621 17.812798 0.400000
17.977579 29.977086 0.400000
55.643128 2.012735 0.400000
28.016095 16.894877 0.400000
48.186196 15.074206 0.400000
60.535377 16.861976 0.400000
2.499958 31.285808 0.400000
25.378988 15.355004 0.400000
11.648572 7.245394 0.400000
48.581083 28.707797 0.400000


40.022657 17.739790 0.400000
17.061452 29.644685 0.400000
54.776353 2.526590 0.400000
27.514921 17.767000 0.400000
48.987828 15.684441 0.400000
60.067157 15.985055 0.400000
3.307548 30.652489 0.400000
25.250088 14.395729 0.400000
10.638354 7.467243 0.400000
49.392715 29.382867 0.400000


39.940802 17.667747 0.400000
16.154313 29.288737 0.400000
53.875841 2.985511 0.400000
27.003088 18.632831 0.400000
49.784955 16.300360 0.400000
59.577116 15.118401 0.400000
4.134440 30.046333 0.400000
25.074635 13.441390 0.400000
9.624253 7.672404 0.400000
50.201981 30.060821 0.400000


39.858067 17.596679 0.400000
15.256752 28.909475 0.400000
52.945203 3.387436 0.400000
26.480677 19.492239 0.400000
50.577537 16.921932 0.400000
59.065509 14.262535 0.400000
4.979717 29.467970 0.400000
24.852913 12.494160 0.400000
8.606554 7.860812 0.400000
51.008871 30.741651 0.400000


39.774461 17.526596 0.400000
14.369355 28.507148 0.400000
51.988175 3.730543 0.400000
25.947765 20.345093 0.400000
51.365533 17.549123 0.400000
58.532602 13.417975 0.400000
5.842444 28.917995 0.400000
24.585304 11.556198 0.400000
7.585545 8.032408 0.400000
51.813373 31.425348 0.400000


39.689997 17.457509 0.400000
13.492700 28.082020 0.400000
51.008603 4.013254 0.400000
25.404437 21.191265 0.400000
52.148902 18.181899 0.400000
57.978674 12.585231 0.400000
6.721664 28.396976 0.400000
24.272293 10.629640 0.400000
6.561515 8.187137 0.400000
52.615477 32.111902 0.400000


39.604683 17.389428 0.400000
12.627357 27.634368 0.400000
50.010425 4.234241 0.400000
24.850775 22.030626 0.400000
52.927603 18.820227 0.400000
57.404016 11.764806 0.400000
7.616403 27.905444 0.400000
23.914463 9.716600 0.400000
5.534754 8.324952 0.400000
53.415171 32.801306 0.400000


39.518531 17.322362 0.400000
11.773890 27.164486 0.400000
48.997658 4.392433 0.400000
24.286863 22.863048 0.400000
53.701597 19.464073 0.400000
56.808931 10.957197 0.400000
8.525672 27.443902 0.400000
23.512496 8.819160 0.400000
4.505551 8.445806 0.400000
54.212447 33.493549 0.400000


39.431553 17.256321 0.400000
10.932857 26.672678 0.400000
47.974379 4.487022 0.400000
23.712790 23.688405 0.400000
54.470843 20.113402 0.400000
56.193734 10.162893 0.400000
9.448462 27.012816 0.400000
23.067170 7.939369 0.400000
3.474198 8.549662 0.400000
55.007292 0.188623 0.400000


39.343757 17.191315 0.400000
10.649187 25.845341 0.400000
46.944709 4.517460 0.400000
23.128643 24.506572 0.400000
55.235303 20.768180 0.400000
55.558751 9.382375 0.400000
9.898263 26.337550 0.400000
22.579360 7.079237 0.400000
2.440986 8.636484 0.400000
55.799697 0.886519 0.400000


39.255157 17.127353 0.400000
10.797775 24.862058 0.400000
45.912795 4.483471 0.400000
22.534512 25.317425 0.400000
55.994936 21.428372 0.400000
54.904322 8.616115 0.400000
10.018185 25.307585 0.400000
22.050031 6.240731 0.400000
1.406207 8.706243 0.400000
56.589650 1.587227 0.400000


39.165762 17.064446 0.400000
10.974123 23.884083 0.400000
44.882794 4.385044 0.400000
21.930488 26.120840 0.400000
56.749703 22.093943 0.400000
54.230794 7.864579 0.400000
10.168328 24.280296 0.400000
21.480242 5.425770 0.400000
0.370154 8.758915 0.400000
57.377142 2.290739 0.400000


39.075584 17.002602 0.400000
11.177841 22.911871 0.400000
43.858854 4.222434 0.400000
21.316664 26.916696 0.400000
57.499566 22.764858 0.400000
53.538530 7.128223 0.400000
10.348824 23.256918 0.400000
20.871138 4.636222 0.400000
67.333119 8.794480 0.400000
58.162162 2.997045 0.400000


38.984634 16.941830 0.400000
11.408638 21.946012 0.400000
42.845100 3.996168 0.400000
20.693134 27.704873 0.400000
58.244486 23.441080 0.400000
52.827899 6.407494 0.400000
10.559656 22.238550 0.400000
20.223953 3.873900 0.400000
66.295397 8.812925 0.400000
58.944700 3.706136 0.400000


38.892923 16.882141 0.400000
11.666067 20.986418 0.400000
41.845612 3.707033 0.400000
20.059995 28.485250 0.400000
58.984424 24.122574 0.400000
52.099286 5.702830 0.400000
10.800912 21.226957 0.400000
19.540002 3.140557 0.400000
65.257280 8.814239 0.400000
59.724744 4.418003 0.400000


38.800463 16.823543 0.400000
11.950012 20.033618 0.400000
40.864413 3.356079 0.400000
19.417342 29.257710 0.400000
59.719343 24.809304 0.400000
51.353081 5.014661 0.400000
11.072301 20.223282 0.400000
18.820682 2.437880 0.400000
64.219062 8.798420 0.400000
60.502286 5.132636 0.400000


38.707264 16.766045 0.400000
12.260415 19.088376 0.400000
39.905447 2.944614 0.400000
18.765276 30.022134 0.400000
60.449204 25.501232 0.400000
50.589689 4.343406 0.400000
11.373423 19.228417 0.400000
18.067467 1.767492 0.400000
63.181037 8.765467 0.400000
61.277314 5.850026 0.400000


38.613340 16.709656 0.400000
12.597175 18.151458 0.400000
38.972569 2.474196 0.400000
18.103896 30.778408 0.400000
61.173970 26.198323 0.400000
49.809521 3.689475 0.400000
11.703876 18.243238 0.400000
17.281906 1.130945 0.400000
62.143498 8.715386 0.400000
62.049818 6.570164 0.400000


38.518701 16.654385 0.400000
12.960124 17.223613 0.400000
38.069523 1.946629 0.400000
17.433304 31.526417 0.400000
61.893604 26.900538 0.400000
49.013000 3.053266 0.400000
12.063273 17.268620 0.400000
16.465617 0.529714 0.400000
61.106738 8.648188 0.400000
62.819788 7.293040 0.400000


38.423359 16.600241 0.400000
13.349141 16.305619 0.400000
37.199931 1.363954 0.400000
16.753603 32.266046 0.400000
62.608069 27.607841 0.400000
48.200560 2.435169 0.400000
12.451138 16.305391 0.400000
15.620288 33.965200 0.400000
60.071052 8.563889 0.400000
63.587214 8.018644 0.400000


38.327327 16.547233 0.400000
13.763990 15.398220 0.400000
36.367275 0.728442 0.400000
16.064896 32.997185 0.400000
63.317328 28.320195 0.400000
47.372640 1.835563 0.400000
12.867058 15.354397 0.400000
14.747668 33.438721 0.400000
59.036730 8.462510 0.400000
64.352086 8.746968 0.400000


38.230615 16.495369 0.400000
14.204459 14.502176 0.400000
35.574881 0.042583 0.400000
15.367291 33.719722 0.400000
64.021344 29.037560 0.400000
46.529691 1.254816 0.400000
13.310555 14.416445 0.400000
13.849569 32.951512 0.400000
58.004067 8.344077 0.400000
65.114393 9.478002 0.400000


38.133235 16.444657 0.400000
14.670319 13.618250 0.400000
34.825913 33.309076 0.400000
14.660894 0.433548 0.400000
64.720081 29.759900 0.400000
45.672173 0.693284 0.400000
13.781118 13.492318 0.400000
12.927855 32.504725 0.400000
56.973354 8.208621 0.400000
65.874126 10.211735 0.400000


38.035201 16.395107 0.400000
15.161186 12.747133 0.400000
34.123349 32.530819 0.400000
13.945814 1.138555 0.400000
65.413503 30.487175 0.400000
44.800553 0.151313 0.400000
14.278349 12.582852 0.400000
11.984445 32.099419 0.400000
55.944883 8.056177 0.400000
66.631275 10.948159 0.400000


37.936524 16.346726 0.400000
15.676900 11.889643 0.400000
33.469978 31.710895 0.400000
13.222160 1.834636 0.400000
66.101575 31.219347 0.400000
43.915306 33.629238 0.400000
14.801581 11.688724 0.400000
11.021303 31.736564 0.400000
54.918943 7.886787 0.400000
67.385828 11.687264 0.400000


37.837217 16.299523 0.400000
16.217017 11.046448 0.400000
32.868382 30.852561 0.400000
12.490044 2.521685 0.400000
66.784261 31.956377 0.400000
43.016918 33.127381 0.400000
15.350390 10.810744 0.400000
10.040439 31.417038 0.400000
53.895826 7.700497 0.400000
0.137777 12.429040 0.400000


37.737292 16.253505 0.400000
16.781173 10.218265 0.400000
32.320929 29.959234 0.400000
11.749577 3.199599 0.400000
67.461527 32.698225 0.400000
42.105877 32.646053 0.400000
15.924224 9.949643 0.400000
9.043900 31.141622 0.400000
52.875820 7.497356 0.400000
0.887112 13.173478 0.400000


37.636761 16.208682 0.400000
17.369000 9.405815 0.400000
31.829761 29.034476 0.400000
11.000874 3.868274 0.400000
0.133337 33.444853 0.400000
41.182685 32.185554 0.400000
16.522498 9.106123 0.400000
8.033768 30.911002 0.400000
51.859213 7.277422 0.400000
1.633822 13.920566 0.400000


37.535637 16.165061 0.400000
17.980144 8.609838 0.400000
31.396787 28.081979 0.400000
10.244050 4.527610 0.400000
0.799656 0.196221 0.400000
40.247846 31.746171 0.400000
17.144572 8.280832 0.400000
7.012153 30.725765 0.400000
50.846293 7.040754 0.400000
2.377897 14.670297 0.400000


37.433932 16.122649 0.400000
18.614131 7.831000 0.400000
31.023675 27.105551 0.400000
9.479221 5.177507 0.400000
1.460451 0.952288 0.400000
39.301872 31.328177 0.400000
17.789882 7.474467 0.400000
5.981193 30.586398 0.400000
49.837346 6.787418 0.400000
3.119329 15.422660 0.400000


37.331660 16.081455 0.400000
19.270485 7.069964 0.400000
30.711841 26.109100 0.400000
8.706504 5.817866 0.400000
2.115688 1.713015 0.400000
38.345284 30.931836 0.400000
18.457830 6.687699 0.400000
4.943045 30.493289 0.400000
48.832658 6.517486 0.400000
3.858106 16.177644 0.400000


37.228834 16.041487 0.400000
19.948726 6.327396 0.400000
30.462448 25.096616 0.400000
7.926019 6.448591 0.400000
2.765332 2.478361 0.400000
37.378605 30.557397 0.400000
19.147782 5.921163 0.400000
3.899882 30.446724 0.400000
47.832511 6.231032 0.400000
4.594220 16.935241 0.400000


37.125466 16.002752 0.400000
20.648349 5.603941 0.400000
30.276401 24.072157 0.400000
7.137883 7.069586 0.400000
3.409352 3.248285 0.400000
36.402368 30.205097 0.400000
19.859094 5.175477 0.400000
2.853888 30.446886 0.400000
46.837188 5.928136 0.400000
5.327660 17.695440 0.400000


37.021569 15.965257 0.400000
21.368821 4.900232 0.400000
30.154338 23.039830 0.400000
6.342220 7.680757 0.400000
4.047713 4.022747 0.400000
35.417109 29.875160 0.400000
20.591107 4.451241 0.400000
1.807252 30.493856 0.400000
45.846970 5.608884 0.400000
6.058417 18.458231 0.400000


36.917157 15.929010 0.400000
22.109605 4.216898 0.400000
30.096635 22.003774 0.400000
5.539151 8.282012 0.400000
4.680382 4.801705 0.400000
34.423369 29.567797 0.400000
21.343139 3.749025 0.400000
0.762167 30.587614 0.400000
44.862137 5.273365 0.400000
6.786482 19.223604 0.400000


36.812242 15.894018 0.400000
22.870165 3.554580 0.400000
30.103397 20.968146 0.400000
4.728799 8.873260 0.400000
5.307328 5.585118 0.400000
33.421696 29.283207 0.400000
22.114470 3.069345 0.400000
67.720821 30.728035 0.400000
43.882966 4.921675 0.400000
7.511844 19.991549 0.400000


36.706839 15.860289 0.400000
23.649864 2.913813 0.400000
30.174463 19.937098 0.400000
3.911288 9.454411 0.400000
5.928518 6.372944 0.400000
32.412640 29.021573 0.400000
22.904443 2.412791 0.400000
66.685394 30.914893 0.400000
42.909735 4.553912 0.400000
8.234494 20.762057 0.400000


36.600961 15.827830 0.400000
24.448081 2.295152 0.400000
30.309405 18.914765 0.400000
3.086745 10.025378 0.400000
6.543921 7.165142 0.400000
31.396758 28.783067 0.400000
23.712356 1.779896 0.400000
65.658051 31.147860 0.400000
41.942716 4.170181 0.400000
8.954422 21.535116 0.400000


36.494621 15.796647 0.400000
25.264177 1.699128 0.400000
30.507527 17.905246 0.400000
2.255296 10.586075 0.400000
7.153504 7.961669 0.400000
30.374610 28.567847 0.400000
24.537494 1.171174 0.400000
64.640944 31.426508 0.400000
40.982184 3.770590 0.400000
9.671619 22.310717 0.400000


36.387832 15.766748 0.400000
26.097493 1.126247 0.400000
30.767873 16.912586 0.400000
1.417068 11.136416 0.400000
7.757237 8.762483 0.400000
29.346758 28.376057 0.400000
25.379129 0.587125 0.400000
63.636198 31.750307 0.400000
40.028409 3.355253 0.400000
10.386076 23.088849 0.400000


36.280610 15.738139 0.400000
26.947353 0.576993 0.400000
31.089226 15.940758 0.400000
0.572190 11.676319 0.400000
8.355088 9.567541 0.400000
28.313769 28.207828 0.400000
26.236523 0.028233 0.400000
62.645914 32.118629 0.400000
39.081659 2.924288 0.400000
11.097783 23.869502 0.400000


36.172967 15.710828 0.400000
27.813180 0.052010 0.400000
31.470119 14.993653 0.400000
67.720792 12.205701 0.400000
8.947027 10.376801 0.400000
27.276213 28.063278 0.400000
27.108820 33.494772 0.400000
61.672159 32.530749 0.400000
38.142201 2.477817 0.400000
11.806731 24.652667 0.400000


36.064918 15.684820 0.400000
28.694181 33.551620 0.400000
31.908832 14.075055 0.400000
66.863004 12.724485 0.400000
9.533024 11.190220 0.400000
26.234662 27.942508 0.400000
27.995339 32.987305 0.400000
60.716965 32.985845 0.400000
37.210301 2.015969 0.400000
12.512910 25.438332 0.400000


35.956477 15.660123 0.400000
29.589600 33.076178 0.400000
32.403410 13.188631 0.400000
65.998958 13.232590 0.400000
10.113049 12.007754 0.400000
25.189691 27.845609 0.400000
28.895338 32.506318 0.400000
59.782324 33.483000 0.400000
36.286220 1.538874 0.400000
13.216311 26.226487 0.400000


35.847658 15.636742 0.400000
30.498718 32.626095 0.400000
32.951663 12.337915 0.400000
65.128788 13.729940 0.400000
10.687071 12.829360 0.400000
24.141876 27.772657 0.400000
29.808020 32.052192 0.400000
58.870181 0.021208 0.400000
35.370218 1.046669 0.400000
13.916925 27.017123 0.400000


35.738474 15.614684 0.400000
31.420919 32.202010 0.400000
33.551177 11.526291 0.400000
64.252625 14.216461 0.400000
11.255062 13.654995 0.400000
23.091796 27.723712 0.400000
30.732473 31.625033 0.400000
57.982433 0.599370 0.400000
34.462554 0.539494 0.400000
14.614742 27.810228 0.400000


35.628942 15.593956 0.400000
32.355267 31.803908 0.400000
34.199328 10.756982 0.400000
63.370606 14.692079 0.400000
11.816993 14.484614 0.400000
22.040030 27.698823 0.400000
31.668052 31.225568 0.400000
57.120923 1.216300 0.400000
33.563482 0.017495 0.400000
15.309754 28.605791 0.400000


35.519075 15.574562 0.400000
33.301075 31.432271 0.400000
34.893286 10.033034 0.400000
62.482864 15.156722 0.400000
12.372834 15.318174 0.400000
20.987158 27.698022 0.400000
32.613872 30.853970 0.400000
56.287438 1.870728 0.400000
32.673255 33.480821 0.400000
16.001950 29.403804 0.400000


35.408887 15.556510 0.400000
34.257581 31.087441 0.400000
35.630034 9.357305 0.400000
61.589538 15.610321 0.400000
12.922558 16.155630 0.400000
19.933763 27.721331 0.400000
33.569094 30.510506 0.400000
55.483701 2.561301 0.400000
31.792123 32.929626 0.400000
16.691323 30.204254 0.400000


35.298394 15.539805 0.400000
35.223925 30.769479 0.400000
36.406375 8.732452 0.400000
60.690763 16.052807 0.400000
13.466136 16.996938 0.400000
18.880425 27.768754 0.400000
34.532949 30.195686 0.400000
54.711372 3.286588 0.400000
30.920335 32.364067 0.400000
17.377863 31.007132 0.400000


35.187610 15.524453 0.400000
36.199385 30.478813 0.400000
37.218947 8.160921 0.400000
59.786677 16.484113 0.400000
14.003540 17.842052 0.400000
17.827725 27.840283 0.400000
35.504534 29.909595 0.400000
53.972040 4.045079 0.400000
30.058133 31.784307 0.400000
18.061561 31.812427 0.400000


35.076551 15.510459 0.400000
37.183119 30.215515 0.400000
38.064241 7.644936 0.400000
58.877420 16.904175 0.400000
14.534743 18.690930 0.400000
16.776246 27.935895 0.400000
36.483034 29.652629 0.400000
53.267225 4.835195 0.400000
29.205762 31.190512 0.400000
18.742408 32.620128 0.400000


34.965231 15.497829 0.400000
38.174276 29.979547 0.400000
38.938607 7.186490 0.400000
57.963131 17.312929 0.400000
15.059719 19.543524 0.400000
15.726567 28.055555 0.400000
37.467621 29.425253 0.400000
52.598368 5.655284 0.400000
28.363458 30.582853 0.400000
19.420394 33.430225 0.400000


34.853665 15.486568 0.400000
39.172119 29.771276 0.400000
39.838277 6.787338 0.400000
57.043950 17.710315 0.400000
15.578439 20.399790 0.400000
14.679268 28.199212 0.400000
38.457371 29.227464 0.400000
51.966833 6.503632 0.400000
27.531460 29.961504 0.400000
20.095512 0.242707 0.400000


34.741869 15.476682 0.400000
40.175815 29.590701 0.400000
40.759378 6.448987 0.400000
56.120018 18.096272 0.400000
16.090878 21.259682 0.400000
13.634926 28.366801 0.400000
39.451420 29.059588 0.400000
51.373901 7.378461 0.400000
26.709999 29.326644 0.400000
20.767752 1.057562 0.400000


34.629858 15.468175 0.400000
41.184517 29.437594 0.400000
41.697946 6.172691 0.400000
55.191477 18.470743 0.400000
16.597009 22.123155 0.400000
12.594118 28.558244 0.400000
40.448900 28.922128 0.400000
50.820770 8.277934 0.400000
25.899305 28.678455 0.400000
21.437105 1.874782 0.400000


34.517647 15.461053 0.400000
42.197407 29.311715 0.400000
42.649946 5.959447 0.400000
54.258471 18.833670 0.400000
17.096807 22.990163 0.400000
11.557418 28.773448 0.400000
41.448896 28.815543 0.400000
50.308550 9.200162 0.400000
25.099606 28.017124 0.400000
22.103563 2.694354 0.400000


34.405253 15.455320 0.400000
43.213787 29.213679 0.400000
43.611288 5.809989 0.400000
53.321141 19.185001 0.400000
17.590247 23.860660 0.400000
10.525397 29.012309 0.400000
42.450439 28.739387 0.400000
49.838260 10.143205 0.400000
24.311125 27.342841 0.400000
22.767117 3.516268 0.400000


34.292690 15.450981 0.400000
44.232680 29.141299 0.400000
44.577840 5.724788 0.400000
52.379631 19.524683 0.400000
18.077302 24.734600 0.400000
9.498626 29.274707 0.400000
43.452615 28.695974 0.400000
49.410829 11.105078 0.400000
23.534082 26.655800 0.400000
23.427758 4.340513 0.400000


34.179975 15.448041 0.400000
45.253540 29.096510 0.400000
45.545451 5.704045 0.400000
51.434087 19.852663 0.400000
18.557949 25.611936 0.400000
8.477669 29.560507 0.400000
44.454395 28.683426 0.400000
49.027091 12.083753 0.400000
22.768694 25.956199 0.400000
24.085477 5.167078 0.400000


34.067123 15.446504 0.400000
46.275524 29.076900 0.400000
46.509965 5.747695 0.400000
50.484653 20.168895 0.400000
19.032162 26.492621 0.400000
7.463090 29.869563 0.400000
45.454685 28.704167 0.400000
48.687785 13.077169 0.400000
22.015175 25.244239 0.400000
24.740266 5.995952 0.400000


33.951405 15.446064 0.400000
47.297997 29.082490 0.400000
47.467238 5.855404 0.400000
49.531476 20.473329 0.400000
19.499918 27.376610 0.400000
6.455447 30.201714 0.400000
46.452375 28.758130 0.400000
48.393552 14.083228 0.400000
21.273734 24.520127 0.400000
25.392116 6.827125 0.400000


33.806116 15.443117 0.400000
48.320325 29.113284 0.400000
48.413158 6.026572 0.400000
48.574700 20.765921 0.400000
19.961193 28.263854 0.400000
5.455296 30.556787 0.400000
47.446362 28.845209 0.400000
48.144934 15.099808 0.400000
20.544578 23.784070 0.400000
26.041019 7.660585 0.400000


33.619461 15.434114 0.400000
49.341870 29.169271 0.400000
49.343657 6.260336 0.400000
47.614474 21.046628 0.400000
20.415964 29.154307 0.400000
4.463186 30.934594 0.400000
48.435542 28.965263 0.400000
47.942375 16.124761 0.400000
19.827911 23.036281 0.400000
26.686966 8.496321 0.400000


33.384570 15.414403 0.400000
50.362000 29.250423 0.400000
50.254735 6.555571 0.400000
46.650945 21.315406 0.400000
20.864206 30.047923 0.400000
3.479664 31.334934 0.400000
49.418821 29.118113 0.400000
47.786214 17.155924 0.400000
19.123930 22.276975 0.400000
27.329949 9.334322 0.400000


33.094202 15.376991 0.400000
51.380080 29.356696 0.400000
51.142471 6.910900 0.400000
45.684260 21.572218 0.400000
21.305899 30.944652 0.400000
2.505271 31.757594 0.400000
50.395108 29.303545 0.400000
47.676693 18.191117 0.400000
18.432832 21.506371 0.400000
27.969959 10.174578 0.400000


32.741383 15.311729 0.400000
52.395478 29.488031 0.400000
52.003039 7.324691 0.400000
44.714567 21.817023 0.400000
21.741018 31.844448 0.400000
1.540542 32.202347 0.400000
51.363323 29.521307 0.400000
47.613948 19.228153 0.400000
17.754809 20.724693 0.400000
28.606987 11.017076 0.400000


32.320595 15.204477 0.400000
53.407562 29.644352 0.400000
52.832729 7.795073 0.400000
43.742016 22.049787 0.400000
22.169543 32.747263 0.400000
0.586006 32.668954 0.400000
52.322391 29.771112 0.400000
47.598015 20.264842 0.400000
17.090047 19.932165 0.400000
29.241026 11.861807 0.400000


31.829717 15.036507 0.400000
54.415705 29.825567 0.400000
53.627958 8.319939 0.400000
42.766756 22.270474 0.400000
22.591451 33.653049 0.400000
67.642189 33.157163 0.400000
53.271252 30.052637 0.400000
47.628826 21.298991 0.400000
16.438732 19.129016 0.400000
29.872068 12.708758 0.400000


31.272864 14.784688 0.400000
55.419279 30.031570 0.400000
54.385287 8.896954 0.400000
41.788937 22.479052 0.400000
23.006721 0.561757 0.400000
66.709608 33.666709 0.400000
54.208852 30.365526 0.400000
47.706210 22.328417 0.400000
15.801043 18.315479 0.400000
30.500103 13.557919 0.400000


31.209536 14.750769 0.400000
56.417663 30.262237 0.400000
55.101433 9.523568 0.400000
40.808708 22.675490 0.400000
23.415332 1.473341 0.400000
65.788773 0.197315 0.400000
55.134154 30.709386 0.400000
47.829897 23.350944 0.400000
15.177155 17.491788 0.400000
31.285146 13.789224 0.400000


31.506848 14.898323 0.400000
57.410235 30.517430 0.400000
55.773287 10.197023 0.400000
39.826220 22.859759 0.400000
23.817263 2.387750 0.400000
64.880190 0.748691 0.400000
56.046133 31.083789 0.400000
47.999511 24.364413 0.400000
14.567242 16.658182 0.400000
32.313523 13.698298 0.400000


31.858480 15.047269 0.400000
58.396379 30.796995 0.400000
56.397920 10.914367 0.400000
38.841625 23.031833 0.400000
24.212494 3.304938 0.400000
63.984356 1.320535 0.400000
56.943778 31.488274 0.400000
48.214580 25.366684 0.400000
13.971471 15.814900 0.400000
33.342389 13.611070 0.400000


32.274658 15.190545 0.400000
59.375484 31.100761 0.400000
56.972603 11.672467 0.400000
37.855071 23.191685 0.400000
24.601006 4.224855 0.400000
63.101760 1.912536 0.400000
57.826094 31.922348 0.400000
48.474528 26.355642 0.400000
13.390005 14.962188 0.400000
34.371732 13.527542 0.400000


32.765949 15.316987 0.400000
60.346941 31.428543 0.400000
57.494814 12.468018 0.400000
36.866713 23.339294 0.400000
24.982777 5.147452 0.400000
62.232885 2.524367 0.400000
58.692105 32.385483 0.400000
48.778684 27.329201 0.400000
12.823004 14.100291 0.400000
35.401537 13.447716 0.400000


33.341871 15.410041 0.400000
61.310148 31.780142 0.400000
57.962248 13.297561 0.400000
35.876700 23.474637 0.400000
25.357790 6.072680 0.400000
61.378205 3.155692 0.400000
59.540852 32.877119 0.400000
49.126279 28.285310 0.400000
12.270624 13.229458 0.400000
36.431791 13.371594 0.400000


34.008458 15.446742 0.400000
62.264508 32.155341 0.400000
58.372827 14.157495 0.400000
34.885185 23.597695 0.400000
25.726025 7.000491 0.400000
60.538186 3.806162 0.400000
60.371393 33.396666 0.400000
49.516448 29.221953 0.400000
11.733015 12.349942 0.400000
37.462480 13.299178 0.400000


34.680174 15.472179 0.400000
63.209427 32.553911 0.400000
58.724713 15.044094 0.400000
33.892320 23.708449 0.400000
26.087464 7.930834 0.400000
59.713285 4.475420 0.400000
61.182809 33.943502 0.400000
49.948233 30.137159 0.400000
11.210323 11.461997 0.400000
38.493590 13.230468 0.400000


35.274522 15.536637 0.400000
64.144320 32.975606 0.400000
59.016307 15.953518 0.400000
32.898258 23.806886 0.400000
26.442088 8.863662 0.400000
58.903951 5.163094 0.400000
61.974202 0.516974 0.400000
50.420585 31.029005 0.400000
10.702692 10.565879 0.400000
39.525107 13.165467 0.400000


35.794151 15.625939 0.400000
65.068607 33.420165 0.400000
59.246266 16.881836 0.400000
31.903151 23.892990 0.400000
26.789880 9.798923 0.400000
58.110623 5.868805 0.400000
62.744696 1.116400 0.400000
50.932368 31.895617 0.400000
10.210259 9.661848 0.400000
40.557017 13.104175 0.400000


36.243901 15.728790 0.400000
65.981716 33.887315 0.400000
59.413498 17.825036 0.400000
30.907151 23.966749 0.400000
27.130822 10.736569 0.400000
57.333732 6.592160 0.400000
63.493436 1.741069 0.400000
51.482355 32.735177 0.400000
9.733157 8.750166 0.400000
41.589307 13.046595 0.400000


36.629775 15.836600 0.400000
66.883081 0.376766 0.400000
59.517177 18.779045 0.400000
29.910412 24.028155 0.400000
27.464897 11.676550 0.400000
56.573699 7.332759 0.400000
64.219594 2.390243 0.400000
52.069240 33.545927 0.400000
9.271515 7.831096 0.400000
42.621963 12.992728 0.400000


36.958199 15.943130 0.400000
67.772143 0.888215 0.400000
59.556736 19.739744 0.400000
28.913087 24.077197 0.400000
27.792088 12.618816 0.400000
55.830933 8.090190 0.400000
64.922366 3.063155 0.400000
52.691633 0.326171 0.400000
8.825458 6.904904 0.400000
43.654971 12.942575 0.400000


37.235533 16.044064 0.400000
0.648352 1.421346 0.400000
59.531878 20.702988 0.400000
27.915328 24.113870 0.400000
28.112379 13.563317 0.400000
55.105837 8.864031 0.400000
65.600974 3.759014 0.400000
53.348068 1.074281 0.400000
8.395104 5.971859 0.400000
44.688317 12.896138 0.400000


37.467780 16.136600 0.400000
1.511165 1.975826 0.400000
59.442574 21.664620 0.400000
26.917289 24.138170 0.400000
28.425754 14.510003 0.400000
54.398801 9.653852 0.400000
66.254667 4.477000 0.400000
54.037004 1.788699 0.400000
7.980570 5.032230 0.400000
45.721987 12.853417 0.400000


37.660430 16.219087 0.400000
2.360049 2.551313 0.400000
59.289061 22.620489 0.400000
25.919122 24.150094 0.400000
28.732197 15.458823 0.400000
53.710205 10.459213 0.400000
66.882722 5.216273 0.400000
54.756827 2.467940 0.400000
7.581966 4.086289 0.400000
46.755967 12.814414 0.400000


37.818403 16.290721 0.400000
3.194478 3.147448 0.400000
59.071843 23.566470 0.400000
24.920982 24.149641 0.400000
29.031694 16.409728 0.400000
53.040417 11.279664 0.400000
67.484443 5.975965 0.400000
55.505858 3.110598 0.400000
7.199398 3.134310 0.400000
47.790243 12.779130 0.400000


37.946047 16.351299 0.400000
4.013938 3.763861 0.400000
58.791691 24.498479 0.400000
23.923021 24.136813 0.400000
29.324228 17.362667 0.400000
52.389797 12.114748 0.400000
0.059164 6.755188 0.400000
56.282352 3.715345 0.400000
6.832966 2.176570 0.400000
48.824802 12.747566 0.400000


38.047165 16.401039 0.400000
4.817921 4.400167 0.400000
58.449636 25.412488 0.400000
22.925392 24.111613 0.400000
29.609785 18.317589 0.400000
51.758692 12.963998 0.400000
0.606251 7.553031 0.400000
57.084505 4.280937 0.400000
6.482767 1.213345 0.400000
49.859630 12.719723 0.400000


38.125068 16.440435 0.400000
5.605930 5.055971 0.400000
58.046966 26.304545 0.400000
21.928249 24.074046 0.400000
29.888352 19.274443 0.400000
51.147438 13.826939 0.400000
1.125097 8.368564 0.400000
57.910456 4.806218 0.400000
6.148893 0.244914 0.400000
50.894712 12.695603 0.400000


38.182623 16.470151 0.400000
6.377481 5.730863 0.400000
57.585223 27.170790 0.400000
20.931744 24.024118 0.400000
30.159914 20.233180 0.400000
50.556359 14.703089 0.400000
1.615130 9.200835 0.400000
58.758293 5.290116 0.400000
5.831431 33.271557 0.400000
51.930036 12.675205 0.400000


38.222314 16.490951 0.400000
7.132096 6.424422 0.400000
57.066191 28.007470 0.400000
19.936031 23.961840 0.400000
30.424458 21.193747 0.400000
49.985768 15.591958 0.400000
2.075806 10.048876 0.400000
59.626053 5.731653 0.400000
5.530461 32.293558 0.400000
52.965586 12.658531 0.400000


38.246289 16.503637 0.400000
7.869311 7.136217 0.400000
56.491897 28.810954 0.400000
18.941262 23.887220 0.400000
30.681971 22.156095 0.400000
49.435965 16.493047 0.400000
2.506618 10.911698 0.400000
60.511734 6.129942 0.400000
5.246063 31.311198 0.400000
54.001349 12.645582 0.400000


38.256406 16.509019 0.400000
8.588672 7.865801 0.400000
55.864593 29.577749 0.400000
17.947589 23.800273 0.400000
30.932440 23.120172 0.400000
48.907239 17.405852 0.400000
2.907089 11.788300 0.400000
61.413291 6.484193 0.400000
4.978307 30.324762 0.400000
55.037312 12.636358 0.400000


38.254277 16.507887 0.400000
9.289736 8.612721 0.400000
55.186755 30.304516 0.400000
16.955166 23.701012 0.400000
31.175853 24.085926 0.400000
48.399867 18.329861 0.400000
3.276777 12.677662 0.400000
62.328645 6.793711 0.400000
4.727262 29.334537 0.400000
56.073460 12.630860 0.400000


38.241299 16.500995 0.400000
9.972071 9.376509 0.400000
54.461067 30.988082 0.400000
15.964145 23.589455 0.400000
31.412197 25.053308 0.400000
47.914112 19.264557 0.400000
3.615274 13.578752 0.400000
63.255688 7.057899 0.400000
4.492989 28.340809 0.400000
57.109779 12.629090 0.400000


38.218690 16.489051 0.400000
10.635259 10.156688 0.400000
53.690413 31.625452 0.400000
14.974678 23.465619 0.400000
31.641462 26.022264 0.400000
47.450227 20.209414 0.400000
3.922207 14.490523 0.400000
64.192285 7.276259 0.400000
4.275546 27.343866 0.400000
58.146255 12.631046 0.400000


38.187511 16.472711 0.400000
11.278893 10.952770 0.400000
52.877863 32.213824 0.400000
13.986916 23.329524 0.400000
31.863635 26.992745 0.400000
47.008448 21.163902 0.400000
4.197237 15.411919 0.400000
65.136281 7.448394 0.400000
4.074987 26.343996 0.400000
59.182876 12.636731 0.400000


38.148687 16.452581 0.400000
11.902578 11.764257 0.400000
52.026662 32.750601 0.400000
13.001011 23.181192 0.400000
32.078706 27.964698 0.400000
46.589003 22.127486 0.400000
4.440060 16.341870 0.400000
66.085504 7.574010 0.400000
3.891357 25.341491 0.400000
60.219625 12.646144 0.400000


38.103033 16.429211 0.400000
12.505932 12.590642 0.400000
51.140216 33.233399 0.400000
12.017115 23.020648 0.400000
32.286665 28.938073 0.400000
46.192104 23.099625 0.400000
4.650411 17.279299 0.400000
67.037771 7.652911 0.400000
3.724702 24.336639 0.400000
61.256491 12.659286 0.400000


38.051260 16.403102 0.400000
13.088586 13.431407 0.400000
50.222076 33.660058 0.400000
11.035378 22.847918 0.400000
32.487502 29.912816 0.400000
45.817951 24.079771 0.400000
4.828057 18.223120 0.400000
67.990892 7.685008 0.400000
3.575057 23.329732 0.400000
62.293459 12.676158 0.400000


37.993996 16.374706 0.400000
13.650185 14.286026 0.400000
49.275925 0.028654 0.400000
10.055951 22.663028 0.400000
32.681206 30.888878 0.400000
45.466731 25.067376 0.400000
4.972805 19.172240 0.400000
0.942677 7.670311 0.400000
3.442456 22.321063 0.400000
63.330514 12.696759 0.400000


37.931796 16.344429 0.400000
14.190385 15.153964 0.400000
48.305565 0.337501 0.400000
9.078985 22.466009 0.400000
32.867768 31.866205 0.400000
45.138616 26.061882 0.400000
5.084495 20.125559 0.400000
1.890935 7.608934 0.400000
3.326926 21.310922 0.400000
64.367643 12.721091 0.400000


37.865149 16.312636 0.400000
14.708858 16.034677 0.400000
47.314896 0.585164 0.400000
8.104630 22.256891 0.400000
33.047180 32.844746 0.400000
44.833766 27.062731 0.400000
5.163006 21.081973 0.400000
2.833486 7.501093 0.400000
3.228490 20.299604 0.400000
65.404833 12.749152 0.400000


37.794488 16.279652 0.400000
15.205289 16.927615 0.400000
46.307904 0.770460 0.400000
7.133034 22.035708 0.400000
33.219432 33.824450 0.400000
44.552328 28.069361 0.400000
5.208253 22.040376 0.400000
3.768162 7.347106 0.400000
3.147166 19.287400 0.400000
66.442068 12.780944 0.400000


37.720197 16.245769 0.400000
15.679377 17.832216 0.400000
45.288640 0.892468 0.400000
6.164347 21.802496 0.400000
33.384517 0.805264 0.400000
44.294434 29.081205 0.400000
5.220189 22.999658 0.400000
4.692812 7.147393 0.400000
3.082966 18.274605 0.400000
67.479336 12.816467 0.400000


37.642619 16.211244 0.400000
16.130834 18.747916 0.400000
44.261210 0.950529 0.400000
5.198718 21.557291 0.400000
33.542426 1.787135 0.400000
44.060202 30.097693 0.400000
5.198804 23.958709 0.400000
5.605305 6.902473 0.400000
3.035898 17.261512 0.400000
0.516623 12.855721 0.400000


37.562059 16.176309 0.400000
16.559389 19.674139 0.400000
43.229751 0.944248 0.400000
4.236295 21.300131 0.400000
33.693153 2.770013 0.400000
43.849739 31.118254 0.400000
5.144122 24.916417 0.400000
6.503541 6.612965 0.400000
3.005965 16.248414 0.400000
1.553913 12.898705 0.400000


37.478788 16.141167 0.400000
16.964783 20.610305 0.400000
42.198418 0.873501 0.400000
3.277225 21.031058 0.400000
33.836689 3.753845 0.400000
43.663135 32.142314 0.400000
5.056207 25.871676 0.400000
7.385447 6.279583 0.400000
2.993164 15.235605 0.400000
2.591194 12.945420 0.400000


37.393048 16.106001 0.400000
17.346774 21.555827 0.400000
41.171366 0.738429 0.400000
2.321656 20.750113 0.400000
33.973029 4.738579 0.400000
43.500468 33.169296 0.400000
4.935159 26.823378 0.400000
8.248987 5.903142 0.400000
2.997488 14.223379 0.400000
3.628452 12.995866 0.400000


37.305057 16.070970 0.400000
17.705132 22.510113 0.400000
40.152732 0.539442 0.400000
1.369735 20.457342 0.400000
34.102165 5.724163 0.400000
43.361801 0.198623 0.400000
4.781116 27.770422 0.400000
9.092168 5.484548 0.400000
3.018924 13.212028 0.400000
4.665672 13.050042 0.400000


37.215010 16.036218 0.400000
18.039645 23.472563 0.400000
39.146615 0.277214 0.400000
0.421607 20.152789 0.400000
34.224093 6.710544 0.400000
43.247184 1.229714 0.400000
4.594251 28.711711 0.400000
9.913037 5.024799 0.400000
3.057455 12.201847 0.400000
5.702841 13.107949 0.400000


37.123080 16.001870 0.400000
18.350113 24.442575 0.400000
38.157067 33.952686 0.400000
67.477418 19.836504 0.400000
34.338806 7.697669 0.400000
43.156652 2.261989 0.400000
4.374773 29.646154 0.400000
10.709693 4.524986 0.400000
3.113057 11.193127 0.400000
6.739945 13.169586 0.400000


37.029426 15.968038 0.400000
18.636355 25.419541 0.400000
37.188067 33.567052 0.400000
66.537314 19.508535 0.400000
34.446299 8.685488 0.400000
43.090227 3.294868 0.400000
4.122930 30.572669 0.400000
11.480288 3.986285 0.400000
3.185705 10.186161 0.400000
7.776970 13.234953 0.400000


36.934188 15.934821 0.400000
18.898203 26.402846 0.400000
36.243510 33.121766 0.400000
65.601437 19.168935 0.400000
34.546567 9.673947 0.400000
43.047916 4.327768 0.400000
3.839002 31.490181 0.400000
12.223030 3.409959 0.400000
3.275364 9.181241 0.400000
8.813902 13.304049 0.400000


36.837494 15.902307 0.400000
19.135504 27.391875 0.400000
35.327191 32.618525 0.400000
64.669933 18.817755 0.400000
34.639606 10.662994 0.400000
43.029714 5.360109 0.400000
3.523308 32.397627 0.400000
12.936189 2.797352 0.400000
3.381998 8.178658 0.400000
9.850727 13.376875 0.400000


36.739458 15.870572 0.400000
19.348123 28.386006 0.400000
34.442786 32.059271 0.400000
63.742943 18.455052 0.400000
34.725412 11.652576 0.400000
43.035599 6.391308 0.400000
3.176201 33.293954 0.400000
13.618098 2.149890 0.400000
3.505564 7.178702 0.400000
10.887431 13.453429 0.400000


36.640186 15.839687 0.400000
19.535938 29.384617 0.400000
33.593837 31.446177 0.400000
62.820610 18.080882 0.400000
34.803981 12.642641 0.400000
43.065537 7.420787 0.400000
2.798069 0.178121 0.400000
14.267161 1.469073 0.400000
3.646014 6.181663 0.400000
11.924000 13.533712 0.400000


36.539771 15.809711 0.400000
19.698844 30.387081 0.400000
32.783740 30.781638 0.400000
61.903076 17.695303 0.400000
34.875309 13.633136 0.400000
43.119479 8.447964 0.400000
2.389335 1.049101 0.400000
14.881852 0.756474 0.400000
3.803297 5.187831 0.400000
12.960421 13.617723 0.400000


36.438299 15.780700 0.400000
19.836753 31.392768 0.400000
32.015732 30.068267 0.400000
60.990482 17.298376 0.400000
34.939395 14.624010 0.400000
43.197363 9.472262 0.400000
1.950454 1.905882 0.400000
15.460722 0.013737 0.400000
3.977354 4.197492 0.400000
13.996679 13.705461 0.400000


36.335849 15.752700 0.400000
19.949591 32.401047 0.400000
31.292870 29.308877 0.400000
60.082967 16.890163 0.400000
34.996235 15.615209 0.400000
43.299113 10.493105 0.400000
1.481916 2.747467 0.400000
16.002400 33.242573 0.400000
4.168123 3.210934 0.400000
15.032761 13.796925 0.400000


36.232491 15.725755 0.400000
20.037300 33.411287 0.400000
30.618026 28.506472 0.400000
59.180672 16.470727 0.400000
35.045827 16.606681 0.400000
43.424638 11.509918 0.400000
0.984244 3.572877 0.400000
16.505595 32.444753 0.400000
4.375537 2.228443 0.400000
16.068652 13.892116 0.400000


36.128291 15.699902 0.400000
20.099839 0.422853 0.400000
29.993874 27.664238 0.400000
58.283733 16.040135 0.400000
35.088169 17.598373 0.400000
43.573835 12.522128 0.400000
0.457994 4.381149 0.400000
16.969102 31.622106 0.400000
4.599524 1.250303 0.400000
17.104339 13.991032 0.400000


36.023308 15.675176 0.400000
20.137183 1.435109 0.400000
29.422874 26.785523 0.400000
57.392290 15.598452 0.400000
35.123260 18.590232 0.400000
43.746585 13.529167 0.400000
67.903753 5.171342 0.400000
17.391803 30.776519 0.400000
4.840007 0.276798 0.400000
18.139808 14.093672 0.400000


35.917598 15.651607 0.400000
20.149323 2.447422 0.400000
28.907266 25.873829 0.400000
56.506478 15.145749 0.400000
35.151099 19.582207 0.400000
43.942756 14.530468 0.400000
67.322137 5.942532 0.400000
17.772669 29.909926 0.400000
5.096904 33.308210 0.400000
19.175045 14.200035 0.400000


35.811211 15.629222 0.400000
20.136264 3.459155 0.400000
28.449062 24.932794 0.400000
55.626435 14.682095 0.400000
35.171685 20.574244 0.400000
44.162205 15.525468 0.400000
66.713796 6.693818 0.400000
18.110762 29.024308 0.400000
5.370129 32.344818 0.400000
20.210036 14.310121 0.400000


35.704193 15.608045 0.400000
20.098030 4.469674 0.400000
28.050032 23.966178 0.400000
54.752294 14.207563 0.400000
35.185018 21.566291 0.400000
44.404771 16.513607 0.400000
66.079408 7.424320 0.400000
18.405238 28.121688 0.400000
5.659589 31.386903 0.400000
21.244767 14.423929 0.400000


35.596588 15.588099 0.400000
20.034659 5.478345 0.400000
27.711703 22.977849 0.400000
53.884191 13.722226 0.400000
35.191098 22.558295 0.400000
44.670283 17.494330 0.400000
65.419680 8.133182 0.400000
18.655351 27.204126 0.400000
5.965189 30.434741 0.400000
22.279224 14.541458 0.400000


35.488437 15.569402 0.400000
19.946205 6.484534 0.400000
27.435346 21.971762 0.400000
53.022258 13.226161 0.400000
35.189926 23.550204 0.400000
44.958555 18.467086 0.400000
64.735346 8.819572 0.400000
18.860448 26.273715 0.400000
6.286828 29.488608 0.400000
23.313394 14.662706 0.400000


35.379777 15.551973 0.400000
19.832740 7.487611 0.400000
27.221979 20.951949 0.400000
52.166627 12.719444 0.400000
35.181503 24.541965 0.400000
45.269389 19.431328 0.400000
64.027169 9.482683 0.400000
19.019978 25.332576 0.400000
6.624401 28.548778 0.400000
24.347262 14.787673 0.400000


35.270644 15.535828 0.400000
19.694350 8.486946 0.400000
27.072353 19.922498 0.400000
51.317431 12.202155 0.400000
35.165829 25.533526 0.400000
45.602573 20.386515 0.400000
63.295938 10.121732 0.400000
19.133490 24.382853 0.400000
6.977796 27.615524 0.400000
25.380815 14.916358 0.400000


35.161070 15.520981 0.400000
19.531136 9.481911 0.400000
26.986959 18.887537 0.400000
50.474799 11.674373 0.400000
35.142906 26.524833 0.400000
45.957881 21.332111 0.400000
62.542468 10.735966 0.400000
19.200631 23.426709 0.400000
7.346899 26.689114 0.400000
26.414039 15.048758 0.400000


35.051088 15.507446 0.400000
19.343217 10.471884 0.400000
26.966018 17.851215 0.400000
49.638861 11.136180 0.400000
35.112737 27.515835 0.400000
46.335077 22.267584 0.400000
61.767598 11.324656 0.400000
19.221151 22.466323 0.400000
7.731590 25.769819 0.400000
27.446920 15.184874 0.400000


34.940726 15.495236 0.400000
19.130726 11.456242 0.400000
27.009483 16.817690 0.400000
48.809745 10.587661 0.400000
35.075324 28.506478 0.400000
46.733909 23.192410 0.400000
60.972191 11.887104 0.400000
19.194904 21.503880 0.400000
8.131745 24.857902 0.400000
28.479443 15.324703 0.400000


34.830013 15.484360 0.400000
18.893814 12.434368 0.400000
27.117040 15.791107 0.400000
47.987578 10.028901 0.400000
35.030669 29.496711 0.400000
47.154115 24.106070 0.400000
60.157132 12.422641 0.400000
19.121844 20.541572 0.400000
8.547236 23.953629 0.400000
29.511596 15.468244 0.400000


34.718976 15.474829 0.400000
18.632643 13.405648 0.400000
27.288108 14.775581 0.400000
47.172487 9.459986 0.400000
34.978776 30.486480 0.400000
47.595419 25.008053 0.400000
59.323329 12.930626 0.400000
19.002029 19.581590 0.400000
8.977928 23.057261 0.400000
30.543365 15.615497 0.400000


34.607641 15.466653 0.400000
18.347396 14.369474 0.400000
27.521844 13.775183 0.400000
46.364597 8.881005 0.400000
34.919649 31.475733 0.400000
48.057534 25.897852 0.400000
58.471711 13.410450 0.400000
18.835620 18.626119 0.400000
9.423686 22.169058 0.400000
31.574735 15.766459 0.400000


34.496032 15.459841 0.400000
18.038267 15.325241 0.400000
27.817141 12.793920 0.400000
45.564032 8.292047 0.400000
34.853290 32.464419 0.400000
48.540159 26.774969 0.400000
57.603226 13.861535 0.400000
18.622877 17.677336 0.400000
9.884365 21.289275 0.400000
32.605692 15.921128 0.400000


34.384173 15.454400 0.400000
17.663957 16.241068 0.400000
28.172640 11.835718 0.400000
44.770914 7.693205 0.400000
34.779706 33.452483 0.400000
49.042983 27.638915 0.400000
56.718840 14.283336 0.400000
18.385489 16.767273 0.400000
10.359821 20.418169 0.400000
33.636224 16.079504 0.400000


35.107713 15.514548 0.400000
16.644838 16.265937 0.400000
28.586727 10.904411 0.400000
43.985366 7.084570 0.400000
34.698899 0.439875 0.400000
49.565683 28.489204 0.400000
55.819539 14.675338 0.400000
17.447272 16.668390 0.400000
10.849901 19.555990 0.400000
34.244275 15.755476 0.400000


35.769236 15.621087 0.400000
15.648835 16.210576 0.400000
29.057549 10.003717 0.400000
43.207507 6.466238 0.400000
34.610876 1.426541 0.400000
50.107923 29.325363 0.400000
54.906324 15.037061 0.400000
16.421879 16.666990 0.400000
11.354452 18.702988 0.400000
34.939164 15.076797 0.400000


36.321975 15.749250 0.400000
14.654987 16.165828 0.400000
29.583015 9.137230 0.400000
42.437459 5.838304 0.400000
34.515642 2.412429 0.400000
50.669357 30.146924 0.400000
53.980210 15.368059 0.400000
15.393299 16.676566 0.400000
11.873313 17.859409 0.400000
35.666824 14.395642 0.400000


36.800191 15.890261 0.400000
13.663526 16.132100 0.400000
30.160806 8.308399 0.400000
41.675338 5.200865 0.400000
34.413202 3.397488 0.400000
51.249627 30.953428 0.400000
53.042229 15.667918 0.400000
14.361531 16.696722 0.400000
12.406321 17.025497 0.400000
36.397178 13.717068 0.400000


37.210274 16.034542 0.400000
13.010459 15.591717 0.400000
30.788387 7.520519 0.400000
40.921261 4.554022 0.400000
34.303563 4.381664 0.400000
51.848365 31.744426 0.400000
52.093426 15.936261 0.400000
13.320926 16.714359 0.400000
12.362976 16.214329 0.400000
37.130217 13.041084 0.400000


37.559181 16.175160 0.400000
12.589541 14.707836 0.400000
31.463016 6.776713 0.400000
40.175346 3.897873 0.400000
34.186732 5.364906 0.400000
52.465191 32.519477 0.400000
51.134856 16.172744 0.400000
12.274291 16.761319 0.400000
11.899400 15.296166 0.400000
37.865931 12.367701 0.400000


37.853850 16.307367 0.400000
12.191353 13.813064 0.400000
32.181754 6.079922 0.400000
39.437705 3.232520 0.400000
34.062715 6.347161 0.400000
53.099717 33.278149 0.400000
50.167586 16.377060 0.400000
11.229205 16.855067 0.400000
11.451392 14.370848 0.400000
38.604309 11.696929 0.400000


38.100845 16.428137 0.400000
11.816163 12.907976 0.400000
32.941480 5.432889 0.400000
38.708453 2.558068 0.400000
33.931519 7.328377 0.400000
53.751540 0.020020 0.400000
49.192694 16.548936 0.400000
10.187858 16.995477 0.400000
11.019074 13.438642 0.400000
39.345344 11.028777 0.400000


38.306165 16.535754 0.400000
11.464222 11.993156 0.400000
33.738902 4.838154 0.400000
37.987701 1.874619 0.400000
33.793153 8.308503 0.400000
54.420253 0.744678 0.400000
48.211263 16.688138 0.400000
9.152429 17.182325 0.400000
10.602562 12.499819 0.400000
40.089024 10.363256 0.400000


38.475166 16.629458 0.400000
11.135770 11.069192 0.400000
34.570571 4.298037 0.400000
37.275560 1.182281 0.400000
33.647625 9.287486 0.400000
55.105433 1.451721 0.400000
47.224386 16.794464 0.400000
8.125085 17.415283 0.400000
10.201965 11.554651 0.400000
40.835340 9.700375 0.400000


38.612562 16.709172 0.400000
10.831028 10.136681 0.400000
35.432896 3.814632 0.400000
36.572140 0.481160 0.400000
33.494943 10.265274 0.400000
55.806653 2.140757 0.400000
46.233163 16.867752 0.400000
7.107975 17.693921 0.400000
9.817391 10.603410 0.400000
41.584281 9.040144 0.400000


38.722452 16.775279 0.400000
10.550205 9.196221 0.400000
36.322160 3.389796 0.400000
35.877548 33.771365 0.400000
33.335115 11.241816 0.400000
56.523473 2.811404 0.400000
45.238695 16.907876 0.400000
6.103226 18.017710 0.400000
9.448942 9.646373 0.400000
42.335839 8.382573 0.400000


38.808381 16.828467 0.400000
10.293494 8.248419 0.400000
37.234530 3.025143 0.400000
35.191891 33.053005 0.400000
33.168152 12.217059 0.400000
57.255445 3.463291 0.400000
44.242091 16.914745 0.400000
5.112938 18.386022 0.400000
9.096714 8.683817 0.400000
43.090003 7.727672 0.400000


38.873403 16.869605 0.400000
10.061071 7.293884 0.400000
38.166081 2.722038 0.400000
34.515275 32.326193 0.400000
32.994062 13.190953 0.400000
58.002112 4.096059 0.400000
43.244458 16.888306 0.400000
4.139180 18.798133 0.400000
8.760799 7.716019 0.400000
43.846763 7.075450 0.400000


38.920141 16.899657 0.400000
9.853099 6.333230 0.400000
39.112807 2.481588 0.400000
33.847803 31.591041 0.400000
32.812856 14.163445 0.400000
58.763009 4.709359 0.400000
42.246908 16.828545 0.400000
3.183982 19.253219 0.400000
8.441286 6.743262 0.400000
44.606109 6.425917 0.400000


38.950850 16.919624 0.400000
9.669725 5.367077 0.400000
40.070638 2.304642 0.400000
33.189577 30.847661 0.400000
32.624545 15.134483 0.400000
59.537663 5.302853 0.400000
41.250551 16.735483 0.400000
2.249335 19.750366 0.400000
8.138255 5.765826 0.400000
45.368031 5.779083 0.400000


38.967467 16.930504 0.400000
9.511079 4.396045 0.400000
41.035458 2.191782 0.400000
32.540700 30.096171 0.400000
32.429137 16.104017 0.400000
60.325591 5.876215 0.400000
40.256496 16.609177 0.400000
1.337187 20.288565 0.400000
7.851786 4.783994 0.400000
46.132519 5.134957 0.400000


38.727069 16.778753 0.400000
9.377276 3.420759 0.400000
42.003123 2.143327 0.400000
31.901271 29.336685 0.400000
32.226646 17.071995 0.400000
61.126305 6.429132 0.400000
39.432261 16.164453 0.400000
0.449434 20.866718 0.400000
7.581951 3.798051 0.400000
46.899563 4.493548 0.400000


38.238740 16.500179 0.400000
9.268415 2.441847 0.400000
42.969477 2.159325 0.400000
31.271387 28.569322 0.400000
32.017082 18.038365 0.400000
61.939308 6.961300 0.400000
38.754321 15.390829 0.400000
67.587918 21.483640 0.400000
7.328819 2.808283 0.400000
47.669153 3.854867 0.400000


37.773184 16.270289 0.400000
9.184581 1.459939 0.400000
43.930369 2.239559 0.400000
30.651146 27.794200 0.400000
31.800458 19.003077 0.400000
62.764096 7.472429 0.400000
38.101182 14.594948 0.400000
66.754426 22.138060 0.400000
7.092451 1.814976 0.400000
48.441278 3.218923 0.400000


37.332220 16.082032 0.400000
9.125840 0.475666 0.400000
44.881670 2.383542 0.400000
30.040643 27.011438 0.400000
31.576784 19.966079 0.400000
63.600159 7.962242 0.400000
37.473572 13.777651 0.400000
65.950683 22.828625 0.400000
6.872907 0.818418 0.400000
49.215928 2.585725 0.400000


36.916509 15.929089 0.400000
9.092244 33.489661 0.400000
45.819291 2.590525 0.400000
29.439972 26.221159 0.400000
31.346075 20.927319 0.400000
64.446978 8.430473 0.400000
36.872191 12.939799 0.400000
65.178347 23.553904 0.400000
6.670239 33.818898 0.400000
49.993094 1.955283 0.400000


36.525865 15.805916 0.400000
9.083830 32.502559 0.400000
46.739203 2.859494 0.400000
28.849224 25.423485 0.400000
31.108343 21.886748 0.400000
65.304030 8.876868 0.400000
36.297708 12.082277 0.400000
64.439008 24.312388 0.400000
6.484496 32.816705 0.400000
50.772764 1.327605 0.400000


36.159512 15.707728 0.400000
9.100615 31.514995 0.400000
47.637446 3.189179 0.400000
28.268492 24.618538 0.400000
30.863601 22.844314 0.400000
66.170787 9.301187 0.400000
35.750764 11.205994 0.400000
63.734185 25.102497 0.400000
6.315722 31.812130 0.400000
51.554928 0.702702 0.400000


35.816282 15.630445 0.400000
9.142605 30.527604 0.400000
48.510152 3.578058 0.400000
27.697863 23.806444 0.400000
30.611863 23.799966 0.400000
67.046712 9.703203 0.400000
35.231969 10.311876 0.400000
63.065320 25.922581 0.400000
6.163954 30.805463 0.400000
52.339577 0.080583 0.400000


35.494773 15.570620 0.400000
9.209787 29.541022 0.400000
49.353561 4.024361 0.400000
27.137427 22.987327 0.400000
30.353143 24.753654 0.400000
67.931265 10.082701 0.400000
34.741902 9.400872 0.400000
62.433777 26.770923 0.400000
6.029225 29.796998 0.400000
53.126699 33.461256 0.400000


35.193456 15.525365 0.400000
9.302132 28.555882 0.400000
50.164032 4.526083 0.400000
26.587268 22.161315 0.400000
30.087455 25.705326 0.400000
0.823901 10.439480 0.400000
34.281110 8.473948 0.400000
61.840837 27.645746 0.400000
5.911565 28.787025 0.400000
53.916284 32.844731 0.400000


34.910762 15.492275 0.400000
9.419596 27.572818 0.400000
50.938062 5.080984 0.400000
26.047471 21.328536 0.400000
29.814815 26.654934 0.400000
1.724070 10.773351 0.400000
33.850105 7.532089 0.400000
61.287697 28.545214 0.400000
5.810997 27.775837 0.400000
54.708322 32.231018 0.400000


34.645135 15.469356 0.400000
9.562119 26.592464 0.400000
51.672301 5.686606 0.400000
25.518120 20.489117 0.400000
29.535237 27.602426 0.400000
2.631217 11.084138 0.400000
33.449370 6.576295 0.400000
60.775467 29.467437 0.400000
5.727538 26.763728 0.400000
55.502802 31.620125 0.400000


34.395072 15.454959 0.400000
9.729625 25.615450 0.400000
52.363561 6.340278 0.400000
24.999296 19.643189 0.400000
29.248737 28.547751 0.400000
3.544783 11.371682 0.400000
33.079353 5.607583 0.400000
60.305168 30.410475 0.400000
5.661203 25.750991 0.400000
56.299714 31.012061 0.400000


34.159149 15.447730 0.400000
9.922020 24.642404 0.400000
53.008836 7.039132 0.400000
24.491078 18.790884 0.400000
28.955331 29.490860 0.400000
4.464206 11.635833 0.400000
32.740466 4.626984 0.400000
59.877727 31.372344 0.400000
5.611998 24.737919 0.400000
57.099047 30.406836 0.400000


33.933364 15.445965 0.400000
10.139199 23.673952 0.400000
53.605310 7.780110 0.400000
23.993545 17.932331 0.400000
28.655035 30.431704 0.400000
5.388921 11.876458 0.400000
32.433088 3.635541 0.400000
59.493980 32.351017 0.400000
5.579928 23.724805 0.400000
57.900790 29.804458 0.400000


33.670390 15.437237 0.400000
10.381036 22.710718 0.400000
54.150369 8.559979 0.400000
23.506772 17.067665 0.400000
28.347866 31.370231 0.400000
6.318358 12.093435 0.400000
32.157563 2.634309 0.400000
59.154664 33.344429 0.400000
5.564991 22.711944 0.400000
58.704934 29.204937 0.400000


33.347379 15.410515 0.400000
10.647392 21.753321 0.400000
54.641614 9.375346 0.400000
23.030836 16.197018 0.400000
28.033840 32.306392 0.400000
7.251945 12.286657 0.400000
31.914199 1.624357 0.400000
58.860421 0.350486 0.400000
5.567180 21.699629 0.400000
59.511466 28.608282 0.400000


32.957214 15.354372 0.400000
10.938113 20.802378 0.400000
55.076870 10.222667 0.400000
22.565809 15.320526 0.400000
27.712976 33.240137 0.400000
8.189110 12.456032 0.400000
31.703270 0.606760 0.400000
58.611794 1.367063 0.400000
5.586483 20.688154 0.400000
60.320377 28.014500 0.400000


32.494774 15.252974 0.400000
11.253029 19.858500 0.400000
55.454192 11.098270 0.400000
22.111763 14.438324 0.400000
27.385290 0.171417 0.400000
9.129275 12.601479 0.400000
31.525012 33.582604 0.400000
58.409224 2.392015 0.400000
5.622883 19.677810 0.400000
61.131655 27.423602 0.400000


31.959239 15.085656 0.400000
11.591952 18.922295 0.400000
55.771880 11.998360 0.400000
21.668767 13.550547 0.400000
27.050801 1.100183 0.400000
10.071863 12.722934 0.400000
31.379626 32.552980 0.400000
58.253053 3.423177 0.400000
5.676359 18.668892 0.400000
61.945291 26.835596 0.400000


31.357283 14.827549 0.400000
11.954684 17.994366 0.400000
56.028479 12.919045 0.400000
21.236890 12.657335 0.400000
26.709527 2.026385 0.400000
11.016295 12.820346 0.400000
31.267274 31.518987 0.400000
58.143522 4.458369 0.400000
5.746882 17.661692 0.400000
62.761272 26.250490 0.400000


30.706709 14.452191 0.400000
12.341006 17.075310 0.400000
56.222788 13.856345 0.400000
20.816197 11.758823 0.400000
26.361488 2.949974 0.400000
11.961990 12.893676 0.400000
31.188085 30.481728 0.400000
58.080767 5.495406 0.400000
5.834422 16.656501 0.400000
63.579589 25.668294 0.400000


30.039194 13.936897 0.400000
12.750688 16.165719 0.400000
56.353867 14.806210 0.400000
20.406755 10.855152 0.400000
26.006701 3.870900 0.400000
12.908367 12.942901 0.400000
31.142149 29.442310 0.400000
58.064823 6.532094 0.400000
5.938942 15.653610 0.400000
64.400230 25.089016 0.400000


29.399900 13.270683 0.400000
13.183485 15.266179 0.400000
56.421038 15.764541 0.400000
20.008625 9.946460 0.400000
25.645187 4.789117 0.400000
13.854845 12.968012 0.400000
31.129520 28.401842 0.400000
58.095624 7.566244 0.400000
6.060399 14.653311 0.400000
65.223185 24.512665 0.400000


28.841657 12.462453 0.400000
13.639135 14.377269 0.400000
56.423886 16.727200 0.400000
19.621870 9.032889 0.400000
25.276966 5.704573 0.400000
14.800843 12.969013 0.400000
31.150213 27.361434 0.400000
58.172998 8.595671 0.400000
6.198746 13.655893 0.400000
66.048443 23.939250 0.400000


28.413320 11.545227 0.400000
14.117364 13.499561 0.400000
56.362268 17.690033 0.400000
19.246548 8.114580 0.400000
24.902057 6.617221 0.400000
15.745779 12.945923 0.400000
31.204209 26.322197 0.400000
58.296675 9.618200 0.400000
6.353933 12.661645 0.400000
66.875992 23.368778 0.400000


28.047665 10.596356 0.400000
14.617881 12.633621 0.400000
56.236306 18.648887 0.400000
18.882717 7.191673 0.400000
24.520481 7.527013 0.400000
16.689072 12.898775 0.400000
31.291450 25.285240 0.400000
58.466279 10.631671 0.400000
6.525901 11.670855 0.400000
67.705821 22.801259 0.400000


27.670177 9.653680 0.400000
15.140384 11.780007 0.400000
56.046391 19.599621 0.400000
18.530433 6.264313 0.400000
24.132260 8.433900 0.400000
17.630143 12.827614 0.400000
31.411841 24.251669 0.400000
58.681338 11.633945 0.400000
6.714590 10.683810 0.400000
0.537920 22.236701 0.400000


27.280940 8.717357 0.400000
15.684554 10.939270 0.400000
55.793177 20.538133 0.400000
18.189752 5.332641 0.400000
23.737413 9.337834 0.400000
18.568413 12.732503 0.400000
31.565252 23.222586 0.400000
58.941277 12.622906 0.400000
6.919932 9.700796 0.400000
1.372278 21.675112 0.400000


26.880041 7.787543 0.400000
16.250060 10.111951 0.400000
55.477585 21.460367 0.400000
17.860724 4.396802 0.400000
23.335964 10.238767 0.400000
19.503306 12.613515 0.400000
31.751514 22.199090 0.400000
59.245423 13.596469 0.400000
7.141857 8.722098 0.400000
2.208883 21.116502 0.400000


26.467568 6.864393 0.400000
16.836557 9.298584 0.400000
55.100794 22.362338 0.400000
17.543401 3.456941 0.400000
22.927934 11.136651 0.400000
20.434248 12.470738 0.400000
31.970422 21.182272 0.400000
59.593009 14.552581 0.400000
7.380287 7.748000 0.400000
3.047725 20.560877 0.400000


26.043609 5.948062 0.400000
17.443687 8.499693 0.400000
54.664236 23.240144 0.400000
17.237832 2.513203 0.400000
22.513344 12.031439 0.400000
21.360664 12.304275 0.400000
32.221738 20.173216 0.400000
59.983168 15.489229 0.400000
7.635142 6.778783 0.400000
3.888792 20.008247 0.400000


26.010020 5.243198 0.400000
18.071079 7.715794 0.400000
54.169593 24.089984 0.400000
16.944063 1.565734 0.400000
22.888125 12.891229 0.400000
21.996245 12.786024 0.400000
32.505183 19.172998 0.400000
60.414944 16.404440 0.400000
7.906335 5.814728 0.400000
4.732072 19.458620 0.400000


26.288401 4.757295 0.400000
18.718347 6.947392 0.400000
53.618788 24.908172 0.400000
16.662140 0.614679 0.400000
23.496443 13.688697 0.400000
22.606799 13.566708 0.400000
32.820445 18.182682 0.400000
60.887288 17.296292 0.400000
8.193776 4.856114 0.400000
5.577556 18.912004 0.400000


26.560813 4.340349 0.400000
19.385096 6.194985 0.400000
53.013978 25.691155 0.400000
16.392107 33.660185 0.400000
24.111112 14.481450 0.400000
23.224021 14.341420 0.400000
33.167177 17.203325 0.400000
61.399062 18.162909 0.400000
8.497369 3.903220 0.400000
6.425230 18.368407 0.400000


26.820054 3.985196 0.400000
20.070916 5.459057 0.400000
52.357543 26.435525 0.400000
16.134005 32.702401 0.400000
24.731830 15.269643 0.400000
23.848102 15.109870 0.400000
33.544996 16.235968 0.400000
61.949041 19.002475 0.400000
8.817014 2.956320 0.400000
7.275085 17.827838 0.400000


27.061238 3.684575 0.400000
20.775385 4.740084 0.400000
51.652079 27.138037 0.400000
15.887874 31.741474 0.400000
25.358511 16.053269 0.400000
24.479031 15.871951 0.400000
33.953486 15.281640 0.400000
62.535918 19.813232 0.400000
9.152605 2.015689 0.400000
8.127109 17.290304 0.400000


27.281349 3.431555 0.400000
21.498071 4.038530 0.400000
50.900386 27.795616 0.400000
15.653751 30.777553 0.400000
25.991176 16.832236 0.400000
25.116697 16.627652 0.400000
34.392194 14.341357 0.400000
63.158304 20.593483 0.400000
9.504033 1.081600 0.400000
8.981291 16.755814 0.400000


27.478826 3.219784 0.400000
22.238528 3.354851 0.400000
50.105456 28.405379 0.400000
15.431674 29.810786 0.400000
26.629461 17.606766 0.400000
25.761341 17.376613 0.400000
34.860636 13.416117 0.400000
63.814732 21.341600 0.400000
9.871184 0.154323 0.400000
9.837619 16.224376 0.400000


27.653185 3.043596 0.400000
22.996301 2.689486 0.400000
49.270459 28.964637 0.400000
15.221676 28.841322 0.400000
27.273177 18.376941 0.400000
26.413041 18.118628 0.400000
35.358295 12.506902 0.400000
64.503660 22.056025 0.400000
10.253938 33.234125 0.400000
10.696081 15.695997 0.400000


27.804711 2.898039 0.400000
23.770922 2.042868 0.400000
48.398735 29.470913 0.400000
15.023790 27.869312 0.400000
27.922025 19.142945 0.400000
27.071970 18.853377 0.400000
35.884620 11.614678 0.400000
65.223477 22.735274 0.400000
10.652172 32.321274 0.400000
11.556667 15.170686 0.400000


27.934217 2.778842 0.400000
24.561913 1.415414 0.400000
47.493772 29.921951 0.400000
14.838046 26.894905 0.400000
28.575704 19.904972 0.400000
27.738301 19.580532 0.400000
36.439029 10.740389 0.400000
65.972502 23.377940 0.400000
11.065757 31.416034 0.400000
12.419365 14.648450 0.400000


28.042851 2.682362 0.400000
25.368786 0.807532 0.400000
46.559202 30.315724 0.400000
14.664473 25.918252 0.400000
29.233560 20.663519 0.400000
28.412515 20.299417 0.400000
37.020910 9.884963 0.400000
66.748990 23.982695 0.400000
11.494561 30.518666 0.400000
13.284163 14.129297 0.400000


28.131963 2.605507 0.400000
26.191044 0.219615 0.400000
45.598775 30.650442 0.400000
14.503099 24.939504 0.400000
29.894362 21.419584 0.400000
29.095592 21.008778 0.400000
37.629617 9.049303 0.400000
67.551138 24.548297 0.400000
11.938448 29.629430 0.400000
14.151050 13.613236 0.400000


28.203002 2.545668 0.400000
27.028177 33.652045 0.400000
44.616351 30.924562 0.400000
14.353947 23.958811 0.400000
30.555775 22.175132 0.400000
29.789436 21.706219 0.400000
38.264478 8.234293 0.400000
0.377084 25.073586 0.400000
12.397274 28.748584 0.400000
15.020015 13.100273 0.400000


28.257441 2.500647 0.400000
27.879668 33.105190 0.400000
43.615881 31.136792 0.400000
14.217041 22.976326 0.400000
31.213397 22.933868 0.400000
30.497588 22.387194 0.400000
38.924791 7.440792 0.400000
1.224916 25.557493 0.400000
12.870895 27.876381 0.400000
15.891045 12.590418 0.400000


28.296737 2.468592 0.400000
28.744991 32.579405 0.400000
42.601392 31.286099 0.400000
14.092403 21.992199 0.400000
31.865441 23.697240 0.400000
31.221144 23.049616 0.400000
39.609823 6.669636 0.400000
2.092672 25.999039 0.400000
13.359161 27.013075 0.400000
16.764129 12.083676 0.400000


28.322290 2.447945 0.400000
29.623610 32.075033 0.400000
41.576966 31.371708 0.400000
13.980051 21.006584 0.400000
32.511874 24.465209 0.400000
31.959651 23.693117 0.400000
40.318818 5.921638 0.400000
2.978349 26.397338 0.400000
13.861915 26.158915 0.400000
17.639256 11.580057 0.400000


28.335431 2.437390 0.400000
30.514982 31.592402 0.400000
40.546730 31.393113 0.400000
13.880004 20.019631 0.400000
33.152663 25.237732 0.400000
32.712650 24.317345 0.400000
41.050990 5.197582 0.400000
3.879903 26.751599 0.400000
14.379001 25.314148 0.400000
18.516414 11.079567 0.400000


28.337403 2.435813 0.400000
31.418554 31.131826 0.400000
39.514834 31.350072 0.400000
13.792276 19.031494 0.400000
33.787775 26.014769 0.400000
33.479671 24.921953 0.400000
41.805529 4.498227 0.400000
4.795254 27.061127 0.400000
14.910254 24.479018 0.400000
19.395591 10.582214 0.400000


28.329365 2.442269 0.400000
32.333766 30.693605 0.400000
38.485434 31.242613 0.400000
13.716882 18.042325 0.400000
34.417176 26.796278 0.400000
34.260237 25.506611 0.400000
42.581598 3.824306 0.400000
5.722295 27.325324 0.400000
15.455507 23.653766 0.400000
20.276775 10.088006 0.400000


28.312382 2.455953 0.400000
33.260052 30.278026 0.400000
37.462676 31.071029 0.400000
13.653833 17.052277 0.400000
35.040836 27.582219 0.400000
35.053864 26.070997 0.400000
43.378340 3.176520 0.400000
6.658890 27.543694 0.400000
16.014590 22.838631 0.400000
21.159956 9.596950 0.400000


28.287433 2.476176 0.400000
34.196837 29.885362 0.400000
36.450680 30.835883 0.400000
13.603140 16.061502 0.400000
35.658721 28.372550 0.400000
35.860057 26.614803 0.400000
44.194870 2.555545 0.400000
7.602884 27.715840 0.400000
16.587326 22.033848 0.400000
22.045120 9.109053 0.400000


28.255413 2.502346 0.400000
35.143541 29.515868 0.400000
35.453518 30.538001 0.400000
13.564810 15.070154 0.400000
36.270801 29.167227 0.400000
36.678319 27.137730 0.400000
45.030286 1.962025 0.400000
8.552106 27.841466 0.400000
17.173537 21.239650 0.400000
22.932256 8.624324 0.400000


28.217136 2.533951 0.400000
36.099576 29.169789 0.400000
34.475203 30.178467 0.400000
13.538849 14.078386 0.400000
36.877044 29.966210 0.400000
37.508141 27.639495 0.400000
45.883661 1.396574 0.400000
9.504373 27.920378 0.400000
17.773039 20.456266 0.400000
23.821353 8.142768 0.400000


28.173342 2.570546 0.400000
37.064349 28.847351 0.400000
33.519670 29.758627 0.400000
13.525262 13.086350 0.400000
37.477418 30.769455 0.400000
38.349010 28.119825 0.400000
46.754051 0.859774 0.400000
10.457495 27.952484 0.400000
18.385645 19.683922 0.400000
24.712398 7.664395 0.400000


28.124702 2.611745 0.400000
38.037261 28.548767 0.400000
32.590757 29.280071 0.400000
13.524051 12.094200 0.400000
38.071894 31.576921 0.400000
39.200405 28.578459 0.400000
47.640492 0.352178 0.400000
11.409279 27.937797 0.400000
19.011163 18.922841 0.400000
25.605379 7.189210 0.400000


28.071823 2.657206 0.400000
39.017710 28.274235 0.400000
31.692192 28.744640 0.400000
13.535217 11.102090 0.400000
38.660440 32.388563 0.400000
40.061802 29.015150 0.400000
48.542001 33.874303 0.400000
12.357539 27.876430 0.400000
19.649399 18.173243 0.400000
26.500286 6.717221 0.400000


28.015255 2.706632 0.400000
40.005085 28.023937 0.400000
30.827578 28.154405 0.400000
13.558758 10.110171 0.400000
39.243026 33.204340 0.400000
40.932667 29.429664 0.400000
49.457580 33.426635 0.400000
13.300092 27.768600 0.400000
20.300155 17.435344 0.400000
27.397105 6.248435 0.400000


27.955494 2.759756 0.400000
40.998775 27.798040 0.400000
30.000377 27.511670 0.400000
13.594671 9.118598 0.400000
39.819624 0.024207 0.400000
41.812463 29.821778 0.400000
50.386214 33.009626 0.400000
14.234770 27.614623 0.400000
20.963227 16.709356 0.400000
28.295825 5.782859 0.400000


27.892988 2.816344 0.400000
41.998162 27.596696 0.400000
29.213893 26.818954 0.400000
13.642950 8.127524 0.400000
40.390202 0.848122 0.400000
42.700647 30.191283 0.400000
51.326875 32.623694 0.400000
15.159421 27.414920 0.400000
21.638410 15.995489 0.400000
29.196433 5.320501 0.400000


27.828142 2.876184 0.400000
43.002626 27.420040 0.400000
28.471263 26.078986 0.400000
13.703589 7.137101 0.400000
40.954732 1.676040 0.400000
43.596673 30.537984 0.400000
52.278520 32.269222 0.400000
16.071918 27.170010 0.400000
22.325495 15.293949 0.400000
30.098919 4.861367 0.400000


27.761320 2.939087 0.400000
44.011542 27.268192 0.400000
27.775442 25.294689 0.400000
13.776578 6.147482 0.400000
41.513185 2.507917 0.400000
44.499986 30.861699 0.400000
53.240096 31.946559 0.400000
16.970157 26.880511 0.400000
23.024269 14.604938 0.400000
31.003269 4.405464 0.400000


27.692853 3.004885 0.400000
45.024285 27.141257 0.400000
27.129188 24.469173 0.400000
13.861907 5.158821 0.400000
42.065533 3.343709 0.400000
45.410033 31.162258 0.400000
54.210536 31.656019 0.400000
17.852066 26.547139 0.400000
23.734515 13.928654 0.400000
31.909472 3.952800 0.400000


27.623038 3.073422 0.400000
46.040224 27.039323 0.400000
26.535055 23.605717 0.400000
13.959562 4.171269 0.400000
42.611747 4.183373 0.400000
46.326251 31.439506 0.400000
55.188766 31.397878 0.400000
18.715611 26.170707 0.400000
24.456013 13.265292 0.400000
32.817515 3.503380 0.400000


27.552143 3.144560 0.400000
47.058730 26.962462 0.400000
25.995379 22.707760 0.400000
14.069530 3.184980 0.400000
43.151799 5.026862 0.400000
47.248076 31.693300 0.400000
56.173702 31.172379 0.400000
19.558796 25.752122 0.400000
25.188541 12.615043 0.400000
33.727387 3.057213 0.400000


27.480411 3.218173 0.400000
48.079168 26.910733 0.400000
25.512271 21.778882 0.400000
14.191793 2.200106 0.400000
43.685662 5.874133 0.400000
48.174943 31.923513 0.400000
57.164252 30.979726 0.400000
20.379671 25.292382 0.400000
25.931871 11.978093 0.400000
34.639075 2.614305 0.400000


27.408061 3.294143 0.400000
49.100906 26.884174 0.400000
25.087607 20.822793 0.400000
14.326333 1.216798 0.400000
44.213308 6.725140 0.400000
49.106281 32.130029 0.400000
58.159319 30.820089 0.400000
21.176333 24.792577 0.400000
26.685776 11.354627 0.400000
35.552567 2.174662 0.400000


27.335290 3.372366 0.400000
50.123308 26.882812 0.400000
24.723017 19.843316 0.400000
14.473130 0.235209 0.400000
44.734711 7.579839 0.400000
50.041516 32.312748 0.400000
59.157800 30.693599 0.400000
21.946933 24.253885 0.400000
27.450021 10.744823 0.400000
36.467851 1.738291 0.400000


27.262279 3.452745 0.400000
51.145739 26.906654 0.400000
24.419884 18.844372 0.400000
14.632161 33.255490 0.400000
45.249844 8.438184 0.400000
50.980075 32.471583 0.400000
60.158588 30.600352 0.400000
22.689682 23.677567 0.400000
28.224372 10.148856 0.400000
37.384915 1.305200 0.400000


27.189190 3.535188 0.400000
52.167563 26.955694 0.400000
24.179336 17.829961 0.400000
14.803403 32.277792 0.400000
45.758680 9.300129 0.400000
51.921380 32.606460 0.400000
61.160576 30.540407 0.400000
23.402847 23.064968 0.400000
29.008590 9.566898 0.400000
38.303746 0.875393 0.400000


27.116170 3.619615 0.400000
53.188147 27.029908 0.400000
24.002238 16.804148 0.400000
14.986829 31.302267 0.400000
46.261194 10.165628 0.400000
52.864852 32.717320 0.400000
62.162652 30.513785 0.400000
24.084763 22.417513 0.400000
29.802434 8.999116 0.400000
39.224333 0.448879 0.400000


27.043353 3.705948 0.400000
54.206856 27.129257 0.400000
23.889194 15.771047 0.400000
15.182412 30.329064 0.400000
46.757361 11.034636 0.400000
53.809912 32.804118 0.400000
63.163707 30.520469 0.400000
24.733833 21.736703 0.400000
30.605658 8.445671 0.400000
40.146662 0.025664 0.400000


26.970860 3.794117 0.400000
55.223056 27.253685 0.400000
23.840540 14.734801 0.400000
15.390122 29.358335 0.400000
47.247154 11.907107 0.400000
54.755980 32.866823 0.400000
64.162631 30.560409 0.400000
25.348532 21.024111 0.400000
31.418017 7.906724 0.400000
41.070722 33.605754 0.400000


26.898803 3.884055 0.400000
56.236117 27.403122 0.400000
23.856346 13.699565 0.400000
15.609928 28.390229 0.400000
47.730548 12.782993 0.400000
55.702473 32.905416 0.400000
65.158316 30.633514 0.400000
25.927410 20.281381 0.400000
32.239260 7.382428 0.400000
41.996500 33.189155 0.400000


26.827281 3.975701 0.400000
57.245410 27.577481 0.400000
23.936411 12.669492 0.400000
15.841795 27.424896 0.400000
48.207521 13.662250 0.400000
56.648811 32.919896 0.400000
66.149661 30.739658 0.400000
26.469096 19.510222 0.400000
33.069134 6.872934 0.400000
42.923984 32.775874 0.400000


26.756388 4.068996 0.400000
58.250307 27.776658 0.400000
24.080270 11.648712 0.400000
16.085690 26.462484 0.400000
48.678046 14.544829 0.400000
57.594412 32.910273 0.400000
67.135566 30.878678 0.400000
26.972300 18.712408 0.400000
33.907386 6.378387 0.400000
43.853162 32.365917 0.400000


26.686208 4.163888 0.400000
59.250185 28.000534 0.400000
24.287191 10.641317 0.400000
16.341574 25.503143 0.400000
49.142100 15.430685 0.400000
58.538695 32.876572 0.400000
0.114940 31.050374 0.400000
27.435816 17.889766 0.400000
34.753758 5.898928 0.400000
44.784020 31.959291 0.400000


26.616818 4.260325 0.400000
60.244421 28.248977 0.400000
24.556181 9.651343 0.400000
16.609408 24.547020 0.400000
49.599659 16.319769 0.400000
59.481080 32.818830 0.400000
1.086696 31.254511 0.400000
27.858526 17.044184 0.400000
35.607990 5.434695 0.400000
45.716548 31.556002 0.400000


26.548288 4.358258 0.400000
61.232400 28.521834 0.400000
24.885987 8.682754 0.400000
16.889153 23.594264 0.400000
50.050701 17.212036 0.400000
60.420987 32.737102 0.400000
2.049758 31.490817 0.400000
28.239400 16.177595 0.400000
36.469820 4.985820 0.400000
46.650731 31.156056 0.400000


26.480685 4.457643 0.400000
62.213508 28.818942 0.400000
25.275106 7.739424 0.400000
17.180766 22.645020 0.400000
50.495202 18.107437 0.400000
61.357840 32.631454 0.400000
3.003060 31.758985 0.400000
28.577503 15.291981 0.400000
37.338983 4.552430 0.400000
47.586558 30.759459 0.400000


26.414069 4.558436 0.400000
63.187135 29.140119 0.400000
25.721786 6.825125 0.400000
17.484201 21.699437 0.400000
50.933140 19.005925 0.400000
62.291061 32.501966 0.400000
3.945544 32.058671 0.400000
28.871989 14.389365 0.400000
38.215214 4.134650 0.400000
48.524016 30.366217 0.400000


26.348496 4.660597 0.400000
64.152678 29.485169 0.400000
26.224036 5.943504 0.400000
17.799414 20.757659 0.400000
51.364492 19.907453 0.400000
63.220078 32.348733 0.400000
4.876168 32.389497 0.400000
29.122111 13.471806 0.400000
39.098244 3.732598 0.400000
49.463093 29.976337 0.400000


26.583626 4.308015 0.400000
65.109537 29.853881 0.400000
26.380926 5.181347 0.400000
18.126355 19.819833 0.400000
51.789237 20.811972 0.400000
64.144319 32.171863 0.400000
5.793899 32.751052 0.400000
29.327218 12.541397 0.400000
39.987802 3.346388 0.400000
50.403776 29.589824 0.400000


27.013667 3.742344 0.400000
66.057119 30.246028 0.400000
26.079380 4.199865 0.400000
18.464975 18.886104 0.400000
52.207353 21.719434 0.400000
65.063215 31.971479 0.400000
6.697721 33.142887 0.400000
29.486759 11.600260 0.400000
40.883616 2.976129 0.400000
51.346053 29.206684 0.400000


27.426214 3.275285 0.400000
66.994836 30.661369 0.400000
25.844964 3.184166 0.400000
18.815223 17.956615 0.400000
52.618819 22.629792 0.400000
65.976202 31.747716 0.400000
7.586633 33.564524 0.400000
29.600280 10.650539 0.400000
41.785412 2.621927 0.400000
52.289910 28.826924 0.400000


27.820833 2.883243 0.400000
67.922106 31.099648 0.400000
25.674069 2.157464 0.400000
19.177045 17.031510 0.400000
53.023614 23.542997 0.400000
66.882716 31.500722 0.400000
8.459650 0.015449 0.400000
29.667431 9.694396 0.400000
42.692913 2.283882 0.400000
53.235336 28.450549 0.400000


28.189868 2.556846 0.400000
0.838356 31.560595 0.400000
25.567272 1.123876 0.400000
19.550386 16.110932 0.400000
53.421718 24.459001 0.400000
67.782199 31.230662 0.400000
9.315805 0.495116 0.400000
29.687962 8.734011 0.400000
43.605843 1.962089 0.400000
54.182318 28.077564 0.400000


28.528552 2.286858 0.400000
1.743016 32.043923 0.400000
25.524884 0.087545 0.400000
19.935190 15.195023 0.400000
53.813110 25.377755 0.400000
0.674098 30.937712 0.400000
10.154151 1.002947 0.400000
29.661725 7.771568 0.400000
44.523921 1.656639 0.400000
55.130842 27.707977 0.400000


28.834407 2.064700 0.400000
2.635527 32.549336 0.400000
25.546947 33.052629 0.400000
20.331396 14.283925 0.400000
54.197771 26.299209 0.400000
1.557863 30.622060 0.400000
10.973757 1.538332 0.400000
29.588675 6.809260 0.400000
45.446868 1.367617 0.400000
56.080897 27.341792 0.400000


29.106663 1.882720 0.400000
3.515336 33.076518 0.400000
25.633237 32.023278 0.400000
20.738946 13.377778 0.400000
54.575682 27.223317 0.400000
2.432949 30.283910 0.400000
11.773717 2.100634 0.400000
29.468871 5.849277 0.400000
46.374400 1.095105 0.400000
57.032469 26.979015 0.400000


29.345767 1.734286 0.400000
4.381898 33.625143 0.400000
25.783261 31.003620 0.400000
21.157776 12.476723 0.400000
54.946822 28.150027 0.400000
3.298815 29.923477 0.400000
12.553144 2.689181 0.400000
29.302471 4.893805 0.400000
47.306235 0.839179 0.400000
57.985546 26.619651 0.400000


29.552984 1.613771 0.400000
5.234677 0.194871 0.400000
25.996261 29.997742 0.400000
21.587823 11.580899 0.400000
55.311174 29.079292 0.400000
4.154927 29.540991 0.400000
13.311176 3.303275 0.400000
29.089739 3.945020 0.400000
48.242087 0.599909 0.400000
58.940116 26.263708 0.400000


29.730089 1.516475 0.400000
6.073146 0.785347 0.400000
26.271220 29.009674 0.400000
22.029022 10.690444 0.400000
55.668720 30.011061 0.400000
5.000756 29.136692 0.400000
14.046974 3.942189 0.400000
28.831037 3.005084 0.400000
49.181670 0.377363 0.400000
59.896165 25.911189 0.400000


29.879144 1.438515 0.400000
6.896786 1.396204 0.400000
26.606861 28.043371 0.400000
22.481304 9.805496 0.400000
56.019440 30.945286 0.400000
5.835780 28.710836 0.400000
14.759721 4.605168 0.400000
28.526831 2.076137 0.400000
50.124698 0.171602 0.400000
60.853680 25.562100 0.400000


30.002336 1.376713 0.400000
7.705088 2.027061 0.400000
27.001654 27.102699 0.400000
22.944602 8.926191 0.400000
56.363319 31.881917 0.400000
6.659481 28.263689 0.400000
15.448630 5.291432 0.400000
28.177685 1.160298 0.400000
51.070883 33.982682 0.400000
61.812649 25.216448 0.400000


30.101870 1.328480 0.400000
8.497552 2.677527 0.400000
27.453825 26.191417 0.400000
23.418844 8.052665 0.400000
56.700337 32.820904 0.400000
7.471349 27.795529 0.400000
16.112939 6.000172 0.400000
27.784261 0.259656 0.400000
52.019934 33.810655 0.400000
62.773060 24.874236 0.400000


30.179890 1.291715 0.400000
9.273691 3.347195 0.400000
27.961361 25.313162 0.400000
23.903958 7.185055 0.400000
57.030479 33.762197 0.400000
8.270881 27.306650 0.400000
16.751910 6.730557 0.400000
27.347319 33.376267 0.400000
52.971563 33.655567 0.400000
63.734898 24.535472 0.400000


30.238441 1.264718 0.400000
10.033025 4.035648 0.400000
28.522018 24.471432 0.400000
24.399870 6.323492 0.400000
57.353728 0.705747 0.400000
9.057582 26.797354 0.400000
17.364838 7.481730 0.400000
26.867715 32.512148 0.400000
53.925478 33.517461 0.400000
64.698151 24.200159 0.400000


30.279442 1.246116 0.400000
10.775086 4.742456 0.400000
29.133333 23.669575 0.400000
24.906505 5.468111 0.400000
57.670068 1.651503 0.400000
9.830962 26.267956 0.400000
17.951045 8.252812 0.400000
26.346397 31.669276 0.400000
54.881389 33.396373 0.400000
65.662807 23.868303 0.400000


30.304668 1.234794 0.400000
11.499416 5.467178 0.400000
29.792629 22.910773 0.400000
25.423784 4.619045 0.400000
57.979482 2.599415 0.400000
10.590540 25.718783 0.400000
18.509881 9.042902 0.400000
25.784405 30.849578 0.400000
55.839004 33.292335 0.400000
66.628852 23.539910 0.400000


30.315751 1.229851 0.400000
12.205570 6.209363 0.400000
30.497033 22.198029 0.400000
25.951629 3.776423 0.400000
58.281956 3.549433 0.400000
11.335844 25.150175 0.400000
19.040729 9.851077 0.400000
25.182869 30.054934 0.400000
56.798030 33.205373 0.400000
67.596274 23.214984 0.400000


30.314185 1.230553 0.400000
12.893115 6.968545 0.400000
31.243482 21.534153 0.400000
26.489960 2.940377 0.400000
58.577474 4.501507 0.400000
12.066410 24.562481 0.400000
19.543001 10.676395 0.400000
24.543004 29.287167 0.400000
57.758174 33.135510 0.400000
0.565060 22.893531 0.400000


30.301324 1.236302 0.400000
13.561626 7.744251 0.400000
32.028741 20.921754 0.400000
27.038694 2.111036 0.400000
58.866022 5.455585 0.400000
12.781781 23.956061 0.400000
20.016143 11.517893 0.400000
23.866111 28.548042 0.400000
58.719144 33.082760 0.400000
1.535196 22.575556 0.400000


30.278395 1.246607 0.400000
14.210693 8.535995 0.400000
32.849410 20.363226 0.400000
27.597747 1.288528 0.400000
59.147585 6.411618 0.400000
13.481510 23.331288 0.400000
20.459631 12.374593 0.400000
23.153570 27.839260 0.400000
59.680645 33.047138 0.400000
2.506669 22.261064 0.400000


30.246510 1.261064 0.400000
14.839920 9.343283 0.400000
33.701945 19.860739 0.400000
28.167035 0.472979 0.400000
59.422149 7.369555 0.400000
14.165160 22.688545 0.400000
20.872975 13.245497 0.400000
22.406841 27.162456 0.400000
60.642385 33.028648 0.400000
3.479468 21.950059 0.400000


30.206667 1.279337 0.400000
15.448920 10.165609 0.400000
34.582668 19.416229 0.400000
28.746469 33.664518 0.400000
59.689701 8.329344 0.400000
14.832301 22.028224 0.400000
21.255718 14.129594 0.400000
21.627458 26.519195 0.400000
61.604069 33.027293 0.400000
4.453577 21.642547 0.400000


30.159767 1.301146 0.400000
16.037320 11.002460 0.400000
35.487784 19.031394 0.400000
29.335963 32.863267 0.400000
59.950227 9.290935 0.400000
15.482514 21.350728 0.400000
21.607439 15.025856 0.400000
20.817027 25.910970 0.400000
62.565405 33.043068 0.400000
5.428986 21.338532 0.400000


30.106621 1.326254 0.400000
16.604761 11.853310 0.400000
36.413396 18.707681 0.400000
29.935425 32.069352 0.400000
60.203715 10.254278 0.400000
16.115391 20.656470 0.400000
21.927749 15.933243 0.400000
19.977222 25.339195 0.400000
63.526099 33.075967 0.400000
6.405680 21.038019 0.400000


30.047957 1.354462 0.400000
17.150898 12.717628 0.400000
37.355523 18.446283 0.400000
30.544764 31.282895 0.400000
60.450152 11.219320 0.400000
16.730532 19.945874 0.400000
22.216295 16.850703 0.400000
19.109781 24.805204 0.400000
64.485857 33.125974 0.400000
7.383646 20.741014 0.400000


29.984429 1.385597 0.400000
17.675396 13.594872 0.400000
38.310115 18.248136 0.400000
31.163887 30.504018 0.400000
60.689526 12.186011 0.400000
17.327549 19.219372 0.400000
22.472758 17.777171 0.400000
18.216502 24.310250 0.400000
65.444386 33.193072 0.400000
8.362872 20.447521 0.400000


29.916624 1.419511 0.400000
18.177938 14.484493 0.400000
39.273069 18.113911 0.400000
31.792699 29.732841 0.400000
60.921824 13.154299 0.400000
17.906062 18.477406 0.400000
22.696857 18.711573 0.400000
17.299241 23.855499 0.400000
66.401394 33.277237 0.400000
9.343343 20.157543 0.400000


29.845069 1.456075 0.400000
18.658218 15.385934 0.400000
40.240249 18.044015 0.400000
32.431105 28.969484 0.400000
61.147037 14.124133 0.400000
18.465705 17.720425 0.400000
22.888344 19.652827 0.400000
16.359906 23.442031 0.400000
67.356589 33.378440 0.400000
10.325048 19.871088 0.400000


29.770239 1.495175 0.400000
19.164966 16.185527 0.400000
41.207501 18.038585 0.400000
33.079007 28.214064 0.400000
61.365151 15.095462 0.400000
19.024286 17.068262 0.400000
23.047011 20.599842 0.400000
15.400453 23.070831 0.400000
0.309679 33.496648 0.400000
11.307973 19.588157 0.400000


29.692560 1.536710 0.400000
20.180065 16.306968 0.400000
42.170669 18.097493 0.400000
33.736306 27.466699 0.400000
61.576158 16.068234 0.400000
19.961097 17.177848 0.400000
23.172683 21.551522 0.400000
14.422884 22.742797 0.400000
1.260372 33.631822 0.400000
12.292105 19.308757 0.400000


29.612414 1.580592 0.400000
21.195989 16.434074 0.400000
43.125616 18.220342 0.400000
34.402902 26.727505 0.400000
61.780047 17.042397 0.400000
20.904975 17.283601 0.400000
23.265222 22.506764 0.400000
13.429237 22.458729 0.400000
2.208380 33.783919 0.400000
13.277430 19.032892 0.400000


29.530144 1.626738 0.400000
22.211465 16.565007 0.400000
44.068239 18.406468 0.400000
35.078692 25.996595 0.400000
61.976807 18.017901 0.400000
21.849049 17.386597 0.400000
23.324530 23.464462 0.400000
12.421588 22.219330 0.400000
3.153411 33.952890 0.400000
14.263936 18.760565 0.400000


29.446061 1.675077 0.400000
23.226451 16.699974 0.400000
44.994484 18.654947 0.400000
35.763574 25.274083 0.400000
62.166430 18.994692 0.400000
22.793327 17.486628 0.400000
23.350541 24.423508 0.400000
11.402044 22.025207 0.400000
4.095177 0.138682 0.400000
15.251609 18.491783 0.400000


29.360442 1.725541 0.400000
24.240876 16.839409 0.400000
45.900368 18.964593 0.400000
36.457442 24.560082 0.400000
62.348906 19.972720 0.400000
23.737825 17.583253 0.400000
23.343231 25.382792 0.400000
10.372737 21.876868 0.400000
5.033391 0.341236 0.400000
16.240436 18.226548 0.400000


29.273539 1.778070 0.400000
25.254659 16.983771 0.400000
46.781992 19.333967 0.400000
37.160192 23.854700 0.400000
62.524226 20.951932 0.400000
24.682562 17.676007 0.400000
23.302609 26.341203 0.400000
9.335820 21.774720 0.400000
5.967765 0.560489 0.400000
17.230403 17.964865 0.400000


29.185578 1.832608 0.400000
26.267637 17.134044 0.400000
47.635556 19.761381 0.400000
37.871714 23.158048 0.400000
62.692382 21.932276 0.400000
25.627576 17.763894 0.400000
23.228722 27.297631 0.400000
8.293463 21.719066 0.400000
6.898015 0.796373 0.400000
18.221499 17.706738 0.400000


29.096763 1.889103 0.400000
27.279593 17.291443 0.400000
48.457379 20.244906 0.400000
38.591902 22.470234 0.400000
62.853366 22.913701 0.400000
26.572909 17.845680 0.400000
23.121657 28.250970 0.400000
7.247849 21.710113 0.400000
7.823856 1.048814 0.400000
19.213708 17.452172 0.400000


29.007279 1.947507 0.400000
28.290050 17.458700 0.400000
49.243911 20.782381 0.400000
39.320644 21.791364 0.400000
63.007170 23.896155 0.400000
27.518634 17.918596 0.400000
22.981533 29.200116 0.400000
6.201166 21.747960 0.400000
8.745005 1.317735 0.400000
20.207018 17.201171 0.400000


28.917291 2.007777 0.400000
29.298058 17.640783 0.400000
49.991747 21.371417 0.400000
40.057830 21.121543 0.400000
63.153787 24.879584 0.400000
28.464815 17.977582 0.400000
22.808510 30.143970 0.400000
5.155607 21.832606 0.400000
9.661180 1.603053 0.400000
21.201416 16.953738 0.400000


28.826952 2.069869 0.400000
30.301947 17.845184 0.400000
50.697646 22.009416 0.400000
40.803346 20.460876 0.400000
63.293210 25.863938 0.400000
29.411314 18.014966 0.400000
22.602781 31.081437 0.400000
4.113361 21.963948 0.400000
10.572100 1.904680 0.400000
22.196888 16.709878 0.400000


28.736398 2.133746 0.400000
31.300685 18.074257 0.400000
51.358539 22.693572 0.400000
41.557080 19.809464 0.400000
63.425433 26.849164 0.400000
30.357629 18.028237 0.400000
22.364577 32.011433 0.400000
3.076610 22.141779 0.400000
11.477489 2.222524 0.400000
23.193421 16.469595 0.400000


28.645755 2.199371 0.400000
32.293653 18.327866 0.400000
51.971546 23.420888 0.400000
42.318914 19.167408 0.400000
63.550450 27.835210 0.400000
31.303178 18.017406 0.400000
22.094166 32.932879 0.400000
2.047523 22.365792 0.400000
12.377067 2.556487 0.400000
24.191001 16.232893 0.400000


28.555134 2.266710 0.400000
33.280232 18.605856 0.400000
52.533984 24.188190 0.400000
43.088734 18.534809 0.400000
63.668253 28.822023 0.400000
32.247379 17.982497 0.400000
21.791851 33.844706 0.400000
1.028253 22.635576 0.400000
13.270560 2.906468 0.400000
25.189616 15.999775 0.400000


28.464641 2.335729 0.400000
34.259812 18.908060 0.400000
53.043382 24.992136 0.400000
43.866422 17.911764 0.400000
63.778840 29.809551 0.400000
33.189654 17.923552 0.400000
21.457969 0.745858 0.400000
0.020933 22.950622 0.400000
14.157695 3.272360 0.400000
26.189252 15.770245 0.400000


28.374369 2.406398 0.400000
35.231783 19.234293 0.400000
53.497488 25.829230 0.400000
44.651858 17.298369 0.400000
63.882203 30.797742 0.400000
34.129422 17.840622 0.400000
21.092893 1.635288 0.400000
67.027667 23.310322 0.400000
15.038200 3.654052 0.400000
27.189895 15.544308 0.400000


28.284405 2.478688 0.400000
36.195542 19.584355 0.400000
53.894282 26.695840 0.400000
45.444923 16.694721 0.400000
63.978340 31.786544 0.400000
35.066106 17.733776 0.400000
20.697033 2.511963 0.400000
66.050530 23.713968 0.400000
15.911804 4.051428 0.400000
28.191532 15.321966 0.400000


28.194828 2.552572 0.400000
37.150493 19.958033 0.400000
54.231980 27.588213 0.400000
46.245495 16.100912 0.400000
64.067244 32.775903 0.400000
35.999130 17.603095 0.400000
20.270829 3.374864 0.400000
65.091562 24.160758 0.400000
16.778240 4.464367 0.400000
29.194150 15.103225 0.400000


28.105712 2.628023 0.400000
38.096041 20.355096 0.400000
54.509044 28.502486 0.400000
47.053453 15.517035 0.400000
64.148914 33.765767 0.400000
36.927921 17.448674 0.400000
19.814757 4.222989 0.400000
64.152761 24.649794 0.400000
17.637244 4.892745 0.400000
30.197735 14.888086 0.400000


28.017123 2.705015 0.400000
39.031601 20.775300 0.400000
54.724190 29.434705 0.400000
47.868672 14.943181 0.400000
64.223344 0.756085 0.400000
37.851907 17.270622 0.400000
19.331980 5.054574 0.400000
63.236083 25.180085 0.400000
18.485953 5.337399 0.400000
31.202273 14.676554 0.400000


27.929125 2.783524 0.400000
39.956593 21.218386 0.400000
54.876390 30.380844 0.400000
48.691028 14.379438 0.400000
64.290533 1.746803 0.400000
38.770521 17.069062 0.400000
19.573034 5.962616 0.400000
62.343435 25.750551 0.400000
18.728977 6.269278 0.400000
32.207752 14.468633 0.400000


27.841774 2.863528 0.400000
40.870443 21.684081 0.400000
54.964877 31.336816 0.400000
49.520395 13.825894 0.400000
64.350476 2.737869 0.400000
39.683196 16.844130 0.400000
19.792567 6.898065 0.400000
61.476670 26.360023 0.400000
18.954527 7.220689 0.400000
33.214158 14.264325 0.400000


27.755126 2.945003 0.400000
41.772586 22.172097 0.400000
54.989150 32.298496 0.400000
50.356647 13.282636 0.400000
64.403173 3.729230 0.400000
40.589370 16.595976 0.400000
19.987170 7.838730 0.400000
60.637587 27.007247 0.400000
19.155894 8.178391 0.400000
34.221477 14.063635 0.400000


27.669230 3.027928 0.400000
42.662462 22.682130 0.400000
54.948975 33.261733 0.400000
51.199655 12.749747 0.400000
64.448621 4.720834 0.400000
41.488487 16.324764 0.400000
20.156658 8.783987 0.400000
59.827920 27.690886 0.400000
19.332987 9.141763 0.400000
35.229696 13.866565 0.400000


27.584132 3.112281 0.400000
43.539520 23.213866 0.400000
54.844385 0.222371 0.400000
52.049292 12.227310 0.400000
64.486818 5.712629 0.400000
42.379991 16.030670 0.400000
20.300852 9.733203 0.400000
59.049343 28.409524 0.400000
19.485742 10.110186 0.400000
36.238801 13.673119 0.400000


27.499878 3.198043 0.400000
44.403217 23.766974 0.400000
54.675682 1.176264 0.400000
52.905427 11.715407 0.400000
64.517764 6.704561 0.400000
43.263334 15.713885 0.400000
20.419564 10.685741 0.400000
58.303460 29.161666 0.400000
19.614135 11.083037 0.400000
37.248779 13.483301 0.400000


27.416509 3.285193 0.400000
45.253019 24.341111 0.400000
54.443434 2.119294 0.400000
53.767928 11.214117 0.400000
64.541457 7.696577 0.400000
44.137970 15.374613 0.400000
20.512575 11.640955 0.400000
57.591803 29.945747 0.400000
19.718205 12.059693 0.400000
38.259616 13.297113 0.400000


27.334064 3.373712 0.400000
46.088401 24.935920 0.400000
54.148473 3.047388 0.400000
54.636665 10.723518 0.400000
64.557897 8.688627 0.400000
45.003359 15.013068 0.400000
20.579926 12.598177 0.400000
56.915830 30.760128 0.400000
19.797766 13.039563 0.400000
39.271298 13.114558 0.400000


27.252580 3.463580 0.400000
46.908845 25.551030 0.400000
53.791892 3.956537 0.400000
55.511505 10.243687 0.400000
64.567084 9.680656 0.400000
45.858968 14.629482 0.400000
20.621225 13.556757 0.400000
56.276918 31.603107 0.400000
19.853093 14.022009 0.400000
40.283813 12.935641 0.400000


27.172092 3.554778 0.400000
47.713846 26.186060 0.400000
53.375039 4.842808 0.400000
56.392313 9.774698 0.400000
64.569018 10.672612 0.400000
46.704268 14.224096 0.400000
20.636401 14.516016 0.400000
55.676367 32.472917 0.400000
19.884173 15.006438 0.400000
41.297146 12.760363 0.400000


27.092635 3.647289 0.400000
48.502905 26.840612 0.400000
52.899515 5.702365 0.400000
57.278955 9.316625 0.400000
64.563701 11.664443 0.400000
47.538736 13.797166 0.400000
20.625336 15.475269 0.400000
55.115390 33.367734 0.400000
19.891076 15.992254 0.400000
42.311285 12.588728 0.400000


27.014239 3.741093 0.400000
49.275536 27.514280 0.400000
52.367163 6.531483 0.400000
58.171296 8.869538 0.400000
64.551133 12.656095 0.400000
48.361856 13.348958 0.400000
20.587827 16.433822 0.400000
54.595114 0.285679 0.400000
19.873987 16.978865 0.400000
43.326214 12.420739 0.400000


26.936937 3.836173 0.400000
50.031263 28.206644 0.400000
51.780063 7.326561 0.400000
59.069199 8.433507 0.400000
64.531315 13.647518 0.400000
49.173117 12.879753 0.400000
20.523416 17.390941 0.400000
54.116577 1.224820 0.400000
19.833380 17.965698 0.400000
44.341922 12.256399 0.400000


26.860757 3.932510 0.400000
50.769619 28.917270 0.400000
51.140522 8.084144 0.400000
59.972527 8.008601 0.400000
64.504250 14.638657 0.400000
49.972018 12.389842 0.400000
20.432019 18.345890 0.400000
53.680726 2.183181 0.400000
19.769392 18.952201 0.400000
45.358393 12.095711 0.400000


26.785729 4.030085 0.400000
51.490150 29.645716 0.400000
50.451066 8.800929 0.400000
60.881142 7.594886 0.400000
64.469939 15.629460 0.400000
50.758062 11.879530 0.400000
20.312828 19.297831 0.400000
53.288412 3.158743 0.400000
19.682916 19.937875 0.400000
46.375615 11.938677 0.400000


26.711879 4.128882 0.400000
52.192412 30.391527 0.400000
49.714427 9.473784 0.400000
61.794905 7.192425 0.400000
64.428386 16.619875 0.400000
51.530761 11.349132 0.400000
20.165654 20.245946 0.400000
52.940394 4.149449 0.400000
19.574265 20.922230 0.400000
47.393574 11.785300 0.400000


26.639234 4.228883 0.400000
52.875973 31.154237 0.400000
48.933535 10.099760 0.400000
62.713676 6.801283 0.400000
64.379593 17.609849 0.400000
52.289635 10.798977 0.400000
19.988188 21.189003 0.400000
52.637332 5.153210 0.400000
19.445930 21.905003 0.400000
48.412256 11.635583 0.400000


26.567820 4.330068 0.400000
53.540414 31.933369 0.400000
48.111503 10.676103 0.400000
63.637314 6.421520 0.400000
64.323564 18.599330 0.400000
53.034211 10.229403 0.400000
19.780460 22.126043 0.400000
52.379787 6.167908 0.400000
19.298090 22.885821 0.400000
49.431648 11.489529 0.400000


26.497663 4.432420 0.400000
54.185327 32.728435 0.400000
47.251615 11.200264 0.400000
64.565680 6.053195 0.400000
64.260303 19.588265 0.400000
53.764025 9.640761 0.400000
19.540272 23.055546 0.400000
52.168222 7.191399 0.400000
19.133235 23.864615 0.400000
50.451735 11.347141 0.400000


26.428785 4.535921 0.400000
54.810316 33.538940 0.400000
46.357312 11.669912 0.400000
65.498630 5.696367 0.400000
64.189813 20.576602 0.400000
54.478622 9.033413 0.400000
19.267895 23.976432 0.400000
52.002998 8.221522 0.400000
18.951403 24.841094 0.400000
51.472505 11.208420 0.400000


26.361212 4.640552 0.400000
55.414998 0.364375 0.400000
45.432180 12.082943 0.400000
66.436021 5.351091 0.400000
64.112099 21.564288 0.400000
55.177556 8.407729 0.400000
18.963632 24.887635 0.400000
51.884374 9.256101 0.400000
18.752636 25.814968 0.400000
52.493943 11.073370 0.400000


26.294966 4.746296 0.400000
55.999004 1.204224 0.400000
44.479930 12.437488 0.400000
67.377712 5.017421 0.400000
64.027167 22.551272 0.400000
55.860387 7.764095 0.400000
18.627825 25.788097 0.400000
51.812507 10.292950 0.400000
18.536980 26.785946 0.400000
53.516036 10.941992 0.400000


26.230069 4.853132 0.400000
56.561977 2.057962 0.400000
43.504389 12.731920 0.400000
0.323557 4.695409 0.400000
63.935021 23.537499 0.400000
56.526689 7.102903 0.400000
18.260849 26.676774 0.400000
51.787454 11.329878 0.400000
18.304489 27.753739 0.400000
54.538771 10.814290 0.400000


26.166545 4.961044 0.400000
57.103574 2.925054 0.400000
42.509478 12.964864 0.400000
1.273412 4.385106 0.400000
63.835667 24.522920 0.400000
57.176043 6.424556 0.400000
17.863114 27.552633 0.400000
51.809165 12.364694 0.400000
18.055218 28.718060 0.400000
55.562132 10.690265 0.400000


26.104414 5.070011 0.400000
57.623464 3.804956 0.400000
41.499201 13.135200 0.400000
2.227132 4.086561 0.400000
63.729111 25.507480 0.400000
57.808040 5.729469 0.400000
17.435063 28.414657 0.400000
51.877492 13.395211 0.400000
17.789230 29.678622 0.400000
56.586107 10.569921 0.400000


26.043697 5.180014 0.400000
58.217208 4.453622 0.400000
40.477624 13.242066 0.400000
3.184572 3.799821 0.400000
63.615360 26.491129 0.400000
58.547897 5.287839 0.400000
16.977175 29.261843 0.400000
51.992182 14.419252 0.400000
17.506592 30.635138 0.400000
57.610683 10.453258 0.400000


25.984416 5.291035 0.400000
59.228285 4.582357 0.400000
39.448861 13.284867 0.400000
4.145583 3.524930 0.400000
63.494420 27.473813 0.400000
59.491707 5.440778 0.400000
16.489961 30.093205 0.400000
52.152880 15.434655 0.400000
17.207376 31.587324 0.400000
58.635844 10.340280 0.400000


25.926590 5.403053 0.400000
60.242932 4.714034 0.400000
38.417056 13.263273 0.400000
5.110021 3.261932 0.400000
63.366298 28.455480 0.400000
60.431970 5.591877 0.400000
15.973964 30.907775 0.400000
52.359133 16.439275 0.400000
16.891658 32.534897 0.400000
59.661578 10.230989 0.400000


25.870240 5.516048 0.400000
61.257840 4.849532 0.400000
37.386364 13.177221 0.400000
6.077737 3.010869 0.400000
63.231003 29.436080 0.400000
61.371834 5.740236 0.400000
15.429760 31.704604 0.400000
52.610385 17.430992 0.400000
16.559519 33.477574 0.400000
60.687870 10.125386 0.400000


25.815385 5.630001 0.400000
62.272276 4.988805 0.400000
36.360938 13.026918 0.400000
7.048583 2.771781 0.400000
63.088542 30.415558 0.400000
62.312003 5.885899 0.400000
14.857956 32.482760 0.400000
52.905984 18.407714 0.400000
16.211046 0.415076 0.400000
61.714707 10.023474 0.400000


25.762044 5.744890 0.400000
63.286246 5.131687 0.400000
35.344907 12.812836 0.400000
8.022411 2.544704 0.400000
62.938923 31.393865 0.400000
63.252454 6.029029 0.400000
14.259188 33.241336 0.400000
53.245178 19.367383 0.400000
15.846330 1.347122 0.400000
62.742076 9.925255 0.400000


25.710237 5.860696 0.400000
64.299748 5.278082 0.400000
34.342362 12.535713 0.400000
8.999072 2.329675 0.400000
62.782155 32.370947 0.400000
64.193171 6.169719 0.400000
13.634125 33.979443 0.400000
53.627122 20.307975 0.400000
15.465468 2.273435 0.400000
63.769962 9.830731 0.400000


25.659981 5.977396 0.400000
65.312774 5.427964 0.400000
33.357338 12.196550 0.400000
9.978417 2.126729 0.400000
62.618247 33.346753 0.400000
65.134145 6.307995 0.400000
12.983463 0.696216 0.400000
54.050877 21.227512 0.400000
15.068558 3.193739 0.400000
64.798351 9.739903 0.400000


25.611295 6.094970 0.400000
66.325311 5.581334 0.400000
32.393796 11.796605 0.400000
10.960295 1.935897 0.400000
62.447209 0.321231 0.400000
66.075370 6.443851 0.400000
12.307928 1.390815 0.400000
54.515411 22.124058 0.400000
14.655708 4.107761 0.400000
65.827230 9.652774 0.400000


25.564196 6.213396 0.400000
67.337330 5.738312 0.400000
31.455608 11.337387 0.400000
11.539522 2.402930 0.400000
62.269050 1.294330 0.400000
67.016852 6.577165 0.400000
12.402170 2.153530 0.400000
55.019602 22.995732 0.400000
14.227026 5.015228 0.400000
66.856586 9.569345 0.400000


25.518702 6.332651 0.400000
0.348796 5.899024 0.400000
30.546542 10.820655 0.400000
11.998590 3.300084 0.400000
62.083781 2.265997 0.400000
67.958600 6.707809 0.400000
12.848090 3.009056 0.400000
55.562245 23.840704 0.400000
13.782627 5.915870 0.400000
67.886403 9.489618 0.400000


25.474831 6.452714 0.400000
1.359658 6.063720 0.400000
29.670244 10.248405 0.400000
12.438151 4.207001 0.400000
61.891412 3.236182 0.400000
0.900629 6.835527 0.400000
13.272478 3.874924 0.400000
56.142046 24.657203 0.400000
13.322631 6.809419 0.400000
0.916669 9.413594 0.400000


25.432598 6.573562 0.400000
2.369841 6.232755 0.400000
28.830224 9.622864 0.400000
12.858028 5.123239 0.400000
61.691954 4.204833 0.400000
1.842966 6.959958 0.400000
13.675061 4.750630 0.400000
56.757632 25.443522 0.400000
12.847162 7.695608 0.400000
1.947369 9.341276 0.400000


25.392021 6.695172 0.400000
3.379238 6.406672 0.400000
28.029839 8.946481 0.400000
13.258057 6.048351 0.400000
61.485418 5.171898 0.400000
2.785646 7.080550 0.400000
14.055576 5.635665 0.400000
57.407552 26.198018 0.400000
12.356347 8.574173 0.400000
2.978490 9.272666 0.400000


25.353115 6.817521 0.400000
4.387681 6.586309 0.400000
27.272286 8.221915 0.400000
13.638078 6.981893 0.400000
61.271816 6.137326 0.400000
3.728727 7.196451 0.400000
14.413776 6.529507 0.400000
58.090278 26.919121 0.400000
11.850321 9.444852 0.400000
4.010018 9.207763 0.400000


25.315896 6.940585 0.400000
5.394901 6.772992 0.400000
26.560578 7.452027 0.400000
13.997991 7.923399 0.400000
61.051161 7.101066 0.400000
4.672292 7.306309 0.400000
14.749379 7.431646 0.400000
58.804212 27.605330 0.400000
11.329219 10.307387 0.400000
5.041939 9.146571 0.400000


25.281243 7.057250 0.400000
6.400355 6.969357 0.400000
26.092841 6.687174 0.400000
14.337746 8.872389 0.400000
60.823464 8.063068 0.400000
5.616489 7.407440 0.400000
15.062071 8.341576 0.400000
59.547686 28.255223 0.400000
10.793184 11.161519 0.400000
6.074239 9.089090 0.400000


