64.984163 40.062560 0.400000
64.937323 42.074427 0.400000
64.681571 44.039553 0.400000
64.321577 45.947198 0.400000
63.753202 47.796992 0.400000
63.046808 49.682891 0.400000
62.264701 51.449732 0.400000
61.224744 53.119232 0.400000
60.219819 54.813271 0.400000
58.986694 56.297818 0.400000
57.586328 57.752976 0.400000
56.139376 59.027091 0.400000
54.648376 60.253907 0.400000
52.952574 61.376215 0.400000
51.264263 62.262219 0.400000
49.489303 63.127534 0.400000
47.637907 63.732556 0.400000
45.744556 64.352184 0.400000
43.801245 64.697334 0.400000
41.885516 64.947637 0.400000
39.902671 65.033452 0.400000
37.920745 64.940317 0.400000
35.987959 64.666628 0.400000
34.074824 64.267481 0.400000
32.154988 63.746826 0.400000
30.335381 63.019978 0.400000
28.596547 62.214217 0.400000
26.845333 61.272184 0.400000
25.211123 60.163634 0.400000
23.693329 58.931872 0.400000
22.244687 57.560571 0.400000
20.931083 56.151689 0.400000
19.726408 54.663796 0.400000
18.680580 52.980386 0.400000
17.683404 51.274880 0.400000
16.875463 49.477315 0.400000
16.269122 47.616430 0.400000
15.668530 45.777106 0.400000
15.301407 43.815955 0.400000
15.013814 41.887501 0.400000
15.040989 39.889922 0.400000
15.056942 37.889243 0.400000
15.325851 36.013551 0.400000
15.735676 34.102748 0.400000
16.241503 32.155350 0.400000
16.917775 30.344287 0.400000
17.744231 28.568909 0.400000
18.752158 26.832039 0.400000
19.850200 25.198220 0.400000
21.046762 23.681015 0.400000
22.398878 22.240576 0.400000
23.849363 20.962285 0.400000
25.378798 19.711484 0.400000
27.013481 18.661686 0.400000
28.716416 17.683900 0.400000
30.547617 16.830489 0.400000
32.397319 16.196925 0.400000
34.258471 15.693639 0.400000
36.162193 15.328125 0.400000
38.132438 15.074329 0.400000
40.118133 14.981435 0.400000
42.069141 15.069194 0.400000
43.975762 15.325611 0.400000
45.931675 15.715723 0.400000
47.868767 16.261199 0.400000
49.655896 16.918817 0.400000
51.422553 17.753890 0.400000
53.139343 18.697017 0.400000
54.792372 19.790495 0.400000
56.334779 21.005828 0.400000
57.734358 22.357661 0.400000
59.033117 23.776381 0.400000
60.305366 25.378615 0.400000
61.358021 27.021580 0.400000
62.335563 28.694610 0.400000
63.130047 30.511266 0.400000
63.749394 32.370029 0.400000
64.313074 34.269169 0.400000
64.694305 36.198052 0.400000
64.932041 38.152456 0.400000


65.016277 40.171693 0.400000
64.972817 42.135605 0.400000
64.686061 44.127768 0.400000
64.279727 46.060584 0.400000
63.677032 47.897502 0.400000
63.042855 49.759081 0.400000
62.275965 51.527780 0.400000
61.154139 53.165665 0.400000
60.174846 54.862998 0.400000
58.922408 56.372994 0.400000
57.540250 57.853088 0.400000
56.066683 59.094987 0.400000
54.582605 60.302757 0.400000
52.860118 61.459191 0.400000
51.209234 62.350218 0.400000
49.353553 63.162473 0.400000
47.515205 63.737933 0.400000
45.661790 64.348828 0.400000
43.674481 64.672595 0.400000
41.792381 64.961581 0.400000
39.865008 65.074567 0.400000
37.834313 64.964066 0.400000
35.911160 64.626030 0.400000
33.937893 64.278183 0.400000
32.035504 63.742822 0.400000
30.238876 63.017804 0.400000
28.503898 62.123255 0.400000
26.791532 61.192115 0.400000
25.140328 60.136701 0.400000
23.649010 58.929572 0.400000
22.179121 57.459497 0.400000
20.798305 56.071584 0.400000
19.703765 54.556275 0.400000
18.611762 52.916318 0.400000
17.652840 51.161727 0.400000
16.837074 49.369747 0.400000
16.280855 47.546294 0.400000
15.680314 45.682808 0.400000
15.267594 43.669416 0.400000
15.033149 41.804699 0.400000
15.037359 39.862864 0.400000
15.072401 37.798398 0.400000
15.366283 35.988977 0.400000
15.800230 34.010151 0.400000
16.289599 32.100938 0.400000
16.936961 30.301822 0.400000
17.780770 28.488478 0.400000
18.840151 26.806475 0.400000
19.890714 25.084506 0.400000
21.110260 23.662670 0.400000
22.458771 22.232590 0.400000
23.875797 20.929699 0.400000
25.429808 19.650053 0.400000
27.072930 18.597032 0.400000
28.828950 17.626616 0.400000
30.674501 16.821572 0.400000
32.451159 16.184794 0.400000
34.346900 15.651992 0.400000
36.275167 15.302861 0.400000
38.189567 15.046691 0.400000
40.216000 14.983087 0.400000
42.139992 15.061676 0.400000
44.082724 15.308597 0.400000
46.005080 15.755654 0.400000
47.994353 16.317015 0.400000
49.748347 16.960157 0.400000
51.531815 17.798248 0.400000
53.205817 18.728709 0.400000
54.893218 19.845291 0.400000
56.346648 21.070796 0.400000
57.819598 22.413373 0.400000
59.069318 23.834518 0.400000
60.345789 25.464120 0.400000
61.449164 27.126696 0.400000
62.364283 28.818518 0.400000
63.168990 30.596179 0.400000
63.793625 32.434765 0.400000
64.372068 34.338796 0.400000
64.739275 36.343144 0.400000
64.973547 38.251210 0.400000


64.995073 40.277585 0.400000
64.942482 42.222142 0.400000
64.668926 44.271683 0.400000
64.259796 46.177688 0.400000
63.673441 47.966172 0.400000
62.994435 49.852151 0.400000
62.258210 51.634866 0.400000
61.111304 53.213956 0.400000
60.144252 54.964722 0.400000
58.867207 56.442788 0.400000
57.514914 57.930223 0.400000
56.003397 59.156424 0.400000
54.538424 60.370195 0.400000
52.752071 61.501614 0.400000
51.111463 62.386842 0.400000
49.307709 63.186385 0.400000
47.361898 63.739666 0.400000
45.532919 64.297415 0.400000
43.609276 64.723258 0.400000
41.734451 64.908892 0.400000
39.732644 65.032567 0.400000
37.724942 64.879785 0.400000
35.784827 64.600851 0.400000
33.841543 64.235274 0.400000
31.909810 63.795227 0.400000
30.151654 62.968689 0.400000
28.407561 62.077265 0.400000
26.715114 61.190138 0.400000
25.040316 60.078944 0.400000
23.576199 58.849746 0.400000
22.045074 57.404320 0.400000
20.724911 55.990374 0.400000
19.697159 54.490614 0.400000
18.519095 52.880097 0.400000
17.596209 51.063335 0.400000
16.841138 49.275611 0.400000
16.272380 47.400448 0.400000
15.650188 45.594919 0.400000
15.258372 43.587078 0.400000
15.005602 41.688615 0.400000
15.023464 39.700384 0.400000
15.067173 37.681145 0.400000
15.372703 35.914446 0.400000
15.843823 33.897869 0.400000
16.326216 31.969155 0.400000
16.970978 30.201947 0.400000
17.831751 28.416208 0.400000
18.889825 26.729688 0.400000
19.947556 25.020035 0.400000
21.196452 23.649596 0.400000
22.527292 22.170737 0.400000
24.002974 20.888342 0.400000
25.530735 19.599209 0.400000
27.165098 18.540843 0.400000
28.901291 17.629776 0.400000
30.780245 16.770182 0.400000
32.586925 16.116983 0.400000
34.460847 15.617959 0.400000
36.375120 15.251198 0.400000
38.311041 15.061372 0.400000
40.322571 14.983266 0.400000
42.252942 15.092281 0.400000
44.181624 15.305301 0.400000
46.095020 15.822372 0.400000
48.099616 16.384933 0.400000
49.825754 17.007242 0.400000
51.611662 17.768373 0.400000
53.269082 18.759941 0.400000
54.965730 19.896961 0.400000
56.457639 21.110463 0.400000
57.912963 22.426302 0.400000
59.127270 23.899087 0.400000
60.428548 25.487815 0.400000
61.510297 27.236249 0.400000
62.438582 28.881448 0.400000
63.225519 30.698246 0.400000
63.790150 32.544601 0.400000
64.426480 34.411094 0.400000
64.739398 36.414139 0.400000
64.972111 38.345798 0.400000


65.008644 40.421719 0.400000
64.944887 42.337461 0.400000
64.633323 44.390752 0.400000
64.228515 46.277276 0.400000
63.635786 48.066646 0.400000
62.958862 49.997378 0.400000
62.194133 51.788353 0.400000
61.116951 53.349419 0.400000
60.065443 55.022168 0.400000
58.786027 56.554939 0.400000
57.418212 58.042830 0.400000
55.925321 59.278739 0.400000
54.477811 60.448268 0.400000
52.656635 61.572143 0.400000
50.997179 62.428446 0.400000
49.211731 63.245307 0.400000
47.254488 63.815344 0.400000
45.401106 64.278778 0.400000
43.454211 64.754897 0.400000
41.635071 64.896579 0.400000
39.656659 65.030004 0.400000
37.654154 64.872764 0.400000
35.694377 64.568487 0.400000
33.741676 64.217430 0.400000
31.787533 63.765049 0.400000
30.076602 62.955691 0.400000
28.339128 62.031838 0.400000
26.621751 61.151145 0.400000
24.949280 60.010464 0.400000
23.534249 58.750280 0.400000
21.971823 57.301781 0.400000
20.653911 55.892232 0.400000
19.633295 54.399360 0.400000
18.473427 52.848820 0.400000
17.553953 50.997771 0.400000
16.832887 49.217953 0.400000
16.241104 47.274600 0.400000
15.624565 45.482648 0.400000
15.256152 43.450517 0.400000
14.988006 41.561091 0.400000
15.050698 39.624586 0.400000
15.079516 37.562238 0.400000
15.386044 35.794683 0.400000
15.889485 33.753516 0.400000
16.379254 31.879514 0.400000
17.019823 30.121020 0.400000
17.878411 28.337052 0.400000
18.923177 26.653211 0.400000
20.018803 24.963962 0.400000
21.322155 23.556483 0.400000
22.604768 22.131308 0.400000
24.063525 20.811390 0.400000
25.599049 19.565151 0.400000
27.257708 18.508151 0.400000
28.989955 17.629557 0.400000
30.880832 16.724358 0.400000
32.676431 16.083625 0.400000
34.542025 15.587228 0.400000
36.445306 15.227507 0.400000
38.392400 15.053444 0.400000
40.416285 15.011034 0.400000
42.360722 15.124782 0.400000
44.325300 15.346513 0.400000
46.180822 15.895251 0.400000
48.183674 16.441599 0.400000
49.945344 17.053313 0.400000
51.719875 17.845725 0.400000
53.324761 18.816808 0.400000
55.045440 19.911897 0.400000
56.512490 21.196416 0.400000
57.944056 22.526485 0.400000
59.171270 24.019656 0.400000
60.496987 25.603020 0.400000
61.572666 27.349194 0.400000
62.434959 28.964225 0.400000
63.301117 30.761853 0.400000
63.832916 32.669242 0.400000
64.445371 34.517575 0.400000
64.767481 36.500426 0.400000
64.944939 38.430317 0.400000


65.039795 40.502369 0.400000
64.936596 42.415859 0.400000
64.628324 44.447459 0.400000
64.213503 46.364241 0.400000
63.602767 48.165701 0.400000
62.946110 50.110551 0.400000
62.121823 51.881885 0.400000
61.052784 53.446454 0.400000
60.021235 55.119627 0.400000
58.698467 56.643396 0.400000
57.348613 58.113708 0.400000
55.822612 59.349566 0.400000
54.414575 60.497069 0.400000
52.498174 61.653537 0.400000
50.906927 62.442124 0.400000
49.166736 63.317999 0.400000
47.143894 63.870689 0.400000
45.313571 64.281458 0.400000
43.342179 64.751530 0.400000
41.556285 64.939038 0.400000
39.620873 65.036340 0.400000
37.581538 64.882241 0.400000
35.578861 64.590826 0.400000
33.645319 64.224753 0.400000
31.656895 63.693359 0.400000
29.979901 62.894203 0.400000
28.287277 62.029893 0.400000
26.537648 61.096281 0.400000
24.839770 59.968976 0.400000
23.409038 58.651574 0.400000
21.908871 57.204439 0.400000
20.627662 55.817414 0.400000
19.580882 54.337962 0.400000
18.440929 52.763486 0.400000
17.496932 50.880327 0.400000
16.797453 49.154941 0.400000
16.202848 47.163259 0.400000
15.635534 45.393333 0.400000
15.288675 43.359479 0.400000
14.963705 41.486509 0.400000
15.042894 39.543179 0.400000
15.099827 37.466820 0.400000
15.400806 35.704864 0.400000
15.900533 33.638567 0.400000
16.398397 31.778659 0.400000
17.074907 30.037945 0.400000
17.954193 28.254098 0.400000
18.973155 26.591894 0.400000
20.063055 24.867665 0.400000
21.389452 23.488523 0.400000
22.708578 22.101757 0.400000
24.183805 20.754184 0.400000
25.683537 19.509986 0.400000
27.389346 18.482299 0.400000
29.100733 17.548460 0.400000
30.968053 16.658242 0.400000
32.794356 16.062384 0.400000
34.632490 15.555423 0.400000
36.594307 15.210233 0.400000
38.501042 15.050801 0.400000
40.546685 15.026362 0.400000
42.456965 15.102980 0.400000
44.390991 15.369221 0.400000
46.290780 15.978655 0.400000
48.266419 16.483182 0.400000
50.049230 17.094038 0.400000
51.791562 17.897899 0.400000
53.431324 18.828481 0.400000
55.101457 19.928875 0.400000
56.578208 21.285289 0.400000
57.985488 22.622653 0.400000
59.237467 24.125060 0.400000
60.518078 25.667930 0.400000
61.592382 27.384283 0.400000
62.477498 29.073170 0.400000
63.318632 30.853732 0.400000
63.843724 32.795410 0.400000
64.485099 34.637234 0.400000
64.785452 36.553038 0.400000
64.945367 38.566982 0.400000


64.981474 40.625992 0.400000
64.915326 42.507760 0.400000
64.629876 44.531495 0.400000
64.177471 46.422171 0.400000
63.552833 48.263148 0.400000
62.884571 50.175814 0.400000
62.101477 51.965340 0.400000
60.955872 53.515697 0.400000
59.995035 55.187606 0.400000
58.575055 56.679487 0.400000
57.257727 58.202090 0.400000
55.768917 59.436318 0.400000
54.349382 60.568211 0.400000
52.442451 61.692681 0.400000
50.801121 62.476231 0.400000
49.093056 63.350860 0.400000
47.016542 63.922410 0.400000
45.250759 64.325578 0.400000
43.256739 64.704118 0.400000
41.479812 64.985368 0.400000
39.554679 65.077692 0.400000
37.516427 64.841690 0.400000
35.479553 64.600144 0.400000
33.536832 64.222041 0.400000
31.600908 63.619085 0.400000
29.876344 62.863888 0.400000
28.216869 61.986035 0.400000
26.439795 60.992318 0.400000
24.717973 59.890382 0.400000
23.385980 58.571987 0.400000
21.811450 57.118811 0.400000
20.563963 55.717339 0.400000
19.529649 54.227223 0.400000
18.373227 52.688006 0.400000
17.449156 50.794413 0.400000
16.736133 49.045828 0.400000
16.173338 47.089986 0.400000
15.613114 45.300554 0.400000
15.266130 43.265911 0.400000
14.945988 41.356577 0.400000
15.035967 39.424196 0.400000
15.109078 37.381912 0.400000
15.396879 35.587931 0.400000
15.929184 33.522023 0.400000
16.454575 31.717005 0.400000
17.122432 29.959019 0.400000
17.989998 28.199103 0.400000
18.971749 26.507230 0.400000
20.112167 24.789493 0.400000
21.476530 23.422652 0.400000
22.730777 22.019311 0.400000
24.275350 20.692103 0.400000
25.716641 19.478072 0.400000
27.517650 18.406645 0.400000
29.200248 17.493322 0.400000
31.073975 16.646012 0.400000
32.888348 16.031063 0.400000
34.729669 15.493356 0.400000
36.733886 15.166536 0.400000
38.570913 15.022530 0.400000
40.635297 15.003670 0.400000
42.561663 15.114661 0.400000
44.431434 15.379516 0.400000
46.404750 16.063142 0.400000
48.353590 16.501306 0.400000
50.188272 17.072818 0.400000
51.874122 17.941089 0.400000
53.477639 18.873267 0.400000
55.183305 20.004336 0.400000
56.640692 21.398955 0.400000
58.037730 22.673288 0.400000
59.288610 24.169876 0.400000
60.608109 25.752700 0.400000
61.631916 27.451715 0.400000
62.534526 29.141488 0.400000
63.372523 31.013909 0.400000
63.895783 32.901358 0.400000
64.464948 34.793760 0.400000
64.841563 36.626049 0.400000
64.919602 38.642768 0.400000


64.979618 40.730220 0.400000
64.857782 42.571813 0.400000
64.612735 44.576583 0.400000
64.149112 46.485018 0.400000
63.519428 48.354071 0.400000
62.869911 50.226095 0.400000
62.031486 52.047138 0.400000
60.931047 53.583839 0.400000
59.932647 55.264932 0.400000
58.489887 56.794983 0.400000
57.185783 58.290745 0.400000
55.684951 59.512621 0.400000
54.184713 60.629297 0.400000
52.329906 61.712553 0.400000
50.689305 62.482798 0.400000
48.977147 63.360245 0.400000
46.944180 63.951161 0.400000
45.141683 64.409159 0.400000
43.202080 64.705690 0.400000
41.330354 64.975065 0.400000
39.482305 65.013711 0.400000
37.405566 64.783860 0.400000
35.346442 64.557866 0.400000
33.458192 64.193933 0.400000
31.471995 63.571418 0.400000
29.793037 62.857234 0.400000
28.104679 61.909898 0.400000
26.385496 60.919621 0.400000
24.648150 59.818244 0.400000
23.297196 58.522444 0.400000
21.728581 57.067829 0.400000
20.496308 55.678592 0.400000
19.452404 54.124861 0.400000
18.359322 52.636209 0.400000
17.431889 50.748818 0.400000
16.692663 48.960295 0.400000
16.121810 46.949730 0.400000
15.573842 45.258885 0.400000
15.235065 43.159459 0.400000
14.933200 41.223369 0.400000
15.068397 39.333321 0.400000
15.113636 37.312439 0.400000
15.456084 35.455915 0.400000
15.962078 33.431373 0.400000
16.505917 31.631054 0.400000
17.209725 29.868110 0.400000
18.016534 28.125121 0.400000
19.017721 26.425584 0.400000
20.187074 24.710094 0.400000
21.533985 23.332466 0.400000
22.785778 21.941754 0.400000
24.382625 20.594093 0.400000
25.759096 19.429589 0.400000
27.562663 18.355399 0.400000
29.252858 17.455848 0.400000
31.128695 16.615574 0.400000
33.022919 15.986822 0.400000
34.856685 15.431739 0.400000
36.835747 15.174761 0.400000
38.632177 15.042993 0.400000
40.723012 15.011020 0.400000
42.595189 15.108203 0.400000
44.593159 15.400087 0.400000
46.503115 16.131540 0.400000
48.468125 16.535632 0.400000
50.243326 17.151400 0.400000
51.979830 18.007572 0.400000
53.551221 18.911949 0.400000
55.238364 20.087854 0.400000
56.743406 21.441694 0.400000
58.087712 22.719236 0.400000
59.330671 24.279708 0.400000
60.663792 25.859550 0.400000
61.684949 27.572172 0.400000
62.604383 29.256293 0.400000
63.415159 31.155888 0.400000
63.940988 33.012924 0.400000
64.483016 34.931586 0.400000
64.865483 36.706207 0.400000
64.942770 38.772378 0.400000


64.946453 40.851154 0.400000
64.826337 42.691051 0.400000
64.602733 44.661229 0.400000
64.112297 46.546306 0.400000
63.484841 48.480373 0.400000
62.785210 50.302264 0.400000
61.955399 52.116280 0.400000
60.854482 53.674285 0.400000
59.817183 55.388393 0.400000
58.439419 56.885556 0.400000
57.152241 58.395241 0.400000
55.561290 59.551675 0.400000
54.050138 60.700830 0.400000
52.253286 61.749395 0.400000
50.595516 62.581380 0.400000
48.859569 63.368752 0.400000
46.855973 63.957486 0.400000
45.072009 64.413604 0.400000
43.135165 64.701647 0.400000
41.256098 64.982780 0.400000
39.418642 65.013446 0.400000
37.343781 64.714089 0.400000
35.266703 64.502374 0.400000
33.309951 64.146176 0.400000
31.347642 63.552046 0.400000
29.719210 62.829501 0.400000
28.024465 61.858669 0.400000
26.305464 60.871391 0.400000
24.606103 59.747706 0.400000
23.236736 58.451143 0.400000
21.677653 56.921824 0.400000
20.367017 55.580757 0.400000
19.413375 53.997272 0.400000
18.302057 52.517873 0.400000
17.427443 50.663318 0.400000
16.640727 48.905953 0.400000
16.131867 46.947382 0.400000
15.553722 45.183739 0.400000
15.203252 43.062252 0.400000
14.902025 41.136965 0.400000
15.083007 39.234842 0.400000
15.094801 37.205644 0.400000
15.472174 35.370232 0.400000
15.932556 33.314395 0.400000
16.517822 31.523486 0.400000
17.293708 29.817929 0.400000
18.094479 28.048133 0.400000
19.056195 26.312468 0.400000
20.203919 24.611095 0.400000
21.693035 23.231687 0.400000
22.839947 21.850743 0.400000
24.464410 20.533557 0.400000
25.831683 19.341332 0.400000
27.642069 18.284885 0.400000
29.345329 17.426160 0.400000
31.236025 16.600318 0.400000
33.072797 15.937977 0.400000
34.973115 15.424019 0.400000
36.956462 15.106924 0.400000
38.722188 15.019785 0.400000
40.867322 14.982791 0.400000
42.695960 15.150554 0.400000
44.659241 15.432867 0.400000
46.547587 16.159290 0.400000
48.515361 16.603140 0.400000
50.324881 17.183380 0.400000
52.088346 18.073579 0.400000
53.611555 18.933183 0.400000
55.307045 20.193952 0.400000
56.832038 21.541659 0.400000
58.142038 22.750224 0.400000
59.415872 24.406477 0.400000
60.665143 25.955767 0.400000
61.738463 27.658688 0.400000
62.625003 29.328697 0.400000
63.466685 31.252644 0.400000
63.969506 33.072616 0.400000
64.508863 35.053528 0.400000
64.874610 36.806908 0.400000
64.998356 38.833769 0.400000


64.948423 41.015047 0.400000
64.814903 42.780891 0.400000
64.583512 44.758730 0.400000
64.142963 46.654279 0.400000
63.405607 48.610263 0.400000
62.737383 50.353676 0.400000
61.859551 52.175388 0.400000
60.798378 53.738430 0.400000
59.763687 55.500977 0.400000
58.362057 56.977128 0.400000
57.070465 58.430437 0.400000
55.465813 59.592203 0.400000
53.978159 60.738149 0.400000
52.196219 61.826264 0.400000
50.508447 62.614429 0.400000
48.767539 63.415666 0.400000
46.772776 64.004057 0.400000
44.949480 64.390413 0.400000
43.061077 64.747136 0.400000
41.140612 64.956660 0.400000
39.302289 64.994863 0.400000
37.305162 64.680882 0.400000
35.184082 64.483052 0.400000
33.225058 64.107580 0.400000
31.278893 63.532576 0.400000
29.649880 62.790471 0.400000
27.921358 61.792142 0.400000
26.247908 60.814668 0.400000
24.477566 59.714905 0.400000
23.223474 58.338551 0.400000
21.582058 56.858559 0.400000
20.324049 55.496147 0.400000
19.342514 53.939860 0.400000
18.250166 52.475188 0.400000
17.401152 50.571330 0.400000
16.606712 48.799366 0.400000
16.054942 46.844033 0.400000
15.563854 45.036607 0.400000
15.200268 42.938604 0.400000
14.888374 41.024585 0.400000
15.076399 39.145785 0.400000
15.076834 37.120982 0.400000
15.508523 35.287453 0.400000
15.913866 33.234327 0.400000
16.589831 31.437090 0.400000
17.342171 29.736198 0.400000
18.137383 27.961030 0.400000
19.120559 26.191557 0.400000
20.235225 24.522030 0.400000
21.718771 23.172766 0.400000
22.883551 21.748395 0.400000
24.488916 20.421280 0.400000
25.955520 19.298186 0.400000
27.729629 18.250502 0.400000
29.449528 17.364278 0.400000
31.351539 16.511227 0.400000
33.150955 15.938201 0.400000
35.122237 15.431085 0.400000
37.055670 15.078538 0.400000
38.796179 15.012632 0.400000
40.981413 14.990342 0.400000
42.804200 15.179828 0.400000
44.791126 15.456878 0.400000
46.617268 16.136327 0.400000
48.585109 16.650481 0.400000
50.433933 17.191967 0.400000
52.185719 18.115119 0.400000
53.725649 18.989779 0.400000
55.386778 20.235622 0.400000
56.869818 21.630101 0.400000
58.246777 22.846818 0.400000
59.486580 24.481338 0.400000
60.724787 26.040131 0.400000
61.771184 27.794718 0.400000
62.635362 29.408517 0.400000
63.504715 31.362496 0.400000
63.992327 33.170513 0.400000
64.561702 35.185725 0.400000
64.922086 36.869445 0.400000
65.032300 38.933147 0.400000


64.920695 41.116003 0.400000
64.795211 42.914569 0.400000
64.580292 44.825431 0.400000
64.143337 46.711918 0.400000
63.359290 48.726026 0.400000
62.742990 50.458428 0.400000
61.795399 52.253543 0.400000
60.743245 53.802984 0.400000
59.709109 55.560581 0.400000
58.263178 57.034621 0.400000
57.002941 58.475206 0.400000
55.401496 59.695286 0.400000
53.834737 60.777641 0.400000
52.111768 61.905940 0.400000
50.408921 62.651598 0.400000
48.698119 63.431645 0.400000
46.675474 64.045804 0.400000
44.897639 64.393700 0.400000
42.983536 64.809842 0.400000
41.072189 64.960655 0.400000
39.220061 65.011622 0.400000
37.243263 64.660320 0.400000
35.115446 64.481756 0.400000
33.132455 64.027216 0.400000
31.192275 63.493924 0.400000
29.519541 62.748786 0.400000
27.839136 61.753756 0.400000
26.136246 60.769588 0.400000
24.422849 59.705222 0.400000
23.131187 58.280477 0.400000
21.498184 56.734583 0.400000
20.256322 55.431348 0.400000
19.312965 53.839843 0.400000
18.224043 52.355675 0.400000
17.339398 50.464455 0.400000
16.531476 48.717007 0.400000
16.032745 46.733871 0.400000
15.571058 44.926262 0.400000
15.179817 42.865123 0.400000
14.858437 40.924314 0.400000
15.107295 39.045539 0.400000
15.075305 36.988708 0.400000
15.525830 35.198582 0.400000
15.980923 33.105928 0.400000
16.586018 31.320647 0.400000
17.350211 29.668449 0.400000
18.167060 27.835885 0.400000
19.151697 26.101946 0.400000
20.298444 24.478567 0.400000
21.814093 23.102140 0.400000
22.958063 21.696141 0.400000
24.593138 20.374400 0.400000
26.055323 19.240731 0.400000
27.829176 18.175307 0.400000
29.569701 17.333603 0.400000
31.397106 16.477504 0.400000
33.219965 15.938365 0.400000
35.216377 15.472927 0.400000
37.184735 15.012921 0.400000
38.875850 15.030794 0.400000
41.014598 15.012095 0.400000
42.854190 15.218122 0.400000
44.892281 15.473345 0.400000
46.691586 16.120221 0.400000
48.686087 16.719896 0.400000
50.531582 17.222549 0.400000
52.263955 18.152238 0.400000
53.799607 19.024583 0.400000
55.453794 20.306541 0.400000
56.914324 21.697097 0.400000
58.317340 22.939365 0.400000
59.556221 24.557401 0.400000
60.792432 26.079169 0.400000
61.823801 27.882464 0.400000
62.654692 29.505506 0.400000
63.518222 31.461664 0.400000
63.962818 33.254482 0.400000
64.553586 35.276441 0.400000
64.945814 36.990649 0.400000
65.035071 39.039146 0.400000


64.893158 41.282990 0.400000
64.743879 42.988163 0.400000
64.523829 44.901166 0.400000
64.169571 46.816667 0.400000
63.327121 48.846971 0.400000
62.690337 50.546601 0.400000
61.718320 52.379343 0.400000
60.659532 53.874186 0.400000
59.682982 55.643468 0.400000
58.201309 57.145853 0.400000
56.931046 58.568181 0.400000
55.334661 59.774046 0.400000
53.744841 60.824659 0.400000
52.048270 61.968147 0.400000
50.283013 62.650664 0.400000
48.603551 63.415127 0.400000
46.607952 64.126772 0.400000
44.816561 64.372660 0.400000
42.888835 64.850119 0.400000
40.941789 64.994073 0.400000
39.139240 65.005724 0.400000
37.139214 64.687410 0.400000
35.053034 64.464730 0.400000
33.014535 64.000779 0.400000
31.156973 63.479813 0.400000
29.465959 62.696840 0.400000
27.733527 61.660621 0.400000
26.079188 60.728101 0.400000
24.406900 59.641991 0.400000
23.069238 58.187970 0.400000
21.500698 56.626593 0.400000
20.209830 55.347858 0.400000
19.262755 53.726902 0.400000
18.149330 52.274174 0.400000
17.256617 50.429483 0.400000
16.493214 48.610170 0.400000
16.004736 46.658466 0.400000
15.547922 44.812801 0.400000
15.165930 42.774321 0.400000
14.858098 40.854191 0.400000
15.123026 38.960460 0.400000
15.103050 36.895144 0.400000
15.550736 35.125210 0.400000
15.980391 33.037719 0.400000
16.632307 31.246731 0.400000
17.354561 29.587239 0.400000
18.218787 27.771443 0.400000
19.197833 26.017117 0.400000
20.381400 24.408991 0.400000
21.869716 23.000262 0.400000
22.970767 21.664619 0.400000
24.662633 20.311443 0.400000
26.120006 19.169109 0.400000
27.933828 18.154630 0.400000
29.629968 17.312984 0.400000
31.485981 16.419327 0.400000
33.346657 15.877997 0.400000
35.277088 15.463583 0.400000
37.288767 14.976879 0.400000
38.939906 15.037581 0.400000
41.143880 14.981198 0.400000
42.991788 15.261939 0.400000
45.002083 15.476093 0.400000
46.799642 16.153508 0.400000
48.761475 16.746610 0.400000
50.620116 17.273022 0.400000
52.288360 18.202597 0.400000
53.870053 19.015295 0.400000
55.580243 20.385767 0.400000
57.013362 21.743998 0.400000
58.419624 23.067215 0.400000
59.627237 24.606347 0.400000
60.839655 26.173715 0.400000
61.911340 27.977184 0.400000
62.691520 29.607126 0.400000
63.583030 31.569088 0.400000
63.991300 33.332703 0.400000
64.597442 35.362357 0.400000
64.984838 37.110877 0.400000
65.037628 39.140219 0.400000


64.873461 41.351253 0.400000
64.747106 43.078708 0.400000
64.487800 45.002200 0.400000
64.184180 46.904561 0.400000
63.287206 48.971168 0.400000
62.706253 50.649170 0.400000
61.717965 52.456128 0.400000
60.625890 53.983563 0.400000
59.588138 55.698117 0.400000
58.147560 57.217711 0.400000
56.844479 58.659541 0.400000
55.287276 59.802153 0.400000
53.694844 60.868324 0.400000
52.007040 62.057006 0.400000
50.198428 62.700300 0.400000
48.512661 63.469010 0.400000
46.533249 64.134125 0.400000
44.701549 64.386010 0.400000
42.756669 64.860164 0.400000
40.858913 64.951262 0.400000
39.020775 65.049918 0.400000
37.020204 64.617710 0.400000
34.988753 64.447293 0.400000
32.926100 63.973024 0.400000
31.089243 63.428690 0.400000
29.360043 62.621723 0.400000
27.624437 61.634544 0.400000
26.020892 60.672850 0.400000
24.372026 59.588815 0.400000
22.969245 58.132372 0.400000
21.424503 56.519915 0.400000
20.173510 55.254852 0.400000
19.268495 53.673014 0.400000
18.142147 52.160457 0.400000
17.192850 50.349888 0.400000
16.447469 48.521287 0.400000
15.903612 46.564041 0.400000
15.515425 44.761799 0.400000
15.108160 42.693149 0.400000
14.873602 40.735197 0.400000
15.135318 38.907916 0.400000
15.125531 36.777611 0.400000
15.592089 35.029017 0.400000
16.004321 32.945145 0.400000
16.698232 31.162887 0.400000
17.415618 29.489700 0.400000
18.265763 27.738755 0.400000
19.265103 25.931715 0.400000
20.463027 24.317788 0.400000
21.954963 22.971817 0.400000
23.052983 21.624662 0.400000
24.732807 20.291814 0.400000
26.204085 19.150343 0.400000
28.022393 18.070874 0.400000
29.721426 17.255233 0.400000
31.566751 16.429887 0.400000
33.450614 15.814707 0.400000
35.342509 15.439364 0.400000
37.419165 14.991248 0.400000
39.010322 15.015720 0.400000
41.208740 15.009895 0.400000
43.106023 15.263416 0.400000
45.109777 15.446436 0.400000
46.950918 16.192328 0.400000
48.854574 16.771144 0.400000
50.731207 17.332867 0.400000
52.399212 18.234598 0.400000
53.952834 19.077486 0.400000
55.615420 20.478744 0.400000
57.064070 21.773659 0.400000
58.525398 23.127314 0.400000
59.686431 24.673500 0.400000
60.908829 26.242462 0.400000
61.968522 28.073462 0.400000
62.736172 29.682896 0.400000
63.640060 31.650085 0.400000
64.027687 33.457801 0.400000
64.633609 35.430034 0.400000
64.999605 37.189349 0.400000
65.017376 39.203715 0.400000


64.856810 41.493066 0.400000
64.769335 43.158927 0.400000
64.468086 45.090427 0.400000
64.147346 46.994763 0.400000
63.245955 49.058131 0.400000
62.641685 50.750822 0.400000
61.658693 52.517710 0.400000
60.585282 54.028650 0.400000
59.499869 55.787550 0.400000
58.066281 57.281413 0.400000
56.774382 58.716762 0.400000
55.221136 59.853618 0.400000
53.578335 60.919995 0.400000
51.906037 62.134955 0.400000
50.106531 62.708713 0.400000
48.450542 63.462728 0.400000
46.456938 64.175741 0.400000
44.558205 64.380096 0.400000
42.660353 64.861455 0.400000
40.715803 64.979789 0.400000
38.899822 65.080646 0.400000
36.922184 64.590096 0.400000
34.893048 64.466121 0.400000
32.829757 63.948561 0.400000
31.001179 63.459636 0.400000
29.291711 62.545659 0.400000
27.521141 61.537929 0.400000
25.924204 60.628746 0.400000
24.268291 59.525008 0.400000
22.931221 58.058134 0.400000
21.368691 56.455605 0.400000
20.095584 55.199928 0.400000
19.238124 53.602135 0.400000
18.150853 52.077993 0.400000
17.121117 50.222377 0.400000
16.418396 48.458743 0.400000
15.854845 46.467374 0.400000
15.466421 44.674428 0.400000
15.069644 42.559150 0.400000
14.846709 40.650559 0.400000
15.155857 38.814209 0.400000
15.167022 36.668489 0.400000
15.609144 34.885646 0.400000
16.057891 32.848815 0.400000
16.721989 31.018028 0.400000
17.441087 29.433478 0.400000
18.286587 27.652814 0.400000
19.334240 25.860898 0.400000
20.553632 24.206486 0.400000
22.047792 22.862131 0.400000
23.117303 21.579362 0.400000
24.802181 20.236079 0.400000
26.268319 19.043690 0.400000
28.181674 18.026242 0.400000
29.795064 17.211935 0.400000
31.679991 16.382124 0.400000
33.542229 15.760637 0.400000
35.448892 15.418143 0.400000
37.477972 15.002511 0.400000
39.070138 15.004741 0.400000
41.344719 14.996071 0.400000
43.190986 15.330516 0.400000
45.198096 15.487781 0.400000
47.010034 16.184282 0.400000
48.934590 16.827256 0.400000
50.822764 17.384847 0.400000
52.488947 18.318833 0.400000
54.051403 19.134279 0.400000
55.625443 20.558982 0.400000
57.097582 21.881122 0.400000
58.572199 23.180427 0.400000
59.748256 24.711952 0.400000
60.978268 26.272036 0.400000
61.976171 28.179159 0.400000
62.807388 29.764390 0.400000
63.664847 31.772881 0.400000
64.033252 33.524760 0.400000
64.606201 35.506760 0.400000
65.031941 37.228267 0.400000
65.005329 39.285166 0.400000


64.875311 41.594228 0.400000
64.726863 43.292364 0.400000
64.425146 45.205923 0.400000
64.104564 47.053753 0.400000
63.239691 49.115137 0.400000
62.610140 50.869789 0.400000
61.589019 52.574866 0.400000
60.513498 54.082703 0.400000
59.420303 55.845372 0.400000
58.040581 57.355767 0.400000
56.741460 58.824012 0.400000
55.105384 59.883145 0.400000
53.478882 60.998056 0.400000
51.811639 62.226009 0.400000
50.004213 62.753881 0.400000
48.331291 63.471099 0.400000
46.422714 64.185301 0.400000
44.536027 64.389876 0.400000
42.586920 64.855355 0.400000
40.645438 65.007167 0.400000
38.787604 65.103081 0.400000
36.816743 64.564312 0.400000
34.777775 64.431189 0.400000
32.759550 63.889400 0.400000
30.914173 63.443695 0.400000
29.263685 62.513941 0.400000
27.402048 61.504541 0.400000
25.859688 60.628789 0.400000
24.198471 59.489291 0.400000
22.863464 57.977659 0.400000
21.316606 56.353514 0.400000
20.058661 55.174247 0.400000
19.135061 53.466462 0.400000
18.075224 52.016179 0.400000
17.126792 50.140222 0.400000
16.386479 48.360614 0.400000
15.823279 46.357542 0.400000
15.424393 44.554921 0.400000
15.048797 42.438059 0.400000
14.827921 40.542930 0.400000
15.110878 38.705283 0.400000
15.162300 36.572239 0.400000
15.641716 34.748826 0.400000
16.095144 32.744083 0.400000
16.780651 30.939884 0.400000
17.453517 29.375797 0.400000
18.386037 27.614841 0.400000
19.443522 25.795866 0.400000
20.637984 24.152211 0.400000
22.113396 22.789884 0.400000
23.188580 21.487320 0.400000
24.915514 20.219226 0.400000
26.362409 18.962960 0.400000
28.262056 17.980080 0.400000
29.855153 17.172046 0.400000
31.749062 16.258361 0.400000
33.632735 15.767255 0.400000
35.578555 15.402489 0.400000
37.583798 14.934995 0.400000
39.161753 15.012831 0.400000
41.452104 14.999563 0.400000
43.279536 15.344280 0.400000
45.298619 15.478669 0.400000
47.133141 16.177299 0.400000
49.050307 16.857931 0.400000
50.903506 17.436621 0.400000
52.544566 18.350993 0.400000
54.117364 19.194521 0.400000
55.675807 20.598049 0.400000
57.188846 21.970852 0.400000
58.678532 23.256058 0.400000
59.740539 24.792845 0.400000
61.042840 26.372109 0.400000
62.004451 28.248833 0.400000
62.832375 29.854858 0.400000
63.704171 31.872475 0.400000
64.049595 33.610940 0.400000
64.587826 35.600927 0.400000
65.041143 37.337890 0.400000
65.033215 39.400258 0.400000


64.872053 41.672520 0.400000
64.690695 43.359960 0.400000
64.429523 45.301992 0.400000
64.064697 47.196825 0.400000
63.202275 49.189652 0.400000
62.586092 50.924719 0.400000
61.555821 52.713806 0.400000
60.451391 54.168228 0.400000
59.376739 55.948314 0.400000
57.978836 57.428664 0.400000
56.661270 58.936850 0.400000
55.022595 59.885184 0.400000
53.416209 61.080738 0.400000
51.706232 62.299731 0.400000
49.909081 62.748898 0.400000
48.259008 63.487884 0.400000
46.318711 64.184081 0.400000
44.441515 64.388997 0.400000
42.490352 64.887091 0.400000
40.528176 65.028133 0.400000
38.612393 65.119606 0.400000
36.717931 64.537192 0.400000
34.726180 64.380132 0.400000
32.640934 63.834326 0.400000
30.812379 63.411895 0.400000
29.128789 62.483418 0.400000
27.354165 61.490059 0.400000
25.783060 60.596211 0.400000
24.162435 59.404508 0.400000
22.807748 57.941814 0.400000
21.274431 56.348323 0.400000
20.013230 55.106670 0.400000
19.089045 53.428628 0.400000
18.010825 51.992503 0.400000
17.062865 50.064578 0.400000
16.419388 48.291654 0.400000
15.775924 46.234532 0.400000
15.390545 44.474661 0.400000
15.064139 42.345847 0.400000
14.807482 40.434235 0.400000
15.086170 38.615237 0.400000
15.095397 36.514382 0.400000
15.704029 34.643386 0.400000
16.153110 32.621329 0.400000
16.731662 30.830652 0.400000
17.515492 29.309664 0.400000
18.455728 27.547269 0.400000
19.507008 25.686511 0.400000
20.741300 24.068143 0.400000
22.163866 22.708218 0.400000
23.257839 21.438470 0.400000
25.032963 20.161586 0.400000
26.436446 18.941536 0.400000
28.313428 17.954313 0.400000
29.916489 17.127193 0.400000
31.839222 16.244317 0.400000
33.751728 15.733099 0.400000
35.725680 15.393988 0.400000
37.683610 14.900765 0.400000
39.230871 14.961664 0.400000
41.571174 15.062247 0.400000
43.390959 15.368521 0.400000
45.429454 15.486164 0.400000
47.276681 16.188902 0.400000
49.174331 16.885657 0.400000
50.998258 17.475036 0.400000
52.651793 18.365862 0.400000
54.188196 19.221921 0.400000
55.752302 20.685912 0.400000
57.260535 22.021043 0.400000
58.799248 23.341525 0.400000
59.835357 24.855868 0.400000
61.127433 26.453801 0.400000
62.017407 28.316408 0.400000
62.884368 29.884657 0.400000
63.769537 32.013935 0.400000
64.073144 33.723265 0.400000
64.636270 35.696125 0.400000
65.075315 37.414695 0.400000
65.000105 39.491533 0.400000


64.835157 41.761663 0.400000
64.639658 43.460986 0.400000
64.427217 45.434375 0.400000
63.987506 47.291454 0.400000
63.192553 49.239709 0.400000
62.580265 51.031191 0.400000
61.532404 52.810056 0.400000
60.395980 54.272025 0.400000
59.273306 56.057416 0.400000
57.915520 57.546553 0.400000
56.538928 59.003555 0.400000
54.942222 59.985512 0.400000
53.348807 61.148698 0.400000
51.593952 62.342314 0.400000
49.841126 62.750993 0.400000
48.131474 63.487687 0.400000
46.256914 64.193129 0.400000
44.313140 64.423332 0.400000
42.374553 64.878048 0.400000
40.440055 65.022202 0.400000
38.501340 65.114347 0.400000
36.612896 64.555300 0.400000
34.640573 64.351419 0.400000
32.542757 63.802986 0.400000
30.732939 63.389572 0.400000
29.068975 62.420768 0.400000
27.277515 61.481865 0.400000
25.709178 60.578440 0.400000
24.094492 59.372159 0.400000
22.701068 57.881878 0.400000
21.176319 56.268916 0.400000
19.900331 55.075236 0.400000
19.006454 53.317509 0.400000
17.948227 51.915226 0.400000
17.026617 49.977674 0.400000
16.420218 48.188614 0.400000
15.745487 46.174566 0.400000
15.395057 44.365208 0.400000
15.058029 42.287832 0.400000
14.847563 40.332485 0.400000
15.083099 38.479236 0.400000
15.127383 36.413917 0.400000
15.710590 34.521046 0.400000
16.181867 32.586399 0.400000
16.799381 30.703921 0.400000
17.593603 29.238313 0.400000
18.503698 27.462685 0.400000
19.525377 25.556845 0.400000
20.766933 23.954995 0.400000
22.199106 22.604918 0.400000
23.379520 21.412987 0.400000
25.113461 20.064523 0.400000
26.477688 18.946440 0.400000
28.412693 17.913492 0.400000
29.992164 17.080152 0.400000
31.994696 16.202543 0.400000
33.815902 15.705102 0.400000
35.857839 15.380088 0.400000
37.809333 14.895856 0.400000
39.318888 14.957500 0.400000
41.635208 15.035036 0.400000
43.488985 15.362093 0.400000
45.571386 15.466487 0.400000
47.357846 16.272340 0.400000
49.298016 16.946288 0.400000
51.046952 17.528831 0.400000
52.755525 18.396329 0.400000
54.315419 19.270843 0.400000
55.845884 20.777895 0.400000
57.373431 22.079054 0.400000
58.889153 23.432093 0.400000
59.867526 24.924749 0.400000
61.186057 26.526802 0.400000
62.027506 28.389422 0.400000
62.900744 29.990401 0.400000
63.826206 32.103115 0.400000
64.069010 33.817543 0.400000
64.637990 35.824952 0.400000
65.075121 37.492702 0.400000
65.003994 39.585042 0.400000


64.843852 41.794495 0.400000
64.603898 43.567867 0.400000
64.424908 45.554954 0.400000
63.963105 47.360031 0.400000
63.122648 49.320826 0.400000
62.516666 51.146563 0.400000
61.491889 52.916083 0.400000
60.386405 54.348089 0.400000
59.199413 56.083580 0.400000
57.902224 57.600436 0.400000
56.448041 59.049389 0.400000
54.875715 60.071298 0.400000
53.210167 61.277848 0.400000
51.509430 62.390175 0.400000
49.784595 62.801846 0.400000
47.998227 63.509260 0.400000
46.165533 64.194776 0.400000
44.222849 64.438886 0.400000
42.244561 64.899370 0.400000
40.341730 64.995525 0.400000
38.366922 65.134017 0.400000
36.498343 64.573541 0.400000
34.567776 64.364731 0.400000
32.441420 63.770702 0.400000
30.636203 63.389886 0.400000
28.986174 62.315701 0.400000
27.173154 61.419250 0.400000
25.707699 60.525024 0.400000
24.025825 59.297717 0.400000
22.622662 57.808682 0.400000
21.104029 56.173810 0.400000
19.829181 54.943219 0.400000
18.938766 53.199959 0.400000
17.913654 51.816394 0.400000
16.990729 49.870546 0.400000
16.411488 48.032388 0.400000
15.701097 46.057877 0.400000
15.393755 44.267917 0.400000
15.066848 42.196581 0.400000
14.812339 40.262718 0.400000
15.071168 38.371843 0.400000
15.177942 36.312111 0.400000
15.716831 34.363241 0.400000
16.201736 32.527099 0.400000
16.858565 30.582054 0.400000
17.639609 29.156335 0.400000
18.520011 27.335859 0.400000
19.609067 25.494484 0.400000
20.827519 23.904599 0.400000
22.260969 22.548068 0.400000
23.453940 21.327472 0.400000
25.165382 19.993247 0.400000
26.590944 18.915525 0.400000
28.515494 17.831108 0.400000
30.031939 16.995654 0.400000
32.087448 16.170483 0.400000
33.902227 15.733154 0.400000
35.989806 15.330515 0.400000
37.876309 14.929142 0.400000
39.434025 14.929848 0.400000
41.736606 15.026133 0.400000
43.571670 15.406504 0.400000
45.687422 15.510175 0.400000
47.468976 16.337539 0.400000
49.376454 16.976727 0.400000
51.159491 17.573442 0.400000
52.811472 18.485579 0.400000
54.454943 19.352213 0.400000
55.893850 20.840541 0.400000
57.441407 22.161169 0.400000
58.967066 23.497086 0.400000
59.920217 24.976559 0.400000
61.204349 26.612663 0.400000
62.068115 28.453523 0.400000
62.936974 30.075919 0.400000
63.855974 32.193304 0.400000
64.077657 33.953841 0.400000
64.675453 35.910888 0.400000
65.113197 37.576573 0.400000
64.979480 39.683803 0.400000


64.790904 41.897454 0.400000
64.591556 43.684147 0.400000
64.392073 45.617066 0.400000
63.936216 47.515002 0.400000
63.042314 49.402434 0.400000
62.450136 51.265392 0.400000
61.387473 53.007858 0.400000
60.336612 54.429394 0.400000
59.104280 56.136695 0.400000
57.855581 57.633120 0.400000
56.380376 59.098563 0.400000
54.792583 60.152587 0.400000
53.111730 61.331478 0.400000
51.451116 62.422449 0.400000
49.683694 62.841442 0.400000
47.915295 63.551321 0.400000
46.065546 64.255522 0.400000
44.123527 64.498346 0.400000
42.119371 64.924339 0.400000
40.215313 64.986983 0.400000
38.301481 65.107126 0.400000
36.432371 64.559818 0.400000
34.469436 64.322207 0.400000
32.342293 63.784737 0.400000
30.540911 63.360983 0.400000
28.907408 62.285619 0.400000
27.096803 61.358905 0.400000
25.627473 60.511046 0.400000
23.986208 59.235500 0.400000
22.515631 57.763213 0.400000
21.042743 56.130271 0.400000
19.723176 54.881953 0.400000
18.917152 53.096518 0.400000
17.866133 51.713094 0.400000
16.994136 49.739918 0.400000
16.366651 47.889443 0.400000
15.667019 45.961681 0.400000
15.366761 44.147950 0.400000
15.119382 42.131732 0.400000
14.819523 40.206557 0.400000
15.072389 38.268459 0.400000
15.146407 36.222376 0.400000
15.725963 34.213873 0.400000
16.200631 32.430182 0.400000
16.894646 30.517383 0.400000
17.723972 29.050059 0.400000
18.581129 27.308014 0.400000
19.643714 25.383717 0.400000
20.852185 23.809352 0.400000
22.297553 22.485176 0.400000
23.550473 21.244368 0.400000
25.254067 19.954118 0.400000
26.685253 18.843088 0.400000
28.588143 17.820938 0.400000
30.116260 16.999553 0.400000
32.195931 16.115816 0.400000
34.033598 15.716529 0.400000
36.094514 15.305354 0.400000
37.965139 14.898167 0.400000
39.511047 14.930525 0.400000
41.851140 15.047313 0.400000
43.729329 15.413635 0.400000
45.778817 15.581729 0.400000
47.551021 16.388156 0.400000
49.471673 17.013612 0.400000
51.260979 17.637891 0.400000
52.863293 18.511364 0.400000
54.508659 19.398055 0.400000
55.972671 20.913228 0.400000
57.532600 22.206444 0.400000
59.004776 23.577137 0.400000
59.951500 25.077467 0.400000
61.251177 26.646534 0.400000
62.094998 28.548729 0.400000
62.917976 30.171476 0.400000
63.885223 32.262914 0.400000
64.100163 34.005458 0.400000
64.689024 36.003778 0.400000
65.116879 37.673113 0.400000
64.979732 39.802051 0.400000


64.746808 41.969116 0.400000
64.569615 43.798095 0.400000
64.386922 45.747093 0.400000
63.905628 47.589431 0.400000
62.992820 49.527404 0.400000
62.376768 51.388851 0.400000
61.250317 53.096476 0.400000
60.235773 54.524937 0.400000
59.019685 56.192703 0.400000
57.856640 57.677733 0.400000
56.256371 59.171130 0.400000
54.697131 60.184736 0.400000
53.022293 61.367328 0.400000
51.366489 62.470643 0.400000
49.576419 62.882680 0.400000
47.807966 63.615965 0.400000
45.915504 64.263580 0.400000
44.043919 64.565454 0.400000
42.040253 64.924353 0.400000
40.102803 65.000742 0.400000
38.210521 65.136094 0.400000
36.305994 64.545484 0.400000
34.341390 64.290621 0.400000
32.226168 63.737245 0.400000
30.391632 63.308394 0.400000
28.814099 62.253900 0.400000
26.988175 61.342134 0.400000
25.503013 60.496173 0.400000
23.913511 59.145377 0.400000
22.404641 57.710701 0.400000
20.905744 56.052722 0.400000
19.613531 54.789144 0.400000
18.834633 52.973604 0.400000
17.817131 51.626595 0.400000
16.973569 49.663415 0.400000
16.360521 47.790096 0.400000
15.594115 45.900517 0.400000
15.300842 44.055473 0.400000
15.058961 42.041909 0.400000
14.787795 40.083827 0.400000
15.055033 38.192728 0.400000
15.211512 36.117577 0.400000
15.779533 34.109884 0.400000
16.212868 32.333873 0.400000
16.885986 30.448154 0.400000
17.835078 28.948031 0.400000
18.637529 27.203999 0.400000
19.670159 25.337754 0.400000
20.956411 23.699394 0.400000
22.369242 22.408223 0.400000
23.644550 21.201273 0.400000
25.341833 19.885231 0.400000
26.759070 18.778856 0.400000
28.680748 17.737727 0.400000
30.224897 16.989309 0.400000
32.283163 16.111325 0.400000
34.133359 15.672754 0.400000
36.191795 15.342167 0.400000
38.017230 14.932057 0.400000
39.621579 14.931323 0.400000
41.969013 14.947283 0.400000
43.809487 15.418260 0.400000
45.825426 15.603812 0.400000
47.657947 16.418066 0.400000
49.538952 17.062264 0.400000
51.360333 17.692398 0.400000
52.961730 18.575682 0.400000
54.616828 19.444444 0.400000
56.016058 20.998539 0.400000
57.583240 22.271869 0.400000
59.084582 23.669576 0.400000
60.011939 25.185299 0.400000
61.288373 26.751387 0.400000
62.181756 28.670198 0.400000
62.917502 30.303686 0.400000
63.908506 32.388067 0.400000
64.154281 34.049805 0.400000
64.684522 36.138785 0.400000
65.118374 37.776791 0.400000
64.986121 39.904183 0.400000


64.730074 42.035206 0.400000
64.547305 43.904918 0.400000
64.350522 45.841392 0.400000
63.913917 47.644416 0.400000
62.933185 49.618230 0.400000
62.295279 51.462501 0.400000
61.168828 53.199666 0.400000
60.176705 54.623022 0.400000
58.974375 56.294481 0.400000
57.750191 57.767700 0.400000
56.174457 59.255089 0.400000
54.604664 60.239705 0.400000
52.966968 61.450311 0.400000
51.246215 62.511404 0.400000
49.502161 62.924342 0.400000
47.688799 63.658967 0.400000
45.795541 64.292517 0.400000
43.959056 64.686310 0.400000
41.969543 64.936981 0.400000
39.983932 65.018874 0.400000
38.154909 65.123885 0.400000
36.182447 64.527792 0.400000
34.244795 64.266188 0.400000
32.066815 63.686189 0.400000
30.342115 63.265153 0.400000
28.768139 62.208316 0.400000
26.870477 61.294233 0.400000
25.476404 60.503139 0.400000
23.840641 59.098213 0.400000
22.350653 57.587932 0.400000
20.844553 55.959091 0.400000
19.576743 54.730345 0.400000
18.780128 52.942287 0.400000
17.746323 51.503495 0.400000
16.979494 49.604548 0.400000
16.291216 47.712572 0.400000
15.634350 45.820464 0.400000
15.310547 43.947617 0.400000
15.021939 41.974973 0.400000
14.766933 39.950713 0.400000
15.030261 38.091158 0.400000
15.200870 36.008859 0.400000
15.829981 34.013039 0.400000
16.275851 32.225090 0.400000
16.953749 30.334183 0.400000
17.880942 28.865026 0.400000
18.671083 27.147755 0.400000
19.740304 25.245772 0.400000
21.036092 23.556064 0.400000
22.458625 22.313529 0.400000
23.686212 21.183266 0.400000
25.448414 19.804480 0.400000
26.818715 18.742882 0.400000
28.735276 17.684883 0.400000
30.278323 16.915303 0.400000
32.393572 16.087175 0.400000
34.276124 15.575286 0.400000
36.306890 15.340274 0.400000
38.108716 14.890774 0.400000
39.731972 14.923913 0.400000
42.044910 14.950542 0.400000
43.966163 15.393075 0.400000
45.960447 15.608952 0.400000
47.767994 16.445787 0.400000
49.658728 17.101547 0.400000
51.444421 17.720913 0.400000
53.072713 18.645222 0.400000
54.681042 19.486962 0.400000
56.096497 21.047796 0.400000
57.648084 22.354046 0.400000
59.134541 23.757136 0.400000
60.107528 25.231968 0.400000
61.299231 26.837191 0.400000
62.234415 28.811525 0.400000
62.947942 30.338285 0.400000
63.988528 32.474846 0.400000
64.178331 34.131209 0.400000
64.712033 36.292264 0.400000
65.090548 37.893413 0.400000
65.032358 39.973594 0.400000


64.753903 42.172960 0.400000
64.563568 43.991065 0.400000
64.287794 45.918728 0.400000
63.936470 47.710245 0.400000
62.865803 49.749482 0.400000
62.229691 51.478780 0.400000
61.132354 53.316811 0.400000
60.132970 54.698159 0.400000
58.865942 56.329787 0.400000
57.657182 57.831093 0.400000
56.045514 59.362505 0.400000
54.544323 60.294161 0.400000
52.872754 61.492653 0.400000
51.146160 62.530166 0.400000
49.409648 62.949698 0.400000
47.616855 63.693896 0.400000
45.697484 64.300570 0.400000
43.867451 64.695405 0.400000
41.905120 64.989237 0.400000
39.883001 65.016154 0.400000
38.014762 65.083144 0.400000
36.083724 64.476026 0.400000
34.088042 64.256507 0.400000
31.920157 63.648757 0.400000
30.248188 63.199853 0.400000
28.649183 62.184345 0.400000
26.726947 61.213268 0.400000
25.374696 60.414872 0.400000
23.761482 59.010201 0.400000
22.295573 57.515193 0.400000
20.767802 55.873532 0.400000
19.454294 54.680474 0.400000
18.739613 52.822624 0.400000
17.673831 51.383434 0.400000
16.949975 49.507625 0.400000
16.311816 47.583400 0.400000
15.620879 45.710113 0.400000
15.257508 43.872523 0.400000
14.954404 41.907949 0.400000
14.729239 39.890450 0.400000
15.037646 38.012104 0.400000
15.247175 35.935507 0.400000
15.854937 33.884773 0.400000
16.322215 32.121136 0.400000
16.978037 30.284955 0.400000
17.954435 28.822017 0.400000
18.742853 27.056548 0.400000
19.787712 25.169174 0.400000
21.078460 23.435141 0.400000
22.575354 22.264379 0.400000
23.796079 21.137223 0.400000
25.500743 19.730832 0.400000
26.942578 18.650688 0.400000
28.844835 17.586799 0.400000
30.355106 16.846009 0.400000
32.481193 16.080757 0.400000
34.387935 15.533310 0.400000
36.411439 15.329304 0.400000
38.237109 14.806828 0.400000
39.842077 14.912806 0.400000
42.120668 14.952943 0.400000
44.032512 15.418757 0.400000
46.079393 15.666476 0.400000
47.864470 16.491089 0.400000
49.731139 17.133467 0.400000
51.568770 17.816232 0.400000
53.161952 18.664173 0.400000
54.783655 19.506517 0.400000
56.174810 21.172910 0.400000
57.676369 22.447873 0.400000
59.227468 23.770447 0.400000
60.169663 25.313265 0.400000
61.366838 26.901595 0.400000
62.241735 28.902993 0.400000
63.040212 30.389824 0.400000
63.974600 32.635759 0.400000
64.186362 34.215170 0.400000
64.721816 36.381520 0.400000
65.108410 37.969317 0.400000
65.080133 40.093366 0.400000


64.753707 42.287519 0.400000
64.575139 44.096613 0.400000
64.228662 46.008905 0.400000
63.873031 47.726368 0.400000
62.834873 49.850537 0.400000
62.150900 51.607944 0.400000
61.084746 53.393322 0.400000
60.044474 54.803728 0.400000
58.829810 56.384156 0.400000
57.556289 57.885592 0.400000
55.984276 59.408393 0.400000
54.418797 60.336258 0.400000
52.805292 61.553251 0.400000
51.090113 62.563713 0.400000
49.319922 63.006161 0.400000
47.510637 63.749316 0.400000
45.602538 64.331878 0.400000
43.777297 64.698692 0.400000
41.792916 65.023606 0.400000
39.783534 65.060688 0.400000
37.964465 65.100803 0.400000
35.979153 64.449889 0.400000
33.962308 64.218467 0.400000
31.841318 63.552461 0.400000
30.141408 63.179690 0.400000
28.574341 62.171267 0.400000
26.622816 61.144848 0.400000
25.291032 60.324458 0.400000
23.676856 58.929542 0.400000
22.188708 57.385739 0.400000
20.729297 55.779126 0.400000
19.430388 54.591716 0.400000
18.673935 52.741236 0.400000
17.641184 51.327598 0.400000
16.946202 49.413095 0.400000
16.306060 47.471760 0.400000
15.591253 45.615369 0.400000
15.223986 43.810695 0.400000
14.959176 41.797075 0.400000
14.726524 39.784936 0.400000
15.064295 37.896132 0.400000
15.240980 35.877628 0.400000
15.918761 33.734760 0.400000
16.337095 32.038811 0.400000
17.022220 30.232566 0.400000
18.020088 28.682133 0.400000
18.801772 26.980095 0.400000
19.875357 25.084513 0.400000
21.119901 23.369280 0.400000
22.643211 22.206782 0.400000
23.894535 21.132043 0.400000
25.615355 19.653730 0.400000
27.027874 18.585446 0.400000
28.904925 17.640891 0.400000
30.454074 16.834205 0.400000
32.615358 16.066752 0.400000
34.533252 15.502066 0.400000
36.532104 15.291373 0.400000
38.359909 14.777715 0.400000
39.950845 14.913224 0.400000
42.282085 14.944258 0.400000
44.156759 15.473384 0.400000
46.146342 15.684146 0.400000
47.945679 16.539656 0.400000
49.860672 17.206641 0.400000
51.671419 17.851300 0.400000
53.265950 18.745429 0.400000
54.866718 19.565298 0.400000
56.209411 21.252115 0.400000
57.744564 22.485218 0.400000
59.291551 23.854892 0.400000
60.254676 25.363415 0.400000
61.394924 26.981637 0.400000
62.291670 28.951814 0.400000
63.101447 30.497851 0.400000
63.974347 32.744057 0.400000
64.208778 34.351712 0.400000
64.750842 36.479908 0.400000
65.128915 38.023752 0.400000
65.042445 40.189687 0.400000


64.744790 42.370244 0.400000
64.578293 44.180603 0.400000
64.262909 46.087351 0.400000
63.791580 47.790633 0.400000
62.801526 49.967542 0.400000
62.078407 51.715929 0.400000
61.024367 53.495395 0.400000
59.993994 54.932560 0.400000
58.755768 56.452016 0.400000
57.495979 57.949279 0.400000
55.923440 59.426350 0.400000
54.321734 60.387218 0.400000
52.745753 61.572941 0.400000
51.022381 62.568967 0.400000
49.197289 63.068990 0.400000
47.376799 63.796976 0.400000
45.510849 64.289881 0.400000
43.680403 64.750148 0.400000
41.665870 65.028834 0.400000
39.656471 65.041721 0.400000
37.835596 65.108196 0.400000
35.884886 64.468868 0.400000
33.866811 64.184370 0.400000
31.762890 63.509078 0.400000
30.070454 63.177476 0.400000
28.427132 62.121623 0.400000
26.540040 61.082011 0.400000
25.166189 60.266917 0.400000
23.650481 58.852299 0.400000
22.059167 57.294747 0.400000
20.644646 55.719663 0.400000
19.400306 54.551392 0.400000
18.622205 52.646029 0.400000
17.611278 51.187179 0.400000
16.891802 49.334799 0.400000
16.288499 47.332106 0.400000
15.562802 45.516605 0.400000
15.175530 43.751616 0.400000
14.945642 41.696748 0.400000
14.720913 39.714327 0.400000
15.055409 37.801641 0.400000
15.235296 35.788720 0.400000
15.995919 33.662076 0.400000
16.347430 31.953726 0.400000
17.029381 30.147799 0.400000
18.108950 28.597424 0.400000
18.847260 26.915451 0.400000
19.943522 25.009924 0.400000
21.210046 23.298138 0.400000
22.683025 22.155180 0.400000
23.971020 21.100526 0.400000
25.722640 19.582462 0.400000
27.128217 18.570531 0.400000
28.995589 17.624191 0.400000
30.515438 16.845158 0.400000
32.716511 16.067482 0.400000
34.632783 15.475130 0.400000
36.676869 15.259535 0.400000
38.500300 14.764745 0.400000
40.026634 14.882320 0.400000
42.379770 14.957382 0.400000
44.238513 15.459443 0.400000
46.223114 15.689254 0.400000
48.010387 16.591441 0.400000
49.910426 17.262473 0.400000
51.736728 17.916282 0.400000
53.337139 18.752791 0.400000
54.955602 19.644717 0.400000
56.324960 21.283217 0.400000
57.832956 22.519263 0.400000
59.322817 23.903731 0.400000
60.278627 25.464695 0.400000
61.464768 27.083563 0.400000
62.311640 29.110772 0.400000
63.147376 30.583492 0.400000
64.040204 32.852493 0.400000
64.206180 34.464561 0.400000
64.759931 36.595845 0.400000
65.149144 38.103444 0.400000
65.058056 40.250453 0.400000


64.704840 42.468209 0.400000
64.548512 44.310921 0.400000
64.264917 46.141279 0.400000
63.778542 47.831573 0.400000
62.786721 50.078010 0.400000
62.019066 51.788229 0.400000
60.988430 53.575073 0.400000
59.965818 55.009745 0.400000
58.676693 56.508532 0.400000
57.412963 58.005627 0.400000
55.833714 59.461564 0.400000
54.262409 60.433539 0.400000
52.671131 61.606017 0.400000
50.953899 62.607581 0.400000
49.146661 63.109838 0.400000
47.239307 63.833419 0.400000
45.374328 64.306924 0.400000
43.579296 64.807400 0.400000
41.520341 65.098093 0.400000
39.531240 65.036378 0.400000
37.747465 65.116036 0.400000
35.802060 64.425450 0.400000
33.761633 64.133142 0.400000
31.679613 63.523922 0.400000
29.959464 63.131225 0.400000
28.330429 62.058117 0.400000
26.473511 61.008120 0.400000
25.114871 60.221978 0.400000
23.560632 58.765643 0.400000
21.987030 57.240805 0.400000
20.543519 55.662466 0.400000
19.311414 54.485056 0.400000
18.588449 52.545763 0.400000
17.579410 51.046518 0.400000
16.835821 49.257040 0.400000
16.209679 47.233496 0.400000
15.502314 45.382892 0.400000
15.192356 43.690529 0.400000
14.939951 41.598508 0.400000
14.746482 39.606542 0.400000
15.031157 37.673095 0.400000
15.243232 35.688241 0.400000
16.029547 33.603420 0.400000
16.396937 31.850642 0.400000
17.066359 30.117543 0.400000
18.097138 28.482618 0.400000
18.862529 26.827581 0.400000
19.946540 24.945821 0.400000
21.224622 23.217790 0.400000
22.723604 22.046201 0.400000
24.025830 21.044645 0.400000
25.835499 19.518272 0.400000
27.239377 18.551468 0.400000
29.138485 17.629765 0.400000
30.585709 16.839577 0.400000
32.831824 16.045585 0.400000
34.756443 15.472378 0.400000
36.764406 15.265290 0.400000
38.597716 14.701183 0.400000
40.128723 14.857468 0.400000
42.455275 14.953132 0.400000
44.370371 15.488180 0.400000
46.285773 15.658014 0.400000
48.079314 16.672874 0.400000
49.979454 17.295193 0.400000
51.792290 17.985359 0.400000
53.405721 18.792111 0.400000
55.071071 19.786716 0.400000
56.443215 21.368366 0.400000
57.906042 22.598778 0.400000
59.453377 23.997862 0.400000
60.319713 25.588985 0.400000
61.447589 27.171091 0.400000
62.433990 29.204585 0.400000
63.247164 30.674137 0.400000
64.041194 32.959817 0.400000
64.226412 34.541551 0.400000
64.779898 36.689289 0.400000
65.158119 38.195370 0.400000
65.040205 40.350268 0.400000


64.727031 42.524171 0.400000
64.533182 44.392169 0.400000
64.239116 46.264733 0.400000
63.749896 47.906389 0.400000
62.731226 50.098545 0.400000
61.975772 51.861561 0.400000
60.928142 53.637883 0.400000
59.930292 55.075357 0.400000
58.623600 56.614021 0.400000
57.351606 58.030631 0.400000
55.774866 59.555569 0.400000
54.193554 60.469136 0.400000
52.535300 61.678381 0.400000
50.819440 62.637630 0.400000
49.061766 63.196731 0.400000
47.146676 63.853881 0.400000
45.285837 64.324765 0.400000
43.477728 64.817436 0.400000
41.455065 65.060955 0.400000
39.430937 65.066216 0.400000
37.652958 65.107025 0.400000
35.719330 64.454198 0.400000
33.669267 64.119612 0.400000
31.528675 63.533941 0.400000
29.880921 63.108276 0.400000
28.209531 61.995030 0.400000
26.393591 60.938122 0.400000
25.022697 60.169156 0.400000
23.491427 58.687449 0.400000
21.941073 57.190297 0.400000
20.497344 55.597794 0.400000
19.245507 54.420376 0.400000
18.563251 52.421482 0.400000
17.558092 50.963630 0.400000
16.855098 49.153674 0.400000
16.168096 47.165971 0.400000
15.498519 45.276158 0.400000
15.210490 43.595483 0.400000
14.952394 41.513896 0.400000
14.731721 39.482955 0.400000
15.018315 37.568169 0.400000
15.244859 35.582210 0.400000
16.008516 33.524061 0.400000
16.453719 31.793338 0.400000
17.136333 30.015889 0.400000
18.133989 28.436149 0.400000
18.902975 26.717235 0.400000
20.025029 24.841122 0.400000
21.297079 23.174158 0.400000
22.802282 22.003850 0.400000
24.115772 20.977650 0.400000
25.925201 19.526797 0.400000
27.311045 18.529210 0.400000
29.243322 17.587953 0.400000
30.629354 16.822114 0.400000
32.920859 15.987952 0.400000
34.857102 15.498405 0.400000
36.856319 15.242449 0.400000
38.670092 14.683811 0.400000
40.218116 14.862291 0.400000
42.573627 14.942421 0.400000
44.466224 15.531702 0.400000
46.370616 15.651770 0.400000
48.134436 16.715684 0.400000
50.081037 17.295929 0.400000
51.841679 18.085700 0.400000
53.482300 18.877249 0.400000
55.110496 19.831236 0.400000
56.532611 21.423916 0.400000
57.963291 22.672945 0.400000
59.530874 24.099372 0.400000
60.354037 25.670555 0.400000
61.517044 27.330245 0.400000
62.484344 29.328673 0.400000
63.212239 30.772951 0.400000
64.149427 33.073327 0.400000
64.218056 34.645348 0.400000
64.803943 36.776936 0.400000
65.150101 38.353973 0.400000
65.047658 40.479917 0.400000


64.711760 42.614532 0.400000
64.529546 44.466041 0.400000
64.191875 46.362985 0.400000
63.757644 48.005611 0.400000
62.723567 50.205185 0.400000
61.936257 51.931871 0.400000
60.850091 53.725747 0.400000
59.921886 55.160048 0.400000
58.570042 56.712513 0.400000
57.269376 58.129631 0.400000
55.712413 59.678324 0.400000
54.086353 60.468932 0.400000
52.464490 61.709702 0.400000
50.730870 62.656051 0.400000
48.920027 63.253724 0.400000
47.064983 63.953309 0.400000
45.207035 64.357094 0.400000
43.376759 64.861998 0.400000
41.368552 65.033766 0.400000
39.329895 65.044175 0.400000
37.564113 65.071389 0.400000
35.612667 64.476331 0.400000
33.546301 64.090211 0.400000
31.406848 63.519610 0.400000
29.786555 63.060569 0.400000
28.128668 61.934401 0.400000
26.356580 60.913027 0.400000
24.927549 60.098565 0.400000
23.459662 58.592333 0.400000
21.895598 57.142907 0.400000
20.441441 55.541764 0.400000
19.185934 54.324989 0.400000
18.499715 52.335949 0.400000
17.511441 50.859837 0.400000
16.822776 49.085521 0.400000
16.161697 47.093546 0.400000
15.455362 45.178897 0.400000
15.226700 43.492689 0.400000
14.951951 41.425866 0.400000
14.760009 39.378540 0.400000
15.043564 37.473890 0.400000
15.322679 35.439382 0.400000
16.038398 33.436018 0.400000
16.498724 31.646140 0.400000
17.197234 29.942479 0.400000
18.162293 28.308369 0.400000
19.028926 26.574538 0.400000
20.094062 24.756329 0.400000
21.341484 23.157362 0.400000
22.927780 21.986720 0.400000
24.258555 20.923415 0.400000
25.966671 19.459098 0.400000
27.403965 18.472879 0.400000
29.362030 17.525275 0.400000
30.737975 16.747894 0.400000
33.003163 15.959169 0.400000
34.932700 15.480435 0.400000
36.952694 15.225400 0.400000
38.776603 14.733455 0.400000
40.338404 14.883432 0.400000
42.637466 14.959235 0.400000
44.611349 15.579346 0.400000
46.438528 15.638097 0.400000
48.220378 16.785391 0.400000
50.163759 17.327212 0.400000
51.898556 18.112275 0.400000
53.582165 18.908140 0.400000
55.163997 19.864416 0.400000
56.586268 21.472839 0.400000
57.969990 22.735608 0.400000
59.589665 24.175075 0.400000
60.373486 25.756603 0.400000
61.579847 27.490420 0.400000
62.551100 29.416457 0.400000
63.287395 30.875186 0.400000
64.210339 33.201371 0.400000
64.250644 34.732354 0.400000
64.830603 36.897830 0.400000
65.156547 38.483065 0.400000
65.018112 40.565243 0.400000


64.713235 42.707661 0.400000
64.474779 44.570771 0.400000
64.151625 46.481176 0.400000
63.690438 48.136576 0.400000
62.652766 50.337366 0.400000
61.880932 51.969248 0.400000
60.798173 53.780318 0.400000
59.854236 55.263724 0.400000
58.493914 56.802977 0.400000
57.170331 58.225054 0.400000
55.626594 59.748594 0.400000
54.013093 60.519767 0.400000
52.400122 61.745701 0.400000
50.648797 62.735133 0.400000
48.830349 63.320911 0.400000
46.919799 63.997273 0.400000
45.074261 64.357623 0.400000
43.272946 64.879990 0.400000
41.263638 65.070902 0.400000
39.289551 65.055521 0.400000
37.467875 65.087705 0.400000
35.540012 64.430814 0.400000
33.472299 64.056385 0.400000
31.329628 63.466209 0.400000
29.674471 63.024438 0.400000
28.030523 61.913524 0.400000
26.251193 60.830122 0.400000
24.862723 60.004465 0.400000
23.362187 58.539780 0.400000
21.819736 57.028072 0.400000
20.424647 55.445924 0.400000
19.141966 54.223538 0.400000
18.443255 52.273790 0.400000
17.485861 50.776972 0.400000
16.804836 48.970050 0.400000
16.150582 46.987807 0.400000
15.444150 45.087110 0.400000
15.221782 43.367415 0.400000
14.947317 41.334557 0.400000
14.759215 39.302794 0.400000
15.024457 37.359304 0.400000
15.322063 35.370023 0.400000
16.053090 33.371157 0.400000
16.496773 31.562623 0.400000
17.218495 29.823003 0.400000
18.243750 28.279332 0.400000
19.067692 26.471115 0.400000
20.152876 24.652787 0.400000
21.427059 23.124645 0.400000
22.980393 21.997648 0.400000
24.346716 20.853262 0.400000
26.018009 19.430447 0.400000
27.480410 18.424057 0.400000
29.428785 17.513459 0.400000
30.818706 16.662150 0.400000
33.034553 15.922592 0.400000
35.063825 15.453459 0.400000
37.085446 15.221291 0.400000
38.882174 14.733330 0.400000
40.420406 14.924253 0.400000
42.744429 14.919635 0.400000
44.724108 15.666534 0.400000
46.528264 15.656772 0.400000
48.324057 16.798408 0.400000
50.264641 17.344506 0.400000
51.996268 18.166146 0.400000
53.694192 18.974538 0.400000
55.231828 19.962485 0.400000
56.697668 21.538096 0.400000
58.055782 22.800786 0.400000
59.645497 24.293306 0.400000
60.443542 25.828059 0.400000
61.615273 27.590189 0.400000
62.638802 29.537442 0.400000
63.325629 30.944284 0.400000
64.243560 33.265850 0.400000
64.303686 34.888507 0.400000
64.805087 36.983689 0.400000
65.162071 38.593320 0.400000
64.989208 40.690095 0.400000


64.680113 42.782756 0.400000
64.448222 44.598271 0.400000
64.124066 46.580085 0.400000
63.656912 48.230114 0.400000
62.621643 50.463670 0.400000
61.857617 52.020347 0.400000
60.756039 53.875344 0.400000
59.785697 55.366526 0.400000
58.426525 56.894366 0.400000
57.097832 58.265358 0.400000
55.534834 59.783622 0.400000
53.956521 60.626869 0.400000
52.380597 61.814098 0.400000
50.574125 62.803015 0.400000
48.753333 63.346081 0.400000
46.799365 63.986335 0.400000
44.986078 64.405728 0.400000
43.204780 64.903859 0.400000
41.179428 65.091065 0.400000
39.160044 65.046220 0.400000
37.441971 65.061996 0.400000
35.430488 64.469356 0.400000
33.385511 64.031970 0.400000
31.211387 63.438044 0.400000
29.538866 63.030844 0.400000
27.908199 61.848121 0.400000
26.161354 60.736018 0.400000
24.741801 59.929667 0.400000
23.314368 58.494707 0.400000
21.729927 56.934327 0.400000
20.381354 55.391906 0.400000
19.062733 54.103651 0.400000
18.377221 52.172030 0.400000
17.425145 50.646465 0.400000
16.780928 48.860895 0.400000
16.114556 46.889679 0.400000
15.461557 45.005709 0.400000
15.225212 43.250510 0.400000
14.995819 41.253781 0.400000
14.730725 39.189758 0.400000
15.019711 37.268819 0.400000
15.320503 35.230436 0.400000
16.073525 33.230661 0.400000
16.521929 31.463555 0.400000
17.257844 29.722054 0.400000
18.247859 28.188012 0.400000
19.128497 26.404444 0.400000
20.180024 24.558346 0.400000
21.511628 23.048451 0.400000
23.025013 21.945095 0.400000
24.447768 20.763848 0.400000
26.080640 19.414549 0.400000
27.537754 18.385748 0.400000
29.545579 17.491552 0.400000
30.955216 16.605103 0.400000
33.129979 15.862256 0.400000
35.134632 15.392206 0.400000
37.176039 15.257942 0.400000
38.969426 14.754639 0.400000
40.560885 14.879840 0.400000
42.899284 14.927749 0.400000
44.817530 15.674594 0.400000
46.607463 15.677581 0.400000
48.378681 16.830373 0.400000
50.348544 17.362213 0.400000
52.114889 18.181351 0.400000
53.764258 19.030974 0.400000
55.310473 20.081372 0.400000
56.714745 21.581407 0.400000
58.072481 22.830389 0.400000
59.660760 24.367306 0.400000
60.508702 25.928273 0.400000
61.659501 27.661468 0.400000
62.651019 29.645958 0.400000
63.378410 30.998178 0.400000
64.238940 33.405698 0.400000
64.309073 34.984902 0.400000
64.784018 37.080583 0.400000
65.134643 38.715615 0.400000
65.001381 40.800761 0.400000


64.704422 42.893206 0.400000
64.433623 44.688017 0.400000
64.115943 46.700908 0.400000
63.657267 48.326714 0.400000
62.604595 50.575936 0.400000
61.831165 52.125373 0.400000
60.698728 53.982683 0.400000
59.729434 55.466926 0.400000
58.349702 56.933023 0.400000
57.008947 58.295501 0.400000
55.491849 59.843425 0.400000
53.893194 60.637621 0.400000
52.256123 61.858061 0.400000
50.429527 62.835380 0.400000
48.624163 63.340656 0.400000
46.697672 63.982552 0.400000
44.960368 64.413316 0.400000
43.092330 64.941375 0.400000
41.029032 65.051064 0.400000
39.110163 65.020416 0.400000
37.290969 65.017746 0.400000
35.364446 64.441677 0.400000
33.311826 64.025377 0.400000
31.161225 63.388539 0.400000
29.430942 62.987498 0.400000
27.833864 61.797250 0.400000
26.079568 60.680084 0.400000
24.640427 59.885610 0.400000
23.199749 58.421991 0.400000
21.671057 56.920977 0.400000
20.371350 55.339409 0.400000
18.991706 54.044777 0.400000
18.270724 52.064893 0.400000
17.384731 50.524195 0.400000
16.777814 48.727101 0.400000
16.114009 46.790862 0.400000
15.465859 44.941399 0.400000
15.210670 43.158580 0.400000
14.999096 41.167318 0.400000
14.755401 39.103477 0.400000
15.018585 37.203636 0.400000
15.314784 35.131101 0.400000
16.065926 33.111213 0.400000
16.544621 31.370909 0.400000
17.328112 29.621093 0.400000
18.267549 28.100892 0.400000
19.161396 26.356115 0.400000
20.290791 24.433486 0.400000
21.606439 22.977108 0.400000
23.071834 21.833878 0.400000
24.559332 20.694320 0.400000
26.233923 19.372341 0.400000
27.603424 18.362828 0.400000
29.586847 17.408221 0.400000
31.047283 16.538688 0.400000
33.198566 15.856245 0.400000
35.224457 15.371700 0.400000
37.272067 15.245223 0.400000
39.003208 14.743745 0.400000
40.686817 14.894237 0.400000
42.984986 14.908835 0.400000
44.883078 15.708696 0.400000
46.704391 15.740772 0.400000
48.501460 16.873902 0.400000
50.498904 17.443208 0.400000
52.191591 18.231085 0.400000
53.848053 19.105957 0.400000
55.373808 20.125058 0.400000
56.780227 21.688304 0.400000
58.141946 22.892014 0.400000
59.733981 24.424649 0.400000
60.545023 26.043890 0.400000
61.707288 27.739881 0.400000
62.665528 29.754375 0.400000
63.387018 31.085994 0.400000
64.251962 33.500576 0.400000
64.346359 35.056355 0.400000
64.810300 37.135227 0.400000
65.121068 38.783132 0.400000
64.963494 40.924378 0.400000


64.721313 42.974987 0.400000
64.414747 44.755491 0.400000
64.057777 46.797248 0.400000
63.647484 48.392870 0.400000
62.524456 50.693244 0.400000
61.806688 52.179830 0.400000
60.597381 54.094469 0.400000
59.687134 55.535186 0.400000
58.243917 57.013553 0.400000
56.958427 58.311228 0.400000
55.424345 59.907077 0.400000
53.805987 60.674002 0.400000
52.194516 61.907050 0.400000
50.320202 62.877718 0.400000
48.524851 63.355952 0.400000
46.615525 63.964163 0.400000
44.835174 64.441239 0.400000
42.987297 64.942252 0.400000
40.947736 65.022328 0.400000
39.017360 65.002011 0.400000
37.193508 64.999487 0.400000
35.296530 64.424994 0.400000
33.147642 63.960030 0.400000
31.052558 63.338740 0.400000
29.367234 62.974333 0.400000
27.750394 61.774408 0.400000
25.995243 60.610336 0.400000
24.579357 59.779492 0.400000
23.147311 58.336273 0.400000
21.623930 56.819469 0.400000
20.314817 55.238660 0.400000
18.921078 53.919425 0.400000
18.209123 51.974345 0.400000
17.328406 50.465459 0.400000
16.772990 48.603371 0.400000
16.136036 46.676401 0.400000
15.442112 44.837158 0.400000
15.202979 43.086372 0.400000
15.031835 41.060706 0.400000
14.770090 38.999709 0.400000
15.036928 37.086862 0.400000
15.314165 35.049683 0.400000
16.135977 33.006324 0.400000
16.616734 31.229454 0.400000
17.366246 29.466161 0.400000
18.307236 28.008100 0.400000
19.190546 26.288720 0.400000
20.314390 24.358748 0.400000
21.624380 22.890771 0.400000
23.083278 21.779133 0.400000
24.639404 20.606411 0.400000
26.349767 19.274859 0.400000
27.692990 18.308184 0.400000
29.635329 17.342543 0.400000
31.148655 16.534556 0.400000
33.297573 15.807274 0.400000
35.311087 15.318895 0.400000
37.361093 15.261621 0.400000
39.099589 14.746424 0.400000
40.757483 14.898586 0.400000
43.092244 14.871677 0.400000
45.050248 15.764235 0.400000
46.800385 15.740447 0.400000
48.588061 16.933977 0.400000
50.619655 17.516323 0.400000
52.334442 18.294009 0.400000
53.923456 19.183438 0.400000
55.402041 20.182610 0.400000
56.871313 21.705846 0.400000
58.244339 22.985737 0.400000
59.839118 24.503986 0.400000
60.580095 26.098014 0.400000
61.741357 27.778980 0.400000
62.705278 29.832674 0.400000
63.479746 31.183251 0.400000
64.249137 33.585914 0.400000
64.374236 35.115712 0.400000
64.814444 37.210105 0.400000
65.084259 38.885937 0.400000
64.921143 41.039267 0.400000


64.680026 43.080614 0.400000
64.370152 44.836477 0.400000
64.030567 46.874575 0.400000
63.615071 48.502940 0.400000
62.477228 50.785163 0.400000
61.802092 52.268581 0.400000
60.581100 54.156557 0.400000
59.597085 55.603579 0.400000
58.194683 57.053001 0.400000
56.872339 58.399813 0.400000
55.351961 60.036190 0.400000
53.672139 60.726146 0.400000
52.145260 61.907687 0.400000
50.203471 62.922566 0.400000
48.411148 63.423592 0.400000
46.500896 63.998874 0.400000
44.788430 64.437997 0.400000
42.875994 64.940507 0.400000
40.831614 64.988786 0.400000
38.944912 64.982398 0.400000
37.084873 64.967893 0.400000
35.210578 64.434938 0.400000
33.093520 63.931864 0.400000
30.973475 63.318674 0.400000
29.253096 62.898553 0.400000
27.645980 61.735140 0.400000
25.896700 60.567064 0.400000
24.530506 59.779455 0.400000
23.064092 58.242773 0.400000
21.563424 56.724085 0.400000
20.300813 55.231045 0.400000
18.858892 53.806778 0.400000
18.151896 51.887231 0.400000
17.298467 50.391123 0.400000
16.692079 48.530675 0.400000
16.127353 46.612701 0.400000
15.421790 44.746371 0.400000
15.229137 42.978431 0.400000
15.016175 40.966635 0.400000
14.790033 38.937981 0.400000
15.037675 37.017492 0.400000
15.339338 34.920279 0.400000
16.136496 32.929956 0.400000
16.657713 31.152790 0.400000
17.384550 29.364942 0.400000
18.351182 27.878857 0.400000
19.256234 26.180046 0.400000
20.420846 24.275734 0.400000
21.680408 22.838721 0.400000
23.146689 21.717936 0.400000
24.686649 20.533501 0.400000
26.464127 19.160571 0.400000
27.788956 18.281172 0.400000
29.781074 17.343604 0.400000
31.210593 16.458252 0.400000
33.381832 15.744553 0.400000
35.397681 15.298436 0.400000
37.469885 15.269674 0.400000
39.182525 14.765132 0.400000
40.828253 14.875836 0.400000
43.180658 14.886466 0.400000
45.133344 15.767438 0.400000
46.937888 15.789099 0.400000
48.650056 17.020242 0.400000
50.709480 17.569600 0.400000
52.489172 18.289890 0.400000
54.013727 19.238585 0.400000
55.478008 20.267440 0.400000
56.961027 21.776936 0.400000
58.333815 23.015821 0.400000
59.868150 24.573730 0.400000
60.695496 26.206868 0.400000
61.777662 27.838963 0.400000
62.731999 29.893807 0.400000
63.507251 31.295628 0.400000
64.269936 33.693727 0.400000
64.417455 35.152859 0.400000
64.862711 37.321189 0.400000
65.137166 38.979829 0.400000
64.848626 41.156725 0.400000


64.679643 43.193279 0.400000
64.343680 44.938395 0.400000
64.046232 46.990500 0.400000
63.640163 48.610440 0.400000
62.435623 50.897517 0.400000
61.761265 52.368973 0.400000
60.503693 54.222656 0.400000
59.495167 55.673165 0.400000
58.112518 57.127829 0.400000
56.819938 58.467323 0.400000
55.257022 60.083006 0.400000
53.594182 60.797656 0.400000
52.101713 61.964534 0.400000
50.126198 62.955155 0.400000
48.320254 63.473330 0.400000
46.377212 64.047614 0.400000
44.632737 64.431118 0.400000
42.748841 64.971915 0.400000
40.697347 64.979479 0.400000
38.859191 65.003681 0.400000
36.959248 64.935127 0.400000
35.150610 64.439851 0.400000
33.005903 63.906218 0.400000
30.860193 63.338419 0.400000
29.193103 62.894530 0.400000
27.548948 61.666626 0.400000
25.777138 60.487149 0.400000
24.470078 59.718242 0.400000
23.028400 58.200311 0.400000
21.513432 56.640832 0.400000
20.257181 55.183613 0.400000
18.790020 53.746953 0.400000
18.074291 51.700192 0.400000
17.280851 50.343316 0.400000
16.627630 48.422088 0.400000
16.084822 46.510050 0.400000
15.390302 44.684911 0.400000
15.191219 42.869389 0.400000
15.015717 40.882424 0.400000
14.779894 38.800885 0.400000
15.055104 36.921961 0.400000
15.371582 34.816803 0.400000
16.178377 32.829041 0.400000
16.682121 31.054998 0.400000
17.453230 29.280401 0.400000
18.397622 27.830587 0.400000
19.297161 26.068646 0.400000
20.505572 24.224470 0.400000
21.769941 22.734404 0.400000
23.256316 21.699083 0.400000
24.775997 20.483521 0.400000
26.552643 19.093275 0.400000
27.863549 18.217900 0.400000
29.890534 17.299877 0.400000
31.294898 16.420143 0.400000
33.522249 15.669443 0.400000
35.488420 15.248282 0.400000
37.559546 15.232427 0.400000
39.251458 14.758381 0.400000
40.895839 14.897452 0.400000
43.250083 14.872553 0.400000
45.277141 15.735720 0.400000
47.047247 15.817884 0.400000
48.745010 17.036220 0.400000
50.766921 17.612516 0.400000
52.600955 18.329086 0.400000
54.063826 19.343349 0.400000
55.613633 20.319210 0.400000
57.024611 21.836176 0.400000
58.417750 23.095922 0.400000
59.918006 24.713083 0.400000
60.761414 26.282895 0.400000
61.873825 27.926311 0.400000
62.743863 29.989080 0.400000
63.585616 31.393605 0.400000
64.305156 33.818643 0.400000
64.483360 35.266239 0.400000
64.888614 37.417579 0.400000
65.129805 39.075990 0.400000
64.894945 41.247642 0.400000


64.672424 43.251269 0.400000
64.361739 45.044053 0.400000
64.000679 47.059542 0.400000
63.593267 48.705464 0.400000
62.381466 50.970507 0.400000
61.686920 52.507574 0.400000
60.413869 54.291973 0.400000
59.398616 55.781862 0.400000
58.072441 57.169424 0.400000
56.779620 58.496454 0.400000
55.128519 60.143719 0.400000
53.490787 60.869575 0.400000
52.020261 62.072309 0.400000
50.046790 63.032032 0.400000
48.233477 63.496538 0.400000
46.262197 64.079139 0.400000
44.570595 64.418211 0.400000
42.668185 65.002954 0.400000
40.556922 64.966214 0.400000
38.729325 65.008956 0.400000
36.851757 64.934546 0.400000
35.033840 64.445710 0.400000
32.920416 63.842101 0.400000
30.771505 63.314602 0.400000
29.108318 62.849017 0.400000
27.508373 61.613678 0.400000
25.649525 60.395475 0.400000
24.378810 59.694460 0.400000
22.912562 58.111297 0.400000
21.425840 56.607301 0.400000
20.185891 55.116508 0.400000
18.764516 53.647699 0.400000
18.076273 51.628219 0.400000
17.237204 50.264661 0.400000
16.620509 48.288983 0.400000
16.064892 46.405045 0.400000
15.376230 44.563333 0.400000
15.170514 42.740507 0.400000
14.986873 40.702456 0.400000
14.729544 38.709499 0.400000
15.055020 36.776821 0.400000
15.422185 34.785455 0.400000
16.224264 32.712992 0.400000
16.717828 30.985340 0.400000
17.519690 29.152163 0.400000
18.456927 27.744431 0.400000
19.347393 25.970503 0.400000
20.558294 24.184223 0.400000
21.864655 22.686877 0.400000
23.332686 21.614369 0.400000
24.860591 20.418854 0.400000
26.610773 19.016397 0.400000
27.891352 18.156948 0.400000
30.004896 17.267720 0.400000
31.413828 16.426753 0.400000
33.599987 15.622397 0.400000
35.626469 15.201350 0.400000
37.671402 15.237038 0.400000
39.341818 14.732945 0.400000
41.009231 14.900709 0.400000
43.382308 14.847385 0.400000
45.397604 15.784239 0.400000
47.134846 15.879739 0.400000
48.838814 17.086175 0.400000
50.833393 17.626502 0.400000
52.707303 18.369680 0.400000
54.134717 19.428303 0.400000
55.680706 20.398093 0.400000
57.059385 21.909627 0.400000
58.447243 23.164637 0.400000
59.965922 24.813181 0.400000
60.773614 26.326740 0.400000
61.903529 28.022964 0.400000
62.784262 30.083454 0.400000
63.668600 31.498936 0.400000
64.324244 33.897082 0.400000
64.480998 35.350418 0.400000
64.916475 37.489058 0.400000
65.137752 39.179569 0.400000
64.903767 41.333032 0.400000


64.699081 43.331391 0.400000
64.327272 45.131912 0.400000
63.976965 47.153588 0.400000
63.577702 48.762386 0.400000
62.375278 51.076396 0.400000
61.613676 52.619320 0.400000
60.352233 54.394464 0.400000
59.297858 55.886751 0.400000
58.013972 57.266899 0.400000
56.657235 58.524139 0.400000
55.027974 60.222960 0.400000
53.388798 60.933780 0.400000
51.872397 62.121270 0.400000
49.918682 63.084661 0.400000
48.137634 63.504943 0.400000
46.176162 64.071358 0.400000
44.452452 64.426493 0.400000
42.504496 65.018488 0.400000
40.431832 64.948148 0.400000
38.612330 65.022521 0.400000
36.762522 64.906702 0.400000
34.936191 64.462888 0.400000
32.837916 63.845197 0.400000
30.673547 63.278471 0.400000
29.068012 62.856992 0.400000
27.432570 61.536186 0.400000
25.496728 60.344578 0.400000
24.327513 59.655813 0.400000
22.893544 58.009973 0.400000
21.375550 56.542754 0.400000
20.106056 55.027956 0.400000
18.697499 53.608599 0.400000
18.010238 51.504374 0.400000
17.200230 50.186311 0.400000
16.573648 48.151598 0.400000
16.042284 46.292310 0.400000
15.338509 44.430242 0.400000
15.186461 42.668586 0.400000
14.962390 40.583937 0.400000
14.729183 38.584600 0.400000
15.083720 36.689866 0.400000
15.442265 34.679710 0.400000
16.320833 32.607610 0.400000
16.753473 30.864735 0.400000
17.542473 29.047418 0.400000
18.535282 27.661253 0.400000
19.360984 25.808625 0.400000
20.611265 24.119732 0.400000
21.933751 22.616436 0.400000
23.362421 21.550090 0.400000
24.956022 20.328415 0.400000
26.689219 18.953170 0.400000
27.955993 18.137915 0.400000
30.087770 17.236457 0.400000
31.530234 16.435134 0.400000
33.747375 15.571905 0.400000
35.695264 15.210136 0.400000
37.753858 15.202352 0.400000
39.423499 14.652521 0.400000
41.138283 14.876930 0.400000
43.483888 14.807997 0.400000
45.511819 15.787940 0.400000
47.176879 15.920061 0.400000
48.917360 17.138817 0.400000
50.891481 17.667857 0.400000
52.809745 18.414506 0.400000
54.219990 19.437092 0.400000
55.776660 20.453724 0.400000
57.142028 21.938428 0.400000
58.531858 23.265270 0.400000
60.027413 24.913629 0.400000
60.824794 26.385157 0.400000
61.975420 28.170994 0.400000
62.823014 30.164471 0.400000
63.705799 31.586147 0.400000
64.335893 34.010546 0.400000
64.511785 35.508035 0.400000
64.923160 37.621686 0.400000
65.066092 39.296315 0.400000
64.918287 41.425644 0.400000


64.686724 43.451374 0.400000
64.279025 45.209782 0.400000
64.025693 47.212206 0.400000
63.524665 48.838393 0.400000
62.306252 51.111388 0.400000
61.558025 52.699956 0.400000
60.327989 54.496471 0.400000
59.207366 55.909911 0.400000
57.963994 57.347998 0.400000
56.586111 58.574636 0.400000
54.951211 60.275168 0.400000
53.330422 60.972541 0.400000
51.749299 62.140609 0.400000
49.818075 63.147232 0.400000
48.086332 63.642275 0.400000
46.076362 64.039484 0.400000
44.387971 64.481327 0.400000
42.420358 65.016369 0.400000
40.304730 64.989895 0.400000
38.464597 64.954110 0.400000
36.689532 64.868509 0.400000
34.825155 64.417665 0.400000
32.728810 63.806208 0.400000
30.540425 63.193079 0.400000
29.021737 62.836559 0.400000
27.398772 61.456506 0.400000
25.423570 60.265110 0.400000
24.175612 59.559448 0.400000
22.830625 57.993738 0.400000
21.280823 56.478425 0.400000
20.045466 54.950143 0.400000
18.626267 53.549977 0.400000
17.974818 51.428326 0.400000
17.136579 50.105461 0.400000
16.533084 48.027675 0.400000
16.027887 46.173493 0.400000
15.334937 44.334157 0.400000
15.184970 42.549354 0.400000
14.955614 40.482682 0.400000
14.737895 38.490543 0.400000
15.123722 36.569051 0.400000
15.474916 34.610482 0.400000
16.359451 32.483805 0.400000
16.753206 30.776739 0.400000
17.579106 28.984746 0.400000
18.566550 27.573022 0.400000
19.423868 25.705278 0.400000
20.685023 24.081812 0.400000
21.994936 22.540032 0.400000
23.439297 21.464436 0.400000
25.037243 20.323700 0.400000
26.792797 18.935663 0.400000
27.984950 18.110753 0.400000
30.206262 17.163923 0.400000
31.695431 16.402942 0.400000
33.816283 15.554668 0.400000
35.807716 15.278507 0.400000
37.853556 15.170830 0.400000
39.551249 14.643766 0.400000
41.272325 14.920175 0.400000
43.576109 14.841927 0.400000
45.600590 15.832560 0.400000
47.277233 15.973032 0.400000
48.993090 17.181246 0.400000
50.943413 17.723541 0.400000
52.908666 18.456356 0.400000
54.305445 19.495526 0.400000
55.812880 20.543800 0.400000
57.158701 21.992636 0.400000
58.539267 23.329808 0.400000
60.101469 24.997925 0.400000
60.871281 26.455786 0.400000
62.011771 28.255520 0.400000
62.887871 30.288897 0.400000
63.761893 31.666814 0.400000
64.345423 34.107967 0.400000
64.580218 35.596747 0.400000
64.963066 37.723577 0.400000
65.078136 39.461379 0.400000
64.916500 41.542390 0.400000


64.670654 43.524444 0.400000
64.232022 45.280121 0.400000
64.007897 47.341619 0.400000
63.464901 48.964129 0.400000
62.248832 51.227340 0.400000
61.458066 52.800419 0.400000
60.304383 54.577920 0.400000
59.158998 56.079817 0.400000
57.881624 57.437790 0.400000
56.505593 58.619160 0.400000
54.841261 60.349659 0.400000
53.250199 61.025303 0.400000
51.603365 62.177870 0.400000
49.718434 63.121436 0.400000
48.012686 63.698916 0.400000
45.953615 64.060226 0.400000
44.280168 64.543463 0.400000
42.340151 65.026111 0.400000
40.214006 64.960948 0.400000
38.332455 64.981839 0.400000
36.587130 64.851453 0.400000
34.732575 64.419425 0.400000
32.596020 63.816740 0.400000
30.437471 63.188036 0.400000
28.959339 62.772119 0.400000
27.334750 61.375325 0.400000
25.320416 60.205002 0.400000
24.104101 59.476305 0.400000
22.726298 57.953948 0.400000
21.191143 56.432313 0.400000
19.966284 54.876939 0.400000
18.593891 53.465863 0.400000
17.887507 51.310730 0.400000
17.172363 49.974338 0.400000
16.480647 47.890749 0.400000
15.962553 46.066737 0.400000
15.314675 44.194964 0.400000
15.204654 42.437046 0.400000
14.951680 40.334047 0.400000
14.743995 38.424592 0.400000
15.127880 36.464399 0.400000
15.506162 34.536626 0.400000
16.388609 32.389100 0.400000
16.791355 30.679568 0.400000
17.613136 28.930990 0.400000
18.632989 27.499201 0.400000
19.499327 25.639615 0.400000
20.721690 24.012743 0.400000
22.075772 22.468674 0.400000
23.521640 21.432920 0.400000
25.097091 20.298916 0.400000
26.840798 18.904532 0.400000
28.037532 18.063845 0.400000
30.325817 17.135051 0.400000
31.799296 16.363980 0.400000
33.893316 15.542475 0.400000
35.892905 15.293143 0.400000
37.937369 15.126022 0.400000
39.680207 14.637667 0.400000
41.364792 14.886611 0.400000
43.685713 14.830539 0.400000
45.676695 15.866472 0.400000
47.360568 16.035867 0.400000
49.103922 17.225322 0.400000
51.033850 17.756994 0.400000
52.970574 18.497986 0.400000
54.369429 19.553093 0.400000
55.912609 20.585716 0.400000
57.243264 22.074410 0.400000
58.634431 23.400682 0.400000
60.142101 25.098807 0.400000
60.950527 26.557368 0.400000
62.046312 28.343469 0.400000
62.912022 30.354974 0.400000
63.798677 31.731868 0.400000
64.390056 34.177095 0.400000
64.604336 35.718109 0.400000
65.005851 37.771782 0.400000
65.053655 39.533874 0.400000
64.875851 41.659554 0.400000


64.638162 43.656989 0.400000
64.217290 45.391577 0.400000
64.027941 47.471569 0.400000
63.403689 49.053263 0.400000
62.238014 51.309176 0.400000
61.398323 52.890646 0.400000
60.281565 54.607273 0.400000
59.099632 56.157467 0.400000
57.760878 57.511109 0.400000
56.411049 58.671571 0.400000
54.691431 60.430541 0.400000
53.174301 61.055995 0.400000
51.501677 62.200023 0.400000
49.608187 63.154953 0.400000
47.925029 63.772004 0.400000
45.862805 64.147579 0.400000
44.223246 64.598409 0.400000
42.239867 64.995444 0.400000
40.095489 64.933518 0.400000
38.230565 65.002251 0.400000
36.464702 64.827507 0.400000
34.683027 64.439397 0.400000
32.489435 63.818216 0.400000
30.376982 63.154451 0.400000
28.864392 62.720241 0.400000
27.248941 61.336438 0.400000
25.183018 60.163021 0.400000
24.020780 59.434551 0.400000
22.701536 57.868160 0.400000
21.124343 56.363226 0.400000
19.854539 54.814050 0.400000
18.447414 53.371398 0.400000
17.831418 51.197683 0.400000
17.115846 49.880020 0.400000
16.445902 47.778408 0.400000
15.945031 45.954662 0.400000
15.311825 44.112894 0.400000
15.168174 42.376801 0.400000
14.938554 40.270517 0.400000
14.809001 38.307990 0.400000
15.131259 36.371120 0.400000
15.572191 34.490180 0.400000
16.435883 32.326350 0.400000
16.799397 30.614543 0.400000
17.664870 28.828651 0.400000
18.630371 27.440364 0.400000
19.586874 25.575290 0.400000
20.783251 23.930941 0.400000
22.155731 22.398784 0.400000
23.609653 21.371530 0.400000
25.156597 20.211502 0.400000
26.965369 18.852275 0.400000
28.086135 18.010767 0.400000
30.492764 17.057458 0.400000
31.913459 16.322879 0.400000
33.964212 15.498199 0.400000
35.972693 15.274748 0.400000
38.017795 15.103313 0.400000
39.721372 14.639115 0.400000
41.428043 14.856135 0.400000
43.791012 14.825124 0.400000
45.824630 15.910591 0.400000
47.451917 16.062611 0.400000
49.155278 17.283980 0.400000
51.145877 17.776224 0.400000
53.080080 18.519425 0.400000
54.473145 19.619941 0.400000
55.952882 20.643054 0.400000
57.348083 22.143245 0.400000
58.703660 23.462677 0.400000
60.190554 25.205257 0.400000
60.999462 26.646694 0.400000
62.144520 28.421054 0.400000
62.979375 30.421602 0.400000
63.873333 31.796443 0.400000
64.437933 34.232184 0.400000
64.617991 35.838204 0.400000
65.018616 37.873741 0.400000
65.024845 39.658255 0.400000
64.834113 41.697660 0.400000


64.622131 43.732795 0.400000
64.175647 45.507586 0.400000
63.979714 47.568832 0.400000
63.328008 49.166098 0.400000
62.188400 51.375877 0.400000
61.338107 52.968745 0.400000
60.211026 54.717237 0.400000
59.067164 56.235592 0.400000
57.687175 57.551836 0.400000
56.357961 58.779525 0.400000
54.607347 60.510260 0.400000
53.067751 61.129276 0.400000
51.383961 62.256845 0.400000
49.529246 63.145166 0.400000
47.804011 63.826022 0.400000
45.743342 64.142731 0.400000
44.100269 64.605653 0.400000
42.145257 65.014258 0.400000
39.963110 64.925631 0.400000
38.170022 64.982482 0.400000
36.370149 64.799907 0.400000
34.625759 64.382455 0.400000
32.376701 63.769371 0.400000
30.272749 63.120924 0.400000
28.748401 62.723537 0.400000
27.178026 61.303043 0.400000
25.104384 60.067637 0.400000
23.953851 59.387739 0.400000
22.688852 57.801027 0.400000
21.090281 56.249853 0.400000
19.814263 54.704316 0.400000
18.399306 53.262787 0.400000
17.763894 51.133502 0.400000
17.082893 49.809034 0.400000
16.439014 47.698573 0.400000
15.919276 45.868962 0.400000
15.279993 44.027299 0.400000
15.096117 42.275497 0.400000
14.967982 40.160871 0.400000
14.810185 38.142173 0.400000
15.150386 36.298968 0.400000
15.615450 34.379763 0.400000
16.480356 32.286318 0.400000
16.854844 30.510741 0.400000
17.704497 28.724247 0.400000
18.746995 27.338808 0.400000
19.662422 25.483102 0.400000
20.813749 23.850766 0.400000
22.233425 22.344609 0.400000
23.707891 21.288037 0.400000
25.232852 20.119946 0.400000
27.055854 18.782734 0.400000
28.185599 18.022092 0.400000
30.608073 17.077059 0.400000
32.045754 16.320103 0.400000
34.030591 15.476172 0.400000
36.071847 15.222942 0.400000
38.111785 15.111263 0.400000
39.843945 14.615637 0.400000
41.545637 14.868529 0.400000
43.942532 14.875185 0.400000
45.896661 15.968579 0.400000
47.562416 16.113131 0.400000
49.255422 17.348739 0.400000
51.248342 17.825917 0.400000
53.158992 18.570782 0.400000
54.529396 19.690716 0.400000
55.981545 20.693767 0.400000
57.395429 22.268086 0.400000
58.814974 23.576652 0.400000
60.233972 25.262507 0.400000
61.057363 26.774592 0.400000
62.203488 28.474177 0.400000
63.000485 30.513372 0.400000
63.876570 31.888026 0.400000
64.440964 34.305220 0.400000
64.639587 35.928117 0.400000
64.978421 37.960017 0.400000
64.995589 39.779744 0.400000
64.799383 41.828997 0.400000


64.573069 43.824070 0.400000
64.132370 45.630062 0.400000
63.964727 47.620782 0.400000
63.309441 49.243588 0.400000
62.133852 51.460623 0.400000
61.238539 53.064728 0.400000
60.120675 54.818883 0.400000
58.962932 56.310009 0.400000
57.628042 57.627144 0.400000
56.278207 58.855499 0.400000
54.534544 60.538084 0.400000
52.960489 61.191003 0.400000
51.280847 62.258360 0.400000
49.444272 63.225850 0.400000
47.723006 63.877670 0.400000
45.635576 64.153623 0.400000
44.010444 64.613818 0.400000
42.039369 65.004430 0.400000
39.848115 64.936987 0.400000
38.059495 64.938771 0.400000
36.298245 64.804241 0.400000
34.505128 64.352972 0.400000
32.288948 63.753516 0.400000
30.265786 63.058023 0.400000
28.668973 62.685145 0.400000
27.076878 61.246603 0.400000
25.030751 59.981972 0.400000
23.868549 59.333836 0.400000
22.660462 57.735569 0.400000
21.007787 56.134144 0.400000
19.781090 54.610670 0.400000
18.311108 53.181398 0.400000
17.727738 51.059279 0.400000
17.059947 49.723730 0.400000
16.434938 47.621526 0.400000
15.878911 45.790102 0.400000
15.273488 43.941019 0.400000
15.065406 42.141704 0.400000
14.977528 40.042182 0.400000
14.799114 38.038962 0.400000
15.197930 36.200575 0.400000
15.631160 34.271255 0.400000
16.550042 32.205340 0.400000
16.899127 30.416280 0.400000
17.745694 28.622524 0.400000
18.781937 27.218953 0.400000
19.762228 25.431050 0.400000
20.895897 23.786450 0.400000
22.303047 22.257697 0.400000
23.803029 21.285627 0.400000
25.299816 20.096235 0.400000
27.183142 18.735711 0.400000
28.304105 18.018315 0.400000
30.705144 17.006120 0.400000
32.120376 16.282937 0.400000
34.127178 15.466692 0.400000
36.184666 15.192862 0.400000
38.219058 15.107377 0.400000
39.942928 14.610079 0.400000
41.654690 14.861121 0.400000
44.037165 14.892021 0.400000
45.946371 15.989129 0.400000
47.689948 16.147826 0.400000
49.343485 17.374610 0.400000
51.304597 17.867164 0.400000
53.233358 18.656355 0.400000
54.576370 19.787990 0.400000
56.031589 20.700547 0.400000
57.477603 22.348363 0.400000
58.883252 23.648511 0.400000
60.301441 25.379333 0.400000
61.133000 26.869225 0.400000
62.260093 28.616187 0.400000
63.092784 30.584423 0.400000
63.868641 32.007453 0.400000
64.474597 34.391194 0.400000
64.699961 36.043354 0.400000
65.006560 38.056293 0.400000
65.012021 39.878866 0.400000
64.782577 41.963640 0.400000


64.565668 43.927249 0.400000
64.110054 45.728272 0.400000
63.932187 47.725019 0.400000
63.295832 49.341821 0.400000
62.139040 51.544779 0.400000
61.217783 53.153515 0.400000
60.128013 54.885930 0.400000
58.860895 56.401959 0.400000
57.569943 57.666398 0.400000
56.212198 58.904034 0.400000
54.475208 60.585776 0.400000
52.878005 61.205901 0.400000
51.195153 62.295291 0.400000
49.398221 63.231354 0.400000
47.640695 63.937612 0.400000
45.556627 64.179958 0.400000
43.936692 64.648895 0.400000
41.971476 65.018032 0.400000
39.784011 64.978016 0.400000
37.961860 64.917775 0.400000
36.167955 64.802477 0.400000
34.390288 64.302128 0.400000
32.181024 63.736486 0.400000
30.202785 63.072476 0.400000
28.539175 62.632148 0.400000
26.957099 61.175671 0.400000
24.894157 59.905041 0.400000
23.796118 59.273415 0.400000
22.586188 57.672756 0.400000
20.971308 56.042907 0.400000
19.716389 54.566419 0.400000
18.272454 53.094959 0.400000
17.664194 50.952618 0.400000
17.073543 49.640568 0.400000
16.405705 47.511402 0.400000
15.819959 45.742096 0.400000
15.252198 43.917920 0.400000
15.034434 42.072571 0.400000
15.005994 39.935630 0.400000
14.820641 37.952533 0.400000
15.172005 36.141679 0.400000
15.665325 34.145659 0.400000
16.566639 32.127889 0.400000
16.979889 30.323117 0.400000
17.767342 28.530010 0.400000
18.842046 27.180291 0.400000
19.830787 25.340973 0.400000
20.970674 23.712711 0.400000
22.363644 22.169194 0.400000
23.872743 21.195125 0.400000
25.394437 20.024137 0.400000
27.237968 18.725305 0.400000
28.420067 17.946411 0.400000
30.796053 16.949463 0.400000
32.224507 16.229724 0.400000
34.263716 15.451798 0.400000
36.324046 15.210308 0.400000
38.291789 15.125199 0.400000
40.038057 14.614019 0.400000
41.746546 14.858497 0.400000
44.126031 14.868879 0.400000
46.058235 16.012699 0.400000
47.775023 16.122910 0.400000
49.472959 17.406482 0.400000
51.320060 17.936195 0.400000
53.336203 18.721846 0.400000
54.650365 19.861295 0.400000
56.163079 20.760386 0.400000
57.569776 22.437794 0.400000
58.906906 23.705563 0.400000
60.404037 25.462639 0.400000
61.207979 26.961727 0.400000
62.279890 28.675852 0.400000
63.155673 30.656177 0.400000
63.921633 32.069951 0.400000
64.473358 34.499789 0.400000
64.666004 36.161220 0.400000
65.014957 38.136284 0.400000
65.012579 39.991132 0.400000
64.765817 42.052911 0.400000


64.580611 44.033087 0.400000
64.092408 45.816770 0.400000
63.884990 47.812549 0.400000
63.285791 49.424534 0.400000
62.056465 51.654709 0.400000
61.146746 53.228685 0.400000
60.079235 54.948042 0.400000
58.781404 56.440812 0.400000
57.451258 57.707939 0.400000
56.171027 58.957191 0.400000
54.419496 60.658243 0.400000
52.769698 61.255712 0.400000
51.096676 62.356954 0.400000
49.299248 63.266480 0.400000
47.556276 63.925178 0.400000
45.440083 64.222259 0.400000
43.828676 64.631791 0.400000
41.881363 64.999041 0.400000
39.717198 64.938991 0.400000
37.869149 64.909122 0.400000
36.065350 64.759013 0.400000
34.272228 64.245724 0.400000
32.059460 63.767427 0.400000
30.066648 63.011679 0.400000
28.479011 62.592324 0.400000
26.860612 61.136203 0.400000
24.833922 59.911829 0.400000
23.691902 59.188407 0.400000
22.458881 57.577843 0.400000
20.945487 55.998285 0.400000
19.676542 54.480382 0.400000
18.288577 52.976465 0.400000
17.620004 50.885424 0.400000
17.025831 49.526340 0.400000
16.358426 47.396054 0.400000
15.846902 45.633477 0.400000
15.272363 43.775661 0.400000
15.012146 41.969181 0.400000
15.026228 39.805878 0.400000
14.855571 37.829602 0.400000
15.203008 36.046871 0.400000
15.685417 34.083168 0.400000
16.592372 32.006647 0.400000
17.034841 30.209717 0.400000
17.862144 28.428103 0.400000
18.898273 27.107155 0.400000
19.886313 25.274828 0.400000
21.044420 23.640421 0.400000
22.390066 22.138327 0.400000
23.915528 21.168788 0.400000
25.433064 19.952010 0.400000
27.348910 18.646138 0.400000
28.530158 17.862478 0.400000
30.933238 16.955197 0.400000
32.224361 16.225098 0.400000
34.315024 15.414165 0.400000
36.399321 15.170032 0.400000
38.406050 15.119424 0.400000
40.170427 14.595651 0.400000
41.833819 14.846688 0.400000
44.240048 14.829673 0.400000
46.142888 16.055286 0.400000
47.874341 16.175029 0.400000
49.522922 17.450894 0.400000
51.412236 17.930738 0.400000
53.400327 18.807017 0.400000
54.687467 19.974881 0.400000
56.241977 20.819844 0.400000
57.662067 22.493716 0.400000
58.955247 23.763236 0.400000
60.444366 25.547512 0.400000
61.279919 27.073185 0.400000
62.315147 28.797723 0.400000
63.225521 30.750091 0.400000
63.956830 32.085632 0.400000
64.467065 34.623289 0.400000
64.675710 36.244219 0.400000
65.012111 38.219767 0.400000
64.950265 40.107449 0.400000
64.751208 42.120928 0.400000


64.566022 44.081356 0.400000
64.128281 45.896665 0.400000
63.842244 47.889030 0.400000
63.234061 49.510459 0.400000
62.020524 51.738886 0.400000
61.112995 53.310246 0.400000
60.028843 55.057457 0.400000
58.707183 56.531002 0.400000
57.303260 57.789337 0.400000
56.127432 58.999039 0.400000
54.355104 60.801763 0.400000
52.673234 61.312373 0.400000
50.976121 62.400793 0.400000
49.200263 63.332100 0.400000
47.441017 63.971921 0.400000
45.349828 64.245261 0.400000
43.705120 64.671538 0.400000
41.806700 64.996177 0.400000
39.623392 64.970666 0.400000
37.752730 64.824960 0.400000
35.961184 64.732393 0.400000
34.167178 64.191106 0.400000
31.947673 63.735832 0.400000
29.991514 62.987834 0.400000
28.423985 62.536708 0.400000
26.830271 61.134832 0.400000
24.764447 59.850120 0.400000
23.595222 59.127189 0.400000
22.402339 57.471581 0.400000
20.863067 55.960274 0.400000
19.620323 54.376046 0.400000
18.285402 52.903499 0.400000
17.540253 50.802743 0.400000
16.978815 49.460955 0.400000
16.313552 47.339592 0.400000
15.831304 45.488239 0.400000
15.249393 43.666225 0.400000
14.999735 41.900147 0.400000
15.022749 39.683665 0.400000
14.889569 37.701858 0.400000
15.201163 35.929836 0.400000
15.719616 33.991848 0.400000
16.599053 31.935325 0.400000
17.097101 30.101527 0.400000
17.909035 28.277544 0.400000
18.954300 27.014911 0.400000
19.973335 25.172891 0.400000
21.085916 23.529784 0.400000
22.486460 22.106995 0.400000
23.995405 21.121206 0.400000
25.482392 19.906894 0.400000
27.405835 18.637983 0.400000
28.632871 17.833501 0.400000
31.005607 16.934429 0.400000
32.319468 16.193474 0.400000
34.373683 15.381505 0.400000
36.505010 15.111681 0.400000
38.497634 15.112762 0.400000
40.230032 14.577387 0.400000
41.926580 14.811026 0.400000
44.322737 14.895198 0.400000
46.255682 16.096041 0.400000
47.953991 16.252493 0.400000
49.649793 17.461139 0.400000
51.513904 17.998851 0.400000
53.499916 18.865618 0.400000
54.753990 20.086931 0.400000
56.352819 20.829326 0.400000
57.707050 22.549164 0.400000
59.016590 23.854208 0.400000
60.481889 25.617652 0.400000
61.316956 27.168254 0.400000
62.330893 28.887880 0.400000
63.251416 30.812890 0.400000
64.007743 32.156944 0.400000
64.522026 34.680940 0.400000
64.709983 36.349522 0.400000
65.037168 38.301734 0.400000
64.950073 40.226850 0.400000
64.759410 42.179449 0.400000


64.538112 44.214815 0.400000
64.122832 46.020352 0.400000
63.819522 47.983368 0.400000
63.186031 49.587981 0.400000
61.957707 51.793772 0.400000
61.022437 53.387313 0.400000
59.908391 55.139153 0.400000
58.629630 56.637622 0.400000
57.266797 57.862528 0.400000
55.996376 59.053379 0.400000
54.285745 60.857592 0.400000
52.559313 61.369364 0.400000
50.869303 62.443570 0.400000
49.099745 63.381402 0.400000
47.332097 64.041208 0.400000
45.242128 64.259427 0.400000
43.611970 64.708507 0.400000
41.735431 65.017519 0.400000
39.593616 64.981271 0.400000
37.670528 64.800628 0.400000
35.848815 64.724645 0.400000
34.095204 64.099322 0.400000
31.863304 63.665426 0.400000
29.880327 62.968759 0.400000
28.288587 62.537131 0.400000
26.723547 61.102503 0.400000
24.714646 59.778695 0.400000
23.543669 59.109143 0.400000
22.320520 57.386278 0.400000
20.814585 55.909741 0.400000
19.573442 54.309374 0.400000
18.260610 52.876137 0.400000
17.547157 50.729687 0.400000
16.951790 49.350396 0.400000
16.253523 47.219199 0.400000
15.847902 45.423663 0.400000
15.192661 43.568848 0.400000
15.008329 41.781524 0.400000
15.070795 39.554292 0.400000
14.910997 37.551611 0.400000
15.270956 35.836076 0.400000
15.768193 33.874133 0.400000
16.642289 31.876915 0.400000
17.177593 29.978679 0.400000
17.966173 28.191644 0.400000
19.033034 26.983758 0.400000
20.090812 25.102744 0.400000
21.170588 23.462555 0.400000
22.560413 22.061002 0.400000
24.085377 21.024818 0.400000
25.569638 19.818916 0.400000
27.488266 18.562441 0.400000
28.734202 17.786582 0.400000
31.089242 16.916567 0.400000
32.393741 16.160502 0.400000
34.429682 15.388282 0.400000
36.570628 15.090488 0.400000
38.605049 15.088987 0.400000
40.317320 14.581791 0.400000
42.064841 14.791681 0.400000
44.387671 14.914911 0.400000
46.385159 16.127229 0.400000
48.091260 16.249353 0.400000
49.765738 17.517295 0.400000
51.614200 18.002686 0.400000
53.570631 18.917381 0.400000
54.823777 20.164432 0.400000
56.453502 20.929186 0.400000
57.737193 22.655959 0.400000
59.102490 23.910006 0.400000
60.519713 25.676881 0.400000
61.364472 27.269852 0.400000
62.383975 28.978053 0.400000
63.309967 30.956727 0.400000
64.026940 32.275191 0.400000
64.495687 34.725778 0.400000
64.703972 36.460910 0.400000
65.034376 38.399554 0.400000
64.950619 40.359246 0.400000
64.790242 42.318591 0.400000


64.472869 44.292910 0.400000
64.116146 46.120714 0.400000
63.810142 48.087887 0.400000
63.150751 49.665296 0.400000
61.939383 51.932458 0.400000
60.950528 53.472159 0.400000
59.889053 55.212499 0.400000
58.587566 56.731677 0.400000
57.198813 57.935165 0.400000
55.910830 59.131119 0.400000
54.172157 60.836481 0.400000
52.459081 61.381680 0.400000
50.811220 62.528030 0.400000
48.996826 63.412810 0.400000
47.254984 64.035163 0.400000
45.103557 64.284490 0.400000
43.492695 64.727071 0.400000
41.592118 65.086273 0.400000
39.524247 64.990188 0.400000
37.540643 64.827868 0.400000
35.799397 64.673882 0.400000
33.987588 64.053630 0.400000
31.787983 63.627613 0.400000
29.756098 62.910689 0.400000
28.213254 62.496869 0.400000
26.664234 61.002604 0.400000
24.649229 59.695296 0.400000
23.513503 59.026954 0.400000
22.245583 57.313624 0.400000
20.717850 55.808412 0.400000
19.525012 54.219388 0.400000
18.225841 52.763900 0.400000
17.525176 50.696469 0.400000
16.892694 49.317984 0.400000
16.198672 47.104381 0.400000
15.793420 45.324687 0.400000
15.175073 43.430271 0.400000
14.973827 41.696272 0.400000
15.085843 39.453047 0.400000
14.919770 37.430023 0.400000
15.289021 35.730662 0.400000
15.812109 33.767819 0.400000
16.628710 31.761293 0.400000
17.207990 29.915751 0.400000
17.986277 28.110119 0.400000
19.133613 26.884565 0.400000
20.183591 25.036331 0.400000
21.222072 23.382704 0.400000
22.632449 21.991293 0.400000
24.182823 20.965415 0.400000
25.634629 19.819675 0.400000
27.618299 18.495298 0.400000
28.875065 17.666526 0.400000
31.139379 16.920711 0.400000
32.499161 16.126018 0.400000
34.503726 15.412060 0.400000
36.647658 15.102599 0.400000
38.702995 15.089370 0.400000
40.428857 14.611329 0.400000
42.180837 14.813774 0.400000
44.459791 14.962651 0.400000
46.497907 16.145771 0.400000
48.165400 16.305392 0.400000
49.870591 17.569188 0.400000
51.698861 18.075729 0.400000
53.619177 18.960327 0.400000
54.940852 20.226947 0.400000
56.553326 20.948711 0.400000
57.781073 22.689267 0.400000
59.151121 23.972075 0.400000
60.587165 25.723531 0.400000
61.419085 27.405531 0.400000
62.432371 29.067031 0.400000
63.381033 31.057706 0.400000
64.093670 32.362636 0.400000
64.509660 34.832962 0.400000
64.731207 36.574820 0.400000
65.069394 38.433994 0.400000
64.967480 40.412855 0.400000
64.786965 42.411724 0.400000


64.501627 44.352956 0.400000
64.051693 46.249727 0.400000
63.756113 48.195690 0.400000
63.159849 49.770870 0.400000
61.881044 52.035493 0.400000
60.858977 53.542971 0.400000
59.817552 55.316422 0.400000
58.508325 56.803648 0.400000
57.154546 57.995004 0.400000
55.784757 59.222700 0.400000
54.098786 60.864495 0.400000
52.400482 61.458878 0.400000
50.691999 62.557166 0.400000
48.910884 63.471249 0.400000
47.182916 64.049775 0.400000
45.012047 64.301485 0.400000
43.402960 64.772241 0.400000
41.504069 65.111171 0.400000
39.386085 65.022121 0.400000
37.403622 64.824884 0.400000
35.669605 64.656491 0.400000
33.896316 64.044528 0.400000
31.706513 63.641064 0.400000
29.670491 62.859923 0.400000
28.058310 62.449908 0.400000
26.596078 60.972177 0.400000
24.568864 59.614734 0.400000
23.425210 58.919641 0.400000
22.200945 57.215656 0.400000
20.624991 55.738208 0.400000
19.509613 54.094008 0.400000
18.187090 52.673820 0.400000
17.514686 50.607562 0.400000
16.847522 49.206443 0.400000
16.153323 46.991747 0.400000
15.772662 45.189416 0.400000
15.181244 43.339665 0.400000
14.959654 41.609639 0.400000
15.094307 39.326300 0.400000
14.956837 37.322167 0.400000
15.227479 35.683245 0.400000
15.789246 33.665239 0.400000
16.606618 31.674237 0.400000
17.282070 29.780742 0.400000
18.004023 27.986946 0.400000
19.191967 26.858835 0.400000
20.172030 24.967376 0.400000
21.269549 23.349190 0.400000
22.727183 21.953368 0.400000
24.236421 20.862855 0.400000
25.739241 19.753224 0.400000
27.701896 18.400049 0.400000
28.954021 17.572272 0.400000
31.298341 16.860566 0.400000
32.620888 16.129603 0.400000
34.593236 15.470874 0.400000
36.750776 15.091732 0.400000
38.807741 15.022016 0.400000
40.535535 14.561928 0.400000
42.308077 14.847067 0.400000
44.566299 14.981365 0.400000
46.625758 16.217621 0.400000
48.257007 16.356400 0.400000
49.965272 17.624578 0.400000
51.803665 18.099653 0.400000
53.716541 19.023827 0.400000
55.012580 20.299528 0.400000
56.695017 21.010580 0.400000
57.901095 22.777644 0.400000
59.201871 24.066949 0.400000
60.648784 25.785365 0.400000
61.507497 27.535986 0.400000
62.479681 29.190936 0.400000
63.407282 31.147683 0.400000
64.145364 32.438451 0.400000
64.499182 34.951799 0.400000
64.709241 36.690856 0.400000
65.030214 38.534354 0.400000
65.004511 40.513400 0.400000
64.766086 42.501688 0.400000


64.504808 44.467414 0.400000
64.025542 46.353495 0.400000
63.722005 48.296618 0.400000
63.133832 49.888285 0.400000
61.836152 52.157703 0.400000
60.777606 53.622358 0.400000
59.717119 55.372538 0.400000
58.438423 56.907225 0.400000
57.050628 58.079722 0.400000
55.684938 59.265543 0.400000
53.985434 60.946266 0.400000
52.341413 61.514594 0.400000
50.677052 62.612724 0.400000
48.796384 63.555717 0.400000
47.094076 64.098019 0.400000
44.933786 64.267097 0.400000
43.338090 64.784250 0.400000
41.409827 65.157994 0.400000
39.265995 65.044104 0.400000
37.312696 64.821863 0.400000
35.548172 64.605625 0.400000
33.801239 63.994510 0.400000
31.625000 63.600623 0.400000
29.594721 62.818073 0.400000
27.935568 62.385332 0.400000
26.502452 60.915050 0.400000
24.446627 59.548225 0.400000
23.354970 58.827435 0.400000
22.148648 57.143985 0.400000
20.578357 55.667935 0.400000
19.457234 53.999358 0.400000
18.156363 52.593498 0.400000
17.443591 50.533536 0.400000
16.825171 49.117809 0.400000
16.118140 46.894442 0.400000
15.776510 45.086031 0.400000
15.122406 43.226449 0.400000
14.940390 41.477194 0.400000
15.088785 39.228189 0.400000
15.021475 37.256451 0.400000
15.230506 35.566820 0.400000
15.781478 33.589632 0.400000
16.597460 31.534657 0.400000
17.367958 29.716700 0.400000
18.107050 27.923988 0.400000
19.225031 26.792989 0.400000
20.203972 24.923658 0.400000
21.310791 23.253456 0.400000
22.834036 21.886695 0.400000
24.299879 20.809883 0.400000
25.827949 19.705140 0.400000
27.750122 18.369901 0.400000
29.030421 17.523113 0.400000
31.347059 16.812476 0.400000
32.663896 16.053466 0.400000
34.707325 15.469677 0.400000
36.869964 15.097992 0.400000
38.960806 14.990884 0.400000
40.690666 14.583239 0.400000
42.405312 14.886207 0.400000
44.705328 14.989610 0.400000
46.713419 16.189874 0.400000
48.316400 16.378993 0.400000
50.071363 17.643022 0.400000
51.873271 18.196392 0.400000
53.798244 19.101270 0.400000
55.107451 20.314294 0.400000
56.728419 21.121875 0.400000
57.927369 22.847460 0.400000
59.252105 24.125206 0.400000
60.701958 25.899787 0.400000
61.521611 27.649060 0.400000
62.496967 29.245950 0.400000
63.467945 31.240270 0.400000
64.204531 32.540061 0.400000
64.550665 35.060997 0.400000
64.692749 36.721405 0.400000
65.044889 38.604959 0.400000
64.978553 40.647586 0.400000
64.775810 42.579012 0.400000


64.474870 44.568264 0.400000
64.006640 46.442152 0.400000
63.708385 48.370103 0.400000
63.138703 50.004584 0.400000
61.811941 52.265997 0.400000
60.746984 53.678695 0.400000
59.645357 55.444400 0.400000
58.372454 56.964516 0.400000
56.971845 58.131297 0.400000
55.625075 59.310593 0.400000
53.872669 61.022351 0.400000
52.265383 61.569427 0.400000
50.532624 62.676082 0.400000
48.692088 63.580676 0.400000
46.974426 64.130591 0.400000
44.850208 64.316376 0.400000
43.219664 64.818170 0.400000
41.355717 65.173761 0.400000
39.117691 65.053171 0.400000
37.160094 64.800466 0.400000
35.415185 64.579608 0.400000
33.719169 63.980821 0.400000
31.558637 63.568865 0.400000
29.522578 62.754121 0.400000
27.819542 62.318736 0.400000
26.392618 60.859083 0.400000
24.370631 59.531465 0.400000
23.329909 58.765412 0.400000
22.116582 57.069882 0.400000
20.537240 55.532493 0.400000
19.396019 53.918563 0.400000
18.097751 52.474371 0.400000
17.381106 50.448385 0.400000
16.783729 48.991819 0.400000
16.073755 46.798125 0.400000
15.773356 45.001119 0.400000
15.124420 43.128643 0.400000
14.951440 41.366688 0.400000
15.111884 39.136546 0.400000
14.970755 37.142932 0.400000
15.253672 35.504302 0.400000
15.779887 33.465310 0.400000
16.596025 31.461115 0.400000
17.403828 29.663771 0.400000
18.160860 27.878438 0.400000
19.335905 26.691042 0.400000
20.246694 24.850527 0.400000
21.319715 23.166423 0.400000
22.884975 21.835059 0.400000
24.371947 20.742935 0.400000
25.937812 19.636640 0.400000
27.810515 18.279684 0.400000
29.126464 17.507410 0.400000
31.431260 16.793065 0.400000
32.797293 16.017022 0.400000
34.824494 15.443927 0.400000
36.950861 15.072707 0.400000
39.051576 14.979480 0.400000
40.843865 14.555607 0.400000
42.475292 14.922825 0.400000
44.809568 14.989808 0.400000
46.832888 16.208781 0.400000
48.391930 16.406841 0.400000
50.170938 17.672024 0.400000
51.975467 18.202705 0.400000
53.883255 19.135646 0.400000
55.138234 20.372236 0.400000
56.778236 21.211978 0.400000
57.973062 22.969555 0.400000
59.338945 24.229768 0.400000
60.764701 25.963247 0.400000
61.574631 27.745358 0.400000
62.546063 29.353911 0.400000
63.468088 31.320147 0.400000
64.210562 32.666020 0.400000
64.614453 35.162051 0.400000
64.715496 36.823615 0.400000
65.047437 38.722197 0.400000
64.994137 40.755823 0.400000
64.730842 42.642683 0.400000


64.468574 44.678792 0.400000
63.953413 46.552212 0.400000
63.664305 48.475040 0.400000
63.087441 50.114974 0.400000
61.764259 52.348976 0.400000
60.716782 53.702186 0.400000
59.540534 55.550174 0.400000
58.285944 57.036484 0.400000
56.865459 58.171174 0.400000
55.551909 59.395874 0.400000
53.742928 61.043612 0.400000
52.151725 61.588608 0.400000
50.437399 62.715221 0.400000
48.620877 63.580063 0.400000
46.862670 64.155367 0.400000
44.784597 64.365438 0.400000
43.139127 64.833518 0.400000
41.225737 65.163834 0.400000
38.976041 65.030316 0.400000
37.134635 64.826726 0.400000
35.316308 64.589832 0.400000
33.631848 63.923064 0.400000
31.450046 63.544117 0.400000
29.447537 62.700612 0.400000
27.731515 62.342012 0.400000
26.318823 60.811362 0.400000
24.274494 59.498893 0.400000
23.247105 58.699304 0.400000
22.058139 56.982154 0.400000
20.476497 55.459527 0.400000
19.336265 53.828753 0.400000
18.047389 52.400486 0.400000
17.352613 50.377154 0.400000
16.733784 48.907976 0.400000
15.983688 46.713964 0.400000
15.715229 44.969524 0.400000
15.107706 42.985379 0.400000
14.967985 41.272444 0.400000
15.088426 39.094634 0.400000
14.983103 37.037294 0.400000
15.259836 35.371177 0.400000
15.764904 33.394220 0.400000
16.616738 31.390768 0.400000
17.462066 29.598524 0.400000
18.233348 27.820597 0.400000
19.428566 26.602781 0.400000
20.275776 24.728346 0.400000
21.333770 23.084638 0.400000
22.991988 21.771156 0.400000
24.454137 20.652217 0.400000
25.989877 19.649713 0.400000
27.857342 18.245711 0.400000
29.185387 17.452208 0.400000
31.499335 16.742269 0.400000
32.882402 15.999193 0.400000
34.919153 15.456918 0.400000
37.050703 15.111686 0.400000
39.173134 15.009382 0.400000
40.925885 14.571128 0.400000
42.550072 14.957403 0.400000
44.865703 14.989707 0.400000
46.912247 16.275690 0.400000
48.506268 16.456495 0.400000
50.191203 17.683696 0.400000
52.082589 18.216365 0.400000
53.947533 19.208935 0.400000
55.204547 20.434835 0.400000
56.888687 21.290912 0.400000
58.002871 23.040878 0.400000
59.435111 24.286025 0.400000
60.805633 26.052131 0.400000
61.655565 27.813578 0.400000
62.566861 29.422382 0.400000
63.521483 31.392576 0.400000
64.247373 32.769952 0.400000
64.646506 35.284208 0.400000
64.777685 36.938824 0.400000
65.037044 38.743763 0.400000
65.004120 40.850047 0.400000
64.738553 42.752900 0.400000


64.386691 44.757636 0.400000
63.958761 46.626087 0.400000
63.625249 48.594522 0.400000
63.046536 50.227220 0.400000
61.727672 52.447251 0.400000
60.692637 53.797725 0.400000
59.483988 55.637633 0.400000
58.230229 57.120311 0.400000
56.790909 58.311641 0.400000
55.480708 59.443300 0.400000
53.607413 61.121134 0.400000
52.106615 61.633423 0.400000
50.363856 62.727840 0.400000
48.524036 63.611166 0.400000
46.791634 64.202923 0.400000
44.657659 64.399013 0.400000
43.032374 64.833344 0.400000
41.171940 65.169852 0.400000
38.769872 65.038998 0.400000
37.009176 64.785842 0.400000
35.187500 64.546851 0.400000
33.533269 63.873157 0.400000
31.374371 63.504333 0.400000
29.325410 62.633941 0.400000
27.582042 62.321014 0.400000
26.208785 60.744462 0.400000
24.187192 59.415950 0.400000
23.200197 58.588273 0.400000
21.972536 56.940263 0.400000
20.377229 55.399012 0.400000
19.294522 53.732865 0.400000
18.013042 52.365931 0.400000
17.318357 50.342070 0.400000
16.689729 48.861032 0.400000
15.991632 46.627069 0.400000
15.668078 44.871953 0.400000
15.115092 42.889904 0.400000
14.974388 41.145031 0.400000
15.087426 38.988199 0.400000
15.005841 36.852407 0.400000
15.297506 35.253555 0.400000
15.809856 33.356676 0.400000
16.642560 31.315339 0.400000
17.520282 29.527155 0.400000
18.317052 27.737996 0.400000
19.501203 26.500634 0.400000
20.327230 24.656938 0.400000
21.400881 22.997813 0.400000
23.064966 21.719061 0.400000
24.543454 20.599285 0.400000
26.058755 19.573836 0.400000
27.942262 18.160069 0.400000
29.280660 17.383602 0.400000
31.631325 16.696647 0.400000
32.948444 15.947979 0.400000
35.031879 15.403826 0.400000
37.105895 15.130688 0.400000
39.258304 15.003989 0.400000
41.060653 14.510174 0.400000
42.642329 14.941434 0.400000
44.962465 15.002723 0.400000
47.020775 16.331422 0.400000
48.572303 16.506510 0.400000
50.273755 17.740394 0.400000
52.174201 18.283566 0.400000
54.070722 19.306832 0.400000
55.354112 20.526269 0.400000
56.994756 21.361439 0.400000
58.055612 23.152588 0.400000
59.563878 24.379013 0.400000
60.833375 26.153414 0.400000
61.721000 27.914250 0.400000
62.680812 29.496989 0.400000
63.536770 31.510518 0.400000
64.290398 32.843210 0.400000
64.647232 35.361260 0.400000
64.783128 37.089305 0.400000
65.016761 38.803307 0.400000
64.984618 40.923752 0.400000
64.756682 42.870489 0.400000


64.368780 44.893907 0.400000
63.889315 46.731528 0.400000
63.601391 48.696579 0.400000
62.965501 50.287264 0.400000
61.643843 52.518582 0.400000
60.636111 53.865331 0.400000
59.402567 55.712792 0.400000
58.174486 57.190902 0.400000
56.713543 58.408782 0.400000
55.419571 59.500557 0.400000
53.541738 61.189039 0.400000
52.013352 61.692243 0.400000
50.235965 62.736043 0.400000
48.417430 63.672978 0.400000
46.662944 64.248812 0.400000
44.507143 64.397590 0.400000
42.924866 64.878301 0.400000
41.075441 65.171648 0.400000
38.668719 65.015854 0.400000
36.933530 64.806018 0.400000
35.115596 64.470859 0.400000
33.452786 63.835339 0.400000
31.318974 63.451002 0.400000
29.180399 62.594456 0.400000
27.466561 62.248191 0.400000
26.142881 60.734154 0.400000
24.064259 59.388441 0.400000
23.125875 58.465488 0.400000
21.942540 56.885386 0.400000
20.294497 55.276446 0.400000
19.247524 53.668745 0.400000
17.969405 52.264685 0.400000
17.292654 50.284774 0.400000
16.595628 48.716819 0.400000
15.941097 46.511627 0.400000
15.663854 44.776332 0.400000
15.096019 42.816866 0.400000
14.929097 41.096149 0.400000
15.047642 38.855379 0.400000
15.024039 36.746578 0.400000
15.315206 35.144633 0.400000
15.871463 33.281283 0.400000
16.732380 31.174916 0.400000
17.554081 29.460740 0.400000
18.377910 27.719250 0.400000
19.528858 26.433306 0.400000
20.370523 24.595513 0.400000
21.468217 22.912377 0.400000
23.155082 21.659629 0.400000
24.579725 20.579986 0.400000
26.137790 19.549762 0.400000
28.072707 18.113957 0.400000
29.381589 17.341571 0.400000
31.740869 16.647951 0.400000
33.028611 15.905257 0.400000
35.117193 15.415884 0.400000
37.208722 15.109273 0.400000
39.342989 15.009720 0.400000
41.174393 14.527913 0.400000
42.750899 14.980695 0.400000
45.064583 14.966796 0.400000
47.089919 16.393519 0.400000
48.711342 16.542941 0.400000
50.369114 17.799567 0.400000
52.299040 18.333349 0.400000
54.215480 19.373151 0.400000
55.416294 20.619610 0.400000
57.049377 21.401844 0.400000
58.162430 23.170953 0.400000
59.658413 24.428096 0.400000
60.881249 26.224100 0.400000
61.800897 28.001840 0.400000
62.733373 29.521629 0.400000
63.573312 31.553353 0.400000
64.334614 32.921999 0.400000
64.637593 35.436186 0.400000
64.743273 37.263373 0.400000
65.019645 38.907243 0.400000
64.988483 41.038617 0.400000
64.757555 42.971348 0.400000


64.368570 44.997506 0.400000
63.837978 46.787280 0.400000
63.587109 48.771242 0.400000
62.912369 50.392249 0.400000
61.612927 52.630859 0.400000
60.593496 53.955256 0.400000
59.338934 55.809677 0.400000
58.100759 57.260528 0.400000
56.616792 58.507057 0.400000
55.329289 59.508130 0.400000
53.421345 61.248208 0.400000
51.934614 61.734410 0.400000
50.126411 62.774246 0.400000
48.334563 63.664434 0.400000
46.569372 64.280386 0.400000
44.423416 64.420854 0.400000
42.848429 64.921619 0.400000
40.949442 65.204719 0.400000
38.537589 64.999250 0.400000
36.814545 64.817810 0.400000
35.049356 64.444015 0.400000
33.390992 63.821873 0.400000
31.230138 63.424838 0.400000
29.110356 62.502529 0.400000
27.375382 62.215576 0.400000
26.131600 60.701415 0.400000
23.977501 59.375468 0.400000
23.085422 58.393003 0.400000
21.866006 56.780696 0.400000
20.207565 55.194743 0.400000
19.149456 53.602967 0.400000
17.974678 52.171050 0.400000
17.311795 50.189456 0.400000
16.563052 48.617229 0.400000
15.920939 46.390084 0.400000
15.684621 44.666084 0.400000
15.073915 42.757379 0.400000
14.912101 40.980026 0.400000
15.075853 38.714473 0.400000
15.023752 36.619557 0.400000
15.321230 35.039036 0.400000
15.907224 33.198576 0.400000
16.766081 31.031984 0.400000
17.585118 29.343520 0.400000
18.445364 27.622753 0.400000
19.586294 26.345154 0.400000
20.458461 24.471768 0.400000
21.475581 22.880536 0.400000
23.221324 21.602763 0.400000
24.722894 20.556142 0.400000
26.236603 19.445820 0.400000
28.166334 18.032560 0.400000
29.461185 17.280722 0.400000
31.815643 16.610809 0.400000
33.097859 15.900894 0.400000
35.196274 15.408881 0.400000
37.249034 15.142524 0.400000
39.369985 14.988828 0.400000
41.335382 14.540585 0.400000
42.829436 14.975863 0.400000
45.176586 14.984562 0.400000
47.141093 16.347771 0.400000
48.811678 16.571569 0.400000
50.414727 17.837243 0.400000
52.371680 18.332155 0.400000
54.347873 19.382178 0.400000
55.505077 20.713011 0.400000
57.083433 21.468051 0.400000
58.228057 23.212600 0.400000
59.750389 24.528532 0.400000
60.931824 26.324825 0.400000
61.846396 28.095037 0.400000
62.781938 29.618957 0.400000
63.620842 31.608579 0.400000
64.355898 33.036100 0.400000
64.680407 35.530863 0.400000
64.803188 37.342342 0.400000
65.025797 38.975320 0.400000
65.039253 41.146155 0.400000
64.743544 43.035264 0.400000


64.336466 45.053412 0.400000
63.822673 46.829105 0.400000
63.563489 48.831625 0.400000
62.853107 50.518552 0.400000
61.646304 52.738664 0.400000
60.577779 54.031465 0.400000
59.253848 55.911821 0.400000
58.007547 57.306948 0.400000
56.505082 58.515533 0.400000
55.225994 59.523370 0.400000
53.357920 61.339131 0.400000
51.864413 61.781131 0.400000
50.057642 62.789934 0.400000
48.274327 63.665657 0.400000
46.499205 64.271134 0.400000
44.296933 64.410515 0.400000
42.802651 64.896336 0.400000
40.864480 65.194117 0.400000
38.450995 64.997365 0.400000
36.738451 64.769006 0.400000
34.972001 64.420575 0.400000
33.296927 63.752433 0.400000
31.132206 63.397638 0.400000
29.026932 62.526988 0.400000
27.291330 62.159662 0.400000
26.005713 60.651175 0.400000
23.897138 59.320699 0.400000
23.009301 58.390267 0.400000
21.800564 56.704713 0.400000
20.145907 55.160187 0.400000
19.069409 53.557763 0.400000
17.914497 52.099834 0.400000
17.242551 50.121467 0.400000
16.509568 48.553795 0.400000
15.904574 46.273855 0.400000
15.702282 44.598489 0.400000
15.102985 42.668215 0.400000
14.899440 40.918399 0.400000
15.099578 38.600056 0.400000
15.036405 36.530694 0.400000
15.350512 34.945880 0.400000
15.958035 33.092627 0.400000
16.851442 30.923685 0.400000
17.647333 29.284360 0.400000
18.483482 27.537206 0.400000
19.664522 26.263995 0.400000
20.502972 24.377285 0.400000
21.525943 22.808940 0.400000
23.271379 21.516094 0.400000
24.825653 20.511862 0.400000
26.316181 19.392272 0.400000
28.271406 17.992223 0.400000
29.519494 17.237512 0.400000
31.910990 16.631915 0.400000
33.212209 15.890673 0.400000
35.273029 15.386293 0.400000
37.394681 15.113440 0.400000
39.457376 14.994843 0.400000
41.377290 14.532313 0.400000
42.881279 14.952786 0.400000
45.259698 15.032492 0.400000
47.264884 16.346379 0.400000
48.920719 16.562405 0.400000
50.495154 17.902484 0.400000
52.465853 18.371629 0.400000
54.414625 19.409593 0.400000
55.569511 20.765802 0.400000
57.149375 21.532752 0.400000
58.285528 23.288540 0.400000
59.802502 24.597728 0.400000
60.960150 26.405885 0.400000
61.872750 28.182491 0.400000
62.798735 29.703563 0.400000
63.663034 31.745753 0.400000
64.376993 33.102636 0.400000
64.714678 35.648989 0.400000
64.852213 37.469583 0.400000
65.041486 39.109845 0.400000
65.008970 41.264257 0.400000
64.766094 43.136411 0.400000


64.301616 45.184273 0.400000
63.833360 46.970056 0.400000
63.540533 48.924529 0.400000
62.801055 50.614120 0.400000
61.612143 52.814895 0.400000
60.439860 54.115589 0.400000
59.238748 56.000473 0.400000
57.958330 57.379068 0.400000
56.431137 58.516584 0.400000
55.155444 59.603363 0.400000
53.271243 61.403233 0.400000
51.775475 61.819714 0.400000
49.974496 62.878152 0.400000
48.201450 63.715321 0.400000
46.377717 64.329017 0.400000
44.238952 64.435632 0.400000
42.700917 64.879372 0.400000
40.726307 65.198365 0.400000
38.323279 64.963011 0.400000
36.652740 64.739832 0.400000
34.874983 64.423161 0.400000
33.218629 63.741972 0.400000
31.029531 63.337848 0.400000
28.943535 62.464151 0.400000
27.196357 62.070637 0.400000
25.929204 60.548998 0.400000
23.794075 59.220054 0.400000
22.945000 58.330287 0.400000
21.757887 56.650301 0.400000
20.099227 55.082448 0.400000
18.982603 53.446456 0.400000
17.872285 52.049693 0.400000
17.178050 50.062639 0.400000
16.474930 48.427980 0.400000
15.940426 46.195716 0.400000
15.729259 44.495978 0.400000
15.080167 42.526483 0.400000
14.863351 40.772265 0.400000
15.160168 38.512054 0.400000
15.091782 36.404196 0.400000
15.304181 34.838824 0.400000
15.984245 32.945870 0.400000
16.877003 30.828873 0.400000
17.719975 29.210651 0.400000
18.531608 27.392490 0.400000
19.766016 26.182147 0.400000
20.593880 24.320381 0.400000
21.557707 22.752931 0.400000
23.346153 21.455363 0.400000
24.867173 20.448254 0.400000
26.381861 19.326728 0.400000
28.344677 17.971790 0.400000
29.667415 17.167133 0.400000
31.943318 16.644318 0.400000
33.282313 15.893036 0.400000
35.345911 15.318516 0.400000
37.518351 15.151558 0.400000
39.565075 14.961718 0.400000
41.440696 14.537545 0.400000
43.007363 14.985911 0.400000
45.397535 15.041331 0.400000
47.409764 16.387647 0.400000
49.034193 16.572694 0.400000
50.601326 17.913593 0.400000
52.562678 18.444361 0.400000
54.473087 19.489842 0.400000
55.661010 20.836607 0.400000
57.204530 21.631277 0.400000
58.321835 23.329123 0.400000
59.866966 24.671847 0.400000
61.016486 26.496599 0.400000
61.891558 28.279016 0.400000
62.803305 29.810375 0.400000
63.687816 31.842184 0.400000
64.443535 33.267148 0.400000
64.760582 35.686550 0.400000
64.811242 37.600491 0.400000
65.044623 39.197686 0.400000
65.011215 41.362694 0.400000
64.783883 43.257945 0.400000


64.289363 45.274272 0.400000
63.828261 47.057024 0.400000
63.516002 49.039305 0.400000
62.775904 50.686300 0.400000
61.546427 52.887102 0.400000
60.391422 54.163777 0.400000
59.212747 56.046570 0.400000
57.867828 57.422840 0.400000
56.368664 58.574722 0.400000
55.101740 59.688388 0.400000
53.198571 61.508172 0.400000
51.690750 61.826857 0.400000
49.873497 62.912359 0.400000
48.102147 63.772782 0.400000
46.216318 64.377156 0.400000
44.122269 64.469023 0.400000
42.568846 64.935373 0.400000
40.645767 65.243887 0.400000
38.197994 64.932898 0.400000
36.560480 64.753134 0.400000
34.785155 64.445084 0.400000
33.142024 63.699779 0.400000
30.924875 63.298042 0.400000
28.823583 62.428556 0.400000
27.129540 62.035698 0.400000
25.802804 60.501309 0.400000
23.719842 59.107875 0.400000
22.862330 58.278582 0.400000
21.708522 56.635495 0.400000
20.094390 54.996394 0.400000
18.950098 53.386212 0.400000
17.796552 51.955737 0.400000
17.045925 49.943412 0.400000
16.392356 48.374891 0.400000
15.913962 46.111038 0.400000
15.713365 44.419752 0.400000
15.056065 42.427497 0.400000
14.865759 40.661944 0.400000
15.143099 38.417735 0.400000
15.090286 36.272256 0.400000
15.294502 34.765327 0.400000
16.027711 32.875481 0.400000
16.948746 30.791148 0.400000
17.768398 29.159826 0.400000
18.596068 27.289410 0.400000
19.815895 26.092407 0.400000
20.706021 24.194578 0.400000
21.579840 22.649915 0.400000
23.401158 21.391391 0.400000
24.967801 20.399719 0.400000
26.445636 19.249939 0.400000
28.423839 17.936025 0.400000
29.767059 17.133984 0.400000
32.019434 16.583488 0.400000
33.356672 15.878690 0.400000
35.465984 15.308223 0.400000
37.631387 15.117725 0.400000
39.650840 14.991882 0.400000
41.499134 14.560384 0.400000
43.090718 14.976049 0.400000
45.485304 15.062275 0.400000
47.514981 16.389240 0.400000
49.104935 16.563168 0.400000
50.678793 17.943501 0.400000
52.629594 18.543048 0.400000
54.541786 19.578871 0.400000
55.694051 20.890157 0.400000
57.222725 21.702657 0.400000
58.362532 23.412095 0.400000
59.931566 24.754523 0.400000
61.099267 26.593034 0.400000
61.975909 28.373970 0.400000
62.874815 29.881428 0.400000
63.699515 31.921967 0.400000
64.505052 33.388929 0.400000
64.743558 35.728904 0.400000
64.840547 37.640778 0.400000
65.074380 39.270222 0.400000
65.059189 41.475900 0.400000
64.765082 43.378140 0.400000


64.262138 45.372013 0.400000
63.816204 47.179356 0.400000
63.439258 49.115149 0.400000
62.738900 50.787691 0.400000
61.510068 52.953794 0.400000
60.387204 54.238526 0.400000
59.199663 56.126808 0.400000
57.794799 57.491013 0.400000
56.285796 58.655531 0.400000
55.028379 59.761601 0.400000
53.113951 61.540741 0.400000
51.591032 61.875232 0.400000
49.734851 62.963298 0.400000
47.998571 63.806154 0.400000
46.121893 64.410218 0.400000
43.988350 64.478876 0.400000
42.467797 64.973841 0.400000
40.538482 65.219237 0.400000
38.084880 64.906637 0.400000
36.474224 64.730617 0.400000
34.769680 64.411999 0.400000
33.064541 63.640399 0.400000
30.783451 63.298269 0.400000
28.762953 62.398769 0.400000
27.028808 61.950053 0.400000
25.716751 60.377948 0.400000
23.599847 59.027695 0.400000
22.763940 58.208348 0.400000
21.601814 56.580879 0.400000
20.015183 54.921450 0.400000
18.918205 53.329345 0.400000
17.696638 51.913410 0.400000
16.995364 49.873774 0.400000
16.368073 48.303448 0.400000
15.859962 46.008663 0.400000
15.741654 44.316177 0.400000
15.067404 42.355700 0.400000
14.820704 40.546930 0.400000
15.115075 38.375850 0.400000
15.099506 36.157331 0.400000
15.328220 34.649634 0.400000
16.102317 32.789587 0.400000
17.019590 30.706428 0.400000
17.798262 29.078314 0.400000
18.609541 27.213373 0.400000
19.873840 25.986095 0.400000
20.754761 24.150341 0.400000
21.673308 22.529560 0.400000
23.487154 21.315729 0.400000
25.011501 20.346977 0.400000
26.587193 19.216059 0.400000
28.524962 17.850101 0.400000
29.863749 17.089442 0.400000
32.079180 16.502010 0.400000
33.443693 15.870673 0.400000
35.555441 15.340529 0.400000
37.748608 15.134010 0.400000
39.779723 14.991835 0.400000
41.606150 14.560390 0.400000
43.215548 14.987960 0.400000
45.564991 15.095854 0.400000
47.621041 16.389663 0.400000
49.193978 16.610343 0.400000
50.822007 17.996884 0.400000
52.745915 18.642755 0.400000
54.615962 19.646205 0.400000
55.756305 20.918259 0.400000
57.289988 21.766098 0.400000
58.444065 23.504995 0.400000
59.984252 24.778751 0.400000
61.137248 26.686762 0.400000
61.987555 28.501546 0.400000
62.945187 29.997474 0.400000
63.761116 31.988099 0.400000
64.539336 33.456958 0.400000
64.788232 35.842357 0.400000
64.915700 37.737069 0.400000
65.119690 39.390757 0.400000
65.075574 41.579519 0.400000
64.725844 43.499133 0.400000


64.206688 45.446166 0.400000
63.767808 47.284109 0.400000
63.420276 49.221851 0.400000
62.696108 50.911552 0.400000
61.458247 53.080242 0.400000
60.357613 54.298779 0.400000
59.152180 56.230630 0.400000
57.734408 57.553600 0.400000
56.212455 58.756892 0.400000
54.988705 59.794867 0.400000
53.028658 61.537502 0.400000
51.444336 61.909381 0.400000
49.647800 62.995894 0.400000
47.894884 63.874278 0.400000
46.035319 64.386640 0.400000
43.935944 64.508910 0.400000
42.374044 64.974975 0.400000
40.438655 65.263222 0.400000
38.005451 64.912981 0.400000
36.365703 64.702183 0.400000
34.694785 64.352375 0.400000
32.953339 63.623712 0.400000
30.721830 63.244423 0.400000
28.640742 62.350091 0.400000
26.906655 61.918359 0.400000
25.631896 60.336307 0.400000
23.532991 58.970172 0.400000
22.663183 58.129686 0.400000
21.584805 56.468699 0.400000
19.958265 54.824569 0.400000
18.857907 53.205303 0.400000
17.648104 51.850884 0.400000
16.942565 49.839947 0.400000
16.357114 48.188512 0.400000
15.820680 45.939595 0.400000
15.738592 44.250637 0.400000
15.048526 42.267726 0.400000
14.814201 40.454099 0.400000
15.123643 38.239754 0.400000
15.109623 36.043487 0.400000
15.341502 34.553393 0.400000
16.128262 32.715491 0.400000
17.048231 30.611467 0.400000
17.822002 29.012049 0.400000
18.703513 27.123325 0.400000
19.883506 25.926608 0.400000
20.809531 24.049200 0.400000
21.697966 22.466215 0.400000
23.613373 21.240786 0.400000
25.062469 20.257039 0.400000
26.703861 19.200865 0.400000
28.601718 17.837097 0.400000
29.905681 17.092805 0.400000
32.136307 16.464349 0.400000
33.508328 15.813735 0.400000
35.651434 15.294635 0.400000
37.847083 15.092957 0.400000
39.912420 14.998282 0.400000
41.694821 14.568170 0.400000
43.310834 14.999314 0.400000
45.685739 15.140667 0.400000
47.736457 16.472362 0.400000
49.326851 16.633298 0.400000
50.904600 18.069698 0.400000
52.861809 18.692270 0.400000
54.679451 19.692194 0.400000
55.793557 20.990676 0.400000
57.338448 21.863709 0.400000
58.470253 23.619634 0.400000
60.066434 24.825450 0.400000
61.175344 26.762061 0.400000
62.022006 28.587518 0.400000
62.959430 30.087837 0.400000
63.816022 32.060711 0.400000
64.582782 33.524948 0.400000
64.844721 35.951165 0.400000
64.942540 37.858830 0.400000
65.083956 39.522048 0.400000
65.049951 41.688490 0.400000
64.765288 43.616781 0.400000


64.168064 45.562987 0.400000
63.750159 47.355328 0.400000
63.333291 49.301555 0.400000
62.696319 51.029315 0.400000
61.402485 53.199322 0.400000
60.299839 54.349524 0.400000
59.100679 56.305960 0.400000
57.637980 57.662757 0.400000
56.116976 58.842046 0.400000
54.878878 59.849837 0.400000
52.947647 61.613121 0.400000
51.300877 61.967243 0.400000
49.593081 63.040486 0.400000
47.780879 63.899647 0.400000
45.946584 64.349841 0.400000
43.855289 64.527061 0.400000
42.304426 65.000114 0.400000
40.330560 65.250952 0.400000
37.930923 64.854543 0.400000
36.300975 64.716542 0.400000
34.640871 64.282977 0.400000
32.859791 63.621548 0.400000
30.622006 63.235439 0.400000
28.604106 62.374200 0.400000
26.816599 61.863545 0.400000
25.566810 60.244281 0.400000
23.438104 58.921140 0.400000
22.578730 58.058546 0.400000
21.524111 56.410134 0.400000
19.849142 54.686082 0.400000
18.771530 53.140652 0.400000
17.553402 51.753954 0.400000
16.889430 49.758068 0.400000
16.355702 48.095322 0.400000
15.826628 45.849980 0.400000
15.731350 44.152133 0.400000
15.085079 42.147922 0.400000
14.804602 40.340944 0.400000
15.121136 38.114903 0.400000
15.135910 35.958910 0.400000
15.352106 34.459650 0.400000
16.162043 32.604531 0.400000
17.137928 30.509599 0.400000
17.896845 28.923430 0.400000
18.787588 26.952274 0.400000
19.971670 25.860518 0.400000
20.888714 24.015016 0.400000
21.754258 22.390706 0.400000
23.693875 21.167403 0.400000
25.171650 20.232646 0.400000
26.741259 19.129121 0.400000
28.717490 17.744952 0.400000
29.985705 17.081997 0.400000
32.181698 16.431830 0.400000
33.581418 15.758161 0.400000
35.747509 15.253244 0.400000
37.924289 15.075993 0.400000
39.991352 15.022975 0.400000
41.791583 14.594144 0.400000
43.457556 15.010358 0.400000
45.752969 15.125418 0.400000
47.771219 16.513644 0.400000
49.421679 16.703814 0.400000
51.041183 18.131658 0.400000
52.933525 18.762925 0.400000
54.742812 19.704643 0.400000
55.884262 21.075743 0.400000
57.439443 21.890064 0.400000
58.529926 23.695787 0.400000
60.088468 24.943661 0.400000
61.208673 26.838778 0.400000
62.054156 28.659540 0.400000
63.029731 30.175829 0.400000
63.858980 32.176514 0.400000
64.612783 33.664658 0.400000
64.889604 36.055019 0.400000
64.998896 37.992462 0.400000
65.040746 39.646699 0.400000
65.034186 41.744599 0.400000
64.763418 43.690800 0.400000


64.157682 45.686503 0.400000
63.681720 47.464456 0.400000
63.265737 49.384293 0.400000
62.621125 51.115911 0.400000
61.312408 53.222072 0.400000
60.255611 54.439867 0.400000
59.026897 56.362660 0.400000
57.557593 57.733301 0.400000
56.010272 58.864385 0.400000
54.832771 59.897917 0.400000
52.865131 61.717456 0.400000
51.228165 62.016095 0.400000
49.555862 63.090048 0.400000
47.698303 63.935587 0.400000
45.865415 64.389073 0.400000
43.734389 64.501974 0.400000
42.216748 65.004960 0.400000
40.223280 65.261482 0.400000
37.830966 64.844896 0.400000
36.228005 64.697751 0.400000
34.558565 64.298965 0.400000
32.783108 63.547302 0.400000
30.578553 63.244339 0.400000
28.524179 62.306112 0.400000
26.722048 61.838218 0.400000
25.460802 60.233577 0.400000
23.351869 58.862442 0.400000
22.452463 57.963555 0.400000
21.448783 56.335281 0.400000
19.791903 54.639683 0.400000
18.691615 53.097040 0.400000
17.517230 51.658159 0.400000
16.832114 49.674426 0.400000
16.286431 47.985365 0.400000
15.811048 45.799611 0.400000
15.766353 44.072035 0.400000
15.061329 42.047149 0.400000
14.838730 40.259232 0.400000
15.148746 38.013641 0.400000
15.148900 35.864147 0.400000
15.381691 34.335538 0.400000
16.211920 32.538139 0.400000
17.163169 30.410415 0.400000
17.970616 28.854517 0.400000
18.853242 26.814742 0.400000
20.016432 25.772990 0.400000
20.954447 23.974028 0.400000
21.851943 22.288272 0.400000
23.755057 21.117011 0.400000
25.234505 20.119474 0.400000
26.762278 19.134488 0.400000
28.785866 17.618106 0.400000
30.092104 17.039131 0.400000
32.254923 16.423194 0.400000
33.692370 15.755538 0.400000
35.865967 15.214982 0.400000
38.050931 15.050250 0.400000
40.043999 15.002595 0.400000
41.904773 14.581177 0.400000
43.563453 14.997850 0.400000
45.834137 15.155060 0.400000
47.884619 16.539879 0.400000
49.544765 16.769621 0.400000
51.178634 18.140461 0.400000
53.025403 18.824547 0.400000
54.822039 19.782105 0.400000
55.928708 21.177683 0.400000
57.494638 21.922525 0.400000
58.604296 23.764489 0.400000
60.144355 25.047224 0.400000
61.286033 26.974003 0.400000
62.092203 28.796326 0.400000
63.064311 30.298659 0.400000
63.909167 32.245949 0.400000
64.595951 33.749264 0.400000
64.973937 36.114293 0.400000
65.031646 38.078795 0.400000
65.045138 39.743735 0.400000
65.012945 41.855301 0.400000
64.763220 43.833895 0.400000


64.149649 45.761441 0.400000
63.646286 47.574365 0.400000
63.212694 49.496577 0.400000
62.613494 51.238541 0.400000
61.247596 53.266478 0.400000
60.193224 54.520462 0.400000
58.952363 56.401202 0.400000
57.489652 57.795878 0.400000
55.926260 58.900235 0.400000
54.769119 59.928611 0.400000
52.790540 61.821033 0.400000
51.148015 62.063497 0.400000
49.446548 63.107090 0.400000
47.581811 63.969511 0.400000
45.727408 64.431665 0.400000
43.634206 64.513376 0.400000
42.108388 65.049184 0.400000
40.123102 65.279792 0.400000
37.755932 64.848916 0.400000
36.145610 64.696308 0.400000
34.432689 64.276898 0.400000
32.685654 63.552351 0.400000
30.459492 63.177866 0.400000
28.432773 62.225380 0.400000
26.604377 61.791352 0.400000
25.352262 60.160905 0.400000
23.345057 58.745721 0.400000
22.379282 57.936955 0.400000
21.396545 56.294887 0.400000
19.736127 54.608937 0.400000
18.655890 52.986326 0.400000
17.449368 51.568568 0.400000
16.787266 49.582397 0.400000
16.224110 47.865976 0.400000
15.796527 45.677313 0.400000
15.778089 44.003281 0.400000
15.078925 41.927697 0.400000
14.862146 40.213793 0.400000
15.190632 37.899013 0.400000
15.175980 35.751089 0.400000
15.394376 34.204681 0.400000
16.258626 32.432405 0.400000
17.243788 30.314095 0.400000
18.028710 28.754660 0.400000
18.903013 26.695969 0.400000
20.022010 25.726467 0.400000
21.068266 23.903403 0.400000
21.911843 22.237516 0.400000
23.881365 21.072908 0.400000
25.264362 20.109812 0.400000
26.850579 19.101801 0.400000
28.877241 17.581937 0.400000
30.184553 16.985526 0.400000
32.352795 16.435755 0.400000
33.834230 15.740639 0.400000
36.006229 15.257342 0.400000
38.109674 14.997578 0.400000
40.189088 15.002783 0.400000
41.990898 14.605992 0.400000
43.682527 15.047330 0.400000
45.956230 15.133876 0.400000
47.965173 16.578644 0.400000
49.627050 16.793994 0.400000
51.236078 18.208635 0.400000
53.100862 18.845635 0.400000
54.929757 19.827309 0.400000
55.952352 21.268994 0.400000
57.599491 22.002724 0.400000
58.658496 23.870539 0.400000
60.206873 25.098363 0.400000
61.350087 27.065179 0.400000
62.080557 28.891101 0.400000
63.117666 30.412763 0.400000
63.948203 32.355537 0.400000
64.625308 33.855086 0.400000
64.961617 36.203917 0.400000
64.992344 38.186946 0.400000
65.034068 39.812425 0.400000
64.986736 41.994261 0.400000
64.717032 43.919930 0.400000


64.124932 45.862937 0.400000
63.617798 47.648021 0.400000
63.188246 49.609589 0.400000
62.554890 51.302762 0.400000
61.197899 53.382036 0.400000
60.151648 54.606574 0.400000
58.913145 56.459824 0.400000
57.406784 57.874684 0.400000
55.881661 58.970840 0.400000
54.681994 60.004405 0.400000
52.705249 61.898242 0.400000
51.053842 62.101984 0.400000
49.335855 63.119692 0.400000
47.526516 64.002468 0.400000
45.611929 64.454613 0.400000
43.501997 64.560868 0.400000
42.020883 65.055091 0.400000
40.014434 65.201720 0.400000
37.688695 64.813642 0.400000
36.080313 64.659518 0.400000
34.369655 64.256429 0.400000
32.545777 63.521035 0.400000
30.344370 63.166527 0.400000
28.330824 62.209842 0.400000
26.555575 61.738352 0.400000
25.270910 60.078529 0.400000
23.283362 58.668225 0.400000
22.303284 57.838133 0.400000
21.298778 56.206675 0.400000
19.676065 54.539425 0.400000
18.597375 52.870020 0.400000
17.428286 51.489555 0.400000
16.757790 49.473838 0.400000
16.266491 47.780177 0.400000
15.803346 45.565176 0.400000
15.741363 43.933887 0.400000
15.074250 41.806829 0.400000
14.870569 40.114776 0.400000
15.262597 37.810921 0.400000
15.203641 35.622374 0.400000
15.403864 34.089411 0.400000
16.264949 32.360366 0.400000
17.290765 30.178013 0.400000
18.083438 28.663952 0.400000
18.927493 26.643461 0.400000
20.057975 25.646716 0.400000
21.145844 23.854785 0.400000
21.984245 22.154232 0.400000
23.944172 20.947438 0.400000
25.325801 20.078604 0.400000
26.951830 19.061504 0.400000
29.007601 17.564808 0.400000
30.238446 16.918331 0.400000
32.445358 16.354101 0.400000
33.948195 15.682668 0.400000
36.118256 15.309199 0.400000
38.203161 15.018551 0.400000
40.296790 15.025730 0.400000
42.069696 14.631358 0.400000
43.713714 15.094069 0.400000
46.051223 15.107229 0.400000
48.074650 16.580844 0.400000
49.686061 16.852229 0.400000
51.317003 18.278734 0.400000
53.141487 18.901626 0.400000
55.012615 19.883576 0.400000
56.047359 21.390953 0.400000
57.651527 22.078609 0.400000
58.749578 23.954960 0.400000
60.251686 25.140874 0.400000
61.425196 27.123779 0.400000
62.094547 28.968164 0.400000
63.162450 30.458009 0.400000
63.987973 32.465928 0.400000
64.621181 33.950228 0.400000
64.948255 36.291775 0.400000
64.971364 38.281903 0.400000
64.995294 39.857145 0.400000
64.960714 42.131631 0.400000
64.765471 43.993806 0.400000


64.080288 45.950470 0.400000
63.623821 47.734027 0.400000
63.109470 49.717451 0.400000
62.500001 51.424764 0.400000
61.152645 53.455367 0.400000
60.094846 54.728685 0.400000
58.831566 56.550425 0.400000
57.345266 57.929726 0.400000
55.791608 59.046483 0.400000
54.618013 60.071209 0.400000
52.635890 61.991866 0.400000
50.951515 62.172068 0.400000
49.266663 63.174849 0.400000
47.470846 64.057692 0.400000
45.580005 64.503549 0.400000
43.414435 64.577478 0.400000
41.886448 65.081208 0.400000
39.985997 65.218393 0.400000
37.593546 64.867813 0.400000
36.003877 64.653540 0.400000
34.298645 64.244672 0.400000
32.428541 63.452961 0.400000
30.230378 63.149568 0.400000
28.285785 62.142182 0.400000
26.449947 61.668613 0.400000
25.228727 60.003978 0.400000
23.164914 58.583941 0.400000
22.241340 57.751093 0.400000
21.230799 56.139333 0.400000
19.621264 54.455044 0.400000
18.498359 52.754059 0.400000
17.375596 51.408194 0.400000
16.753342 49.405380 0.400000
16.188544 47.729432 0.400000
15.755714 45.472473 0.400000
15.689892 43.804063 0.400000
15.037563 41.704046 0.400000
14.866073 40.016181 0.400000
15.256308 37.733781 0.400000
15.208352 35.532243 0.400000
15.409803 33.945721 0.400000
16.334630 32.284955 0.400000
17.350008 30.072547 0.400000
18.118402 28.566845 0.400000
19.022230 26.597300 0.400000
20.173264 25.548258 0.400000
21.231048 23.755178 0.400000
22.052235 22.080001 0.400000
24.013519 20.873969 0.400000
25.424033 20.040369 0.400000
27.040615 19.023999 0.400000
29.105577 17.494055 0.400000
30.334365 16.888450 0.400000
32.605895 16.301800 0.400000
34.063640 15.696923 0.400000
36.219626 15.232270 0.400000
38.302872 14.994649 0.400000
40.330463 15.032171 0.400000
42.160548 14.656730 0.400000
43.830632 15.120033 0.400000
46.128352 15.109545 0.400000
48.172178 16.577247 0.400000
49.780984 16.885596 0.400000
51.407143 18.374098 0.400000
53.266745 18.968977 0.400000
55.080693 19.950490 0.400000
56.123904 21.447375 0.400000
57.695082 22.167024 0.400000
58.822548 24.020695 0.400000
60.283726 25.248022 0.400000
61.489945 27.200237 0.400000
62.154776 29.052839 0.400000
63.203139 30.571712 0.400000
64.010817 32.517870 0.400000
64.636232 34.084105 0.400000
64.980136 36.367514 0.400000
65.003198 38.366344 0.400000
65.011521 39.951810 0.400000
64.967154 42.229159 0.400000
64.775524 44.144154 0.400000


64.050577 46.045692 0.400000
63.585092 47.859778 0.400000
63.089832 49.809987 0.400000
62.477207 51.546960 0.400000
61.119382 53.568704 0.400000
60.016293 54.801472 0.400000
58.746464 56.621748 0.400000
57.285332 57.993761 0.400000
55.722042 59.065988 0.400000
54.580144 60.154371 0.400000
52.559831 62.020013 0.400000
50.852887 62.239636 0.400000
49.203828 63.200517 0.400000
47.328668 64.067010 0.400000
45.477728 64.581720 0.400000
43.313984 64.586023 0.400000
41.820907 65.104971 0.400000
39.868387 65.183951 0.400000
37.436435 64.855612 0.400000
35.903747 64.670529 0.400000
34.102546 64.214858 0.400000
32.359144 63.409146 0.400000
30.192728 63.090735 0.400000
28.224602 62.093304 0.400000
26.317872 61.598680 0.400000
25.111522 59.944012 0.400000
23.087488 58.525301 0.400000
22.200784 57.659969 0.400000
21.179131 56.074333 0.400000
19.546136 54.382366 0.400000
18.468261 52.649498 0.400000
17.325049 51.330831 0.400000
16.764104 49.327327 0.400000
16.134802 47.676840 0.400000
15.703254 45.389587 0.400000
15.704832 43.671149 0.400000
15.033357 41.589129 0.400000
14.889377 39.898251 0.400000
15.293868 37.637916 0.400000
15.187635 35.478348 0.400000
15.451749 33.839866 0.400000
16.355634 32.174538 0.400000
17.380819 30.006529 0.400000
18.158646 28.489342 0.400000
19.065136 26.469547 0.400000
20.238174 25.491337 0.400000
21.288257 23.665930 0.400000
22.104349 22.011077 0.400000
24.061253 20.825395 0.400000
25.527994 19.984037 0.400000
27.112085 19.000169 0.400000
29.145331 17.434160 0.400000
30.412424 16.844018 0.400000
32.682154 16.309516 0.400000
34.116563 15.682625 0.400000
36.317211 15.237227 0.400000
38.398983 14.966892 0.400000
40.409989 15.035717 0.400000
42.311754 14.660434 0.400000
43.888040 15.120076 0.400000
46.231600 15.123621 0.400000
48.282083 16.620167 0.400000
49.863435 16.928384 0.400000
51.524705 18.393886 0.400000
53.321889 19.071979 0.400000
55.151939 20.036174 0.400000
56.209756 21.514170 0.400000
57.786887 22.244328 0.400000
58.832124 24.077941 0.400000
60.342193 25.341073 0.400000
61.556401 27.293986 0.400000
62.195894 29.134303 0.400000
63.242406 30.675712 0.400000
64.062288 32.602309 0.400000
64.614650 34.186853 0.400000
64.988347 36.445097 0.400000
64.936284 38.484740 0.400000
64.994059 40.055339 0.400000
64.938139 42.345830 0.400000
64.779205 44.271794 0.400000


64.018760 46.114664 0.400000
63.600942 47.939864 0.400000
63.034560 49.908069 0.400000
62.404809 51.666887 0.400000
61.023503 53.687720 0.400000
59.915761 54.881323 0.400000
58.681132 56.709637 0.400000
57.226013 58.106769 0.400000
55.619133 59.141425 0.400000
54.471709 60.203540 0.400000
52.459570 62.029591 0.400000
50.754837 62.293415 0.400000
49.135443 63.210869 0.400000
47.255523 64.109682 0.400000
45.393802 64.627547 0.400000
43.241070 64.609109 0.400000
41.672799 65.091144 0.400000
39.746745 65.175226 0.400000
37.324921 64.829281 0.400000
35.833392 64.649327 0.400000
34.018041 64.181209 0.400000
32.274138 63.369905 0.400000
30.112153 63.048896 0.400000
28.106373 62.039497 0.400000
26.245785 61.526538 0.400000
24.999297 59.875456 0.400000
22.999021 58.488297 0.400000
22.102242 57.609132 0.400000
21.137817 56.025666 0.400000
19.496044 54.326403 0.400000
18.409437 52.554735 0.400000
17.258688 51.227215 0.400000
16.708542 49.225670 0.400000
16.086824 47.529020 0.400000
15.652270 45.307219 0.400000
15.698783 43.601622 0.400000
15.032943 41.469629 0.400000
14.857448 39.796929 0.400000
15.309272 37.558240 0.400000
15.222750 35.356663 0.400000
15.493491 33.732333 0.400000
16.428994 32.030788 0.400000
17.471412 29.914772 0.400000
18.198669 28.401098 0.400000
19.129137 26.403447 0.400000
20.293259 25.420793 0.400000
21.302594 23.636858 0.400000
22.175303 21.977766 0.400000
24.118828 20.735355 0.400000
25.581519 19.943252 0.400000
27.177884 18.934006 0.400000
29.237336 17.397190 0.400000
30.499641 16.810775 0.400000
32.724570 16.300723 0.400000
34.220063 15.677549 0.400000
36.398404 15.248748 0.400000
38.491001 14.961349 0.400000
40.560670 15.032311 0.400000
42.419837 14.682600 0.400000
43.969181 15.116363 0.400000
46.326245 15.130947 0.400000
48.401348 16.647812 0.400000
49.958210 16.944337 0.400000
51.607967 18.490331 0.400000
53.425071 19.105824 0.400000
55.251166 20.115969 0.400000
56.245535 21.536156 0.400000
57.868610 22.269539 0.400000
58.846275 24.159669 0.400000
60.426134 25.400073 0.400000
61.589157 27.350822 0.400000
62.252340 29.219086 0.400000
63.302168 30.764743 0.400000
64.161024 32.684683 0.400000
64.643146 34.255501 0.400000
65.004327 36.524649 0.400000
64.972936 38.634741 0.400000
65.072081 40.153471 0.400000
64.924667 42.461403 0.400000
64.792711 44.344729 0.400000


63.983349 46.213196 0.400000
63.598335 48.030921 0.400000
62.972540 50.009802 0.400000
62.374998 51.761549 0.400000
60.925749 53.788004 0.400000
59.887012 54.929620 0.400000
58.652166 56.769724 0.400000
57.122896 58.157282 0.400000
55.552871 59.222486 0.400000
54.411049 60.287455 0.400000
52.389015 62.074776 0.400000
50.683599 62.371426 0.400000
49.036843 63.234124 0.400000
47.179370 64.068887 0.400000
45.240994 64.645099 0.400000
43.117490 64.593232 0.400000
41.564344 65.105011 0.400000
39.639638 65.141880 0.400000
37.198649 64.830558 0.400000
35.748253 64.631288 0.400000
33.881723 64.156457 0.400000
32.169615 63.344334 0.400000
30.065394 63.037894 0.400000
27.954610 61.984670 0.400000
26.162501 61.476160 0.400000
24.923709 59.777424 0.400000
22.932048 58.406047 0.400000
22.045366 57.532645 0.400000
21.029995 55.984673 0.400000
19.439906 54.233959 0.400000
18.406583 52.508554 0.400000
17.196826 51.112339 0.400000
16.705442 49.136752 0.400000
16.091609 47.435271 0.400000
15.668959 45.191683 0.400000
15.643739 43.526712 0.400000
15.013515 41.364274 0.400000
14.886236 39.735862 0.400000
15.292334 37.429782 0.400000
15.204232 35.232788 0.400000
15.503083 33.616364 0.400000
16.482594 31.917968 0.400000
17.534141 29.885828 0.400000
18.299764 28.294901 0.400000
19.144188 26.344172 0.400000
20.299663 25.364566 0.400000
21.363126 23.587019 0.400000
22.206026 21.874718 0.400000
24.201853 20.683367 0.400000
25.646044 19.873433 0.400000
27.268498 18.909124 0.400000
29.282305 17.367347 0.400000
30.546137 16.780662 0.400000
32.850263 16.218661 0.400000
34.256667 15.621663 0.400000
36.506472 15.199221 0.400000
38.587449 14.925310 0.400000
40.653519 15.046190 0.400000
42.504554 14.711244 0.400000
44.037909 15.149934 0.400000
46.390543 15.171412 0.400000
48.471389 16.681202 0.400000
50.068302 16.999259 0.400000
51.682982 18.564680 0.400000
53.505523 19.160314 0.400000
55.321449 20.155597 0.400000
56.323584 21.598352 0.400000
57.931312 22.354870 0.400000
58.934393 24.257814 0.400000
60.461382 25.488744 0.400000
61.658403 27.402057 0.400000
62.341157 29.328612 0.400000
63.347490 30.806605 0.400000
64.189285 32.748179 0.400000
64.740801 34.340396 0.400000
65.014209 36.615124 0.400000
65.027223 38.736974 0.400000
65.051446 40.210920 0.400000
64.896070 42.600302 0.400000
64.788132 44.439316 0.400000


63.950216 46.312726 0.400000
63.590698 48.221521 0.400000
62.882736 50.124261 0.400000
62.353204 51.815980 0.400000
60.833037 53.821910 0.400000
59.846016 54.999457 0.400000
58.573087 56.829574 0.400000
57.003509 58.242465 0.400000
55.469103 59.318257 0.400000
54.309904 60.343839 0.400000
52.314579 62.120133 0.400000
50.555052 62.466719 0.400000
48.936114 63.250284 0.400000
47.083711 64.077255 0.400000
45.100077 64.632207 0.400000
43.023176 64.628187 0.400000
41.426008 65.102070 0.400000
39.566901 65.123404 0.400000
37.113102 64.809505 0.400000
35.692286 64.617320 0.400000
33.802830 64.146594 0.400000
32.053366 63.342146 0.400000
30.016633 62.989551 0.400000
27.875231 61.897396 0.400000
26.071839 61.394438 0.400000
24.810423 59.699016 0.400000
22.862920 58.351236 0.400000
21.971574 57.486239 0.400000
20.933019 55.909459 0.400000
19.368235 54.150539 0.400000
18.352582 52.424741 0.400000
17.142633 51.009369 0.400000
16.695481 48.990399 0.400000
16.087844 47.323684 0.400000
15.669661 45.099860 0.400000
15.632221 43.459617 0.400000
15.041142 41.257814 0.400000
14.905326 39.677008 0.400000
15.264846 37.306983 0.400000
15.275855 35.121735 0.400000
15.530525 33.524565 0.400000
16.573411 31.834721 0.400000
17.581409 29.814687 0.400000
18.343265 28.242573 0.400000
19.192341 26.265611 0.400000
20.356778 25.290110 0.400000
21.397354 23.487686 0.400000
22.284541 21.780570 0.400000
24.286038 20.573056 0.400000
25.716993 19.804496 0.400000
27.374348 18.900224 0.400000
29.339397 17.358331 0.400000
30.653369 16.685048 0.400000
32.931869 16.181308 0.400000
34.321033 15.628131 0.400000
36.620527 15.189183 0.400000
38.697339 14.903382 0.400000
40.799084 15.021149 0.400000
42.602216 14.719767 0.400000
44.168901 15.193271 0.400000
46.481633 15.190470 0.400000
48.627497 16.775544 0.400000
50.195811 17.065127 0.400000
51.721962 18.617408 0.400000
53.560153 19.201821 0.400000
55.414336 20.205322 0.400000
56.386872 21.702940 0.400000
58.011882 22.426718 0.400000
59.033750 24.373899 0.400000
60.515246 25.565121 0.400000
61.707158 27.464572 0.400000
62.389677 29.449729 0.400000
63.367136 30.876109 0.400000
64.230753 32.824166 0.400000
64.807140 34.445577 0.400000
64.972138 36.750738 0.400000
65.026038 38.823548 0.400000
65.073613 40.302072 0.400000
64.919837 42.664736 0.400000
64.733050 44.491415 0.400000


63.888464 46.381987 0.400000
63.535239 48.297007 0.400000
62.887346 50.230444 0.400000
62.333836 51.905692 0.400000
60.743807 53.912996 0.400000
59.766085 55.097793 0.400000
58.508868 56.908183 0.400000
56.962833 58.288886 0.400000
55.395459 59.393378 0.400000
54.219343 60.393464 0.400000
52.328044 62.220128 0.400000
50.485453 62.497224 0.400000
48.823261 63.270192 0.400000
46.987698 64.094150 0.400000
45.037878 64.692895 0.400000
42.909936 64.672485 0.400000
41.327064 65.160204 0.400000
39.501253 65.085506 0.400000
36.983608 64.762278 0.400000
35.583466 64.582830 0.400000
33.725993 64.147892 0.400000
32.000345 63.337911 0.400000
29.923841 62.970464 0.400000
27.769888 61.859452 0.400000
26.056575 61.389992 0.400000
24.783497 59.672262 0.400000
22.747881 58.282126 0.400000
21.879713 57.410286 0.400000
20.824210 55.807541 0.400000
19.311911 54.068533 0.400000
18.300132 52.373049 0.400000
17.057162 50.913069 0.400000
16.627476 48.901389 0.400000
16.030417 47.255402 0.400000
15.635103 45.032476 0.400000
15.628100 43.339875 0.400000
15.010932 41.156999 0.400000
14.871554 39.532412 0.400000
15.321033 37.189129 0.400000
15.291108 34.993716 0.400000
15.587392 33.426835 0.400000
16.546765 31.741806 0.400000
17.657466 29.722471 0.400000
18.412261 28.143558 0.400000
19.224026 26.195861 0.400000
20.422683 25.242730 0.400000
21.481910 23.402003 0.400000
22.382436 21.753999 0.400000
24.395480 20.463064 0.400000
25.791734 19.776984 0.400000
27.477994 18.854627 0.400000
29.409833 17.347453 0.400000
30.713406 16.640201 0.400000
33.060029 16.157331 0.400000
34.409489 15.580164 0.400000
36.743522 15.211693 0.400000
38.837956 14.915254 0.400000
40.888499 15.058919 0.400000
42.717917 14.780000 0.400000
44.264580 15.194786 0.400000
46.593656 15.208508 0.400000
48.742659 16.809935 0.400000
50.313085 17.091261 0.400000
51.800109 18.717682 0.400000
53.666358 19.228443 0.400000
55.550714 20.298700 0.400000
56.471403 21.800258 0.400000
58.039657 22.492044 0.400000
59.081205 24.459569 0.400000
60.570826 25.716575 0.400000
61.747763 27.526631 0.400000
62.436165 29.525124 0.400000
63.403405 31.020006 0.400000
64.269031 32.889255 0.400000
64.853826 34.555672 0.400000
65.026451 36.810511 0.400000
65.091578 38.962262 0.400000
65.020890 40.423640 0.400000
64.923171 42.791454 0.400000
64.676258 44.564558 0.400000


63.874286 46.489663 0.400000
63.534202 48.345670 0.400000
62.816228 50.367486 0.400000
62.241516 51.972671 0.400000
60.670789 54.015922 0.400000
59.738063 55.227390 0.400000
58.454464 57.027349 0.400000
56.885186 58.327536 0.400000
55.338696 59.459509 0.400000
54.188206 60.431482 0.400000
52.231679 62.265020 0.400000
50.390690 62.580636 0.400000
48.748876 63.293165 0.400000
46.918297 64.152508 0.400000
44.914492 64.715980 0.400000
42.808466 64.727961 0.400000
41.267192 65.178103 0.400000
39.360896 65.061016 0.400000
36.927701 64.694529 0.400000
35.477159 64.588242 0.400000
33.638177 64.142847 0.400000
31.927408 63.317269 0.400000
29.855008 62.876231 0.400000
27.670128 61.821249 0.400000
26.038062 61.332682 0.400000
24.677096 59.587794 0.400000
22.657407 58.213816 0.400000
21.788000 57.350037 0.400000
20.779886 55.719132 0.400000
19.268283 53.971033 0.400000
18.246827 52.245607 0.400000
17.081160 50.831693 0.400000
16.583538 48.777312 0.400000
15.997246 47.188203 0.400000
15.610488 44.925908 0.400000
15.632561 43.233239 0.400000
15.019672 41.053813 0.400000
14.818582 39.412308 0.400000
15.342388 37.105701 0.400000
15.311570 34.836693 0.400000
15.655925 33.366480 0.400000
16.545392 31.643933 0.400000
17.720801 29.642614 0.400000
18.435346 28.010239 0.400000
19.305919 26.082721 0.400000
20.492871 25.135139 0.400000
21.535204 23.330521 0.400000
22.465814 21.657183 0.400000
24.489226 20.383750 0.400000
25.885795 19.770116 0.400000
27.570698 18.804046 0.400000
29.467387 17.270779 0.400000
30.783164 16.608595 0.400000
33.162819 16.164596 0.400000
34.513304 15.573494 0.400000
36.837039 15.203605 0.400000
38.981715 14.901569 0.400000
40.995852 15.034047 0.400000
42.788964 14.779640 0.400000
44.336654 15.262736 0.400000
46.675736 15.223619 0.400000
48.799140 16.883345 0.400000
50.401612 17.146253 0.400000
51.842451 18.743272 0.400000
53.766443 19.281975 0.400000
55.669520 20.355352 0.400000
56.538992 21.840230 0.400000
58.121002 22.571143 0.400000
59.105469 24.575467 0.400000
60.664041 25.799864 0.400000
61.793706 27.581748 0.400000
62.463642 29.633803 0.400000
63.444224 31.134668 0.400000
64.286896 33.010129 0.400000
64.869220 34.661499 0.400000
65.058416 36.907005 0.400000
65.129969 39.098847 0.400000
65.001189 40.504864 0.400000
64.943975 42.873041 0.400000
64.620905 44.655775 0.400000


63.862596 46.644711 0.400000
63.531099 48.403751 0.400000
62.803830 50.489380 0.400000
62.228859 52.063128 0.400000
60.634281 54.119593 0.400000
59.670634 55.309343 0.400000
58.378742 57.083362 0.400000
56.813247 58.365026 0.400000
55.268784 59.547054 0.400000
54.086584 60.518116 0.400000
52.153951 62.281098 0.400000
50.335497 62.642680 0.400000
48.661083 63.324968 0.400000
46.823015 64.170468 0.400000
44.905438 64.701639 0.400000
42.673065 64.779893 0.400000
41.191358 65.184870 0.400000
39.257441 65.053544 0.400000
36.811771 64.647183 0.400000
35.347199 64.561667 0.400000
33.533028 64.121341 0.400000
31.820480 63.250719 0.400000
29.754627 62.790502 0.400000
27.597782 61.759527 0.400000
25.980193 61.243139 0.400000
24.579045 59.533159 0.400000
22.583083 58.076784 0.400000
21.738407 57.271278 0.400000
20.773959 55.597261 0.400000
19.237653 53.911221 0.400000
18.185865 52.173975 0.400000
17.059283 50.768631 0.400000
16.567937 48.677665 0.400000
15.948214 47.073278 0.400000
15.564118 44.822103 0.400000
15.595334 43.129482 0.400000
15.057771 40.936792 0.400000
14.772621 39.319296 0.400000
15.335256 37.018477 0.400000
15.352798 34.707887 0.400000
15.708452 33.275021 0.400000
16.607300 31.574485 0.400000
17.742189 29.538759 0.400000
18.497296 27.902639 0.400000
19.374863 26.000971 0.400000
20.571063 25.069738 0.400000
21.582221 23.232595 0.400000
22.535603 21.637738 0.400000
24.606468 20.332518 0.400000
25.954182 19.715122 0.400000
27.630729 18.746761 0.400000
29.597864 17.194311 0.400000
30.873482 16.567684 0.400000
33.257090 16.123835 0.400000
34.594724 15.522488 0.400000
36.933137 15.182825 0.400000
39.086628 14.894159 0.400000
41.110811 15.047569 0.400000
42.876564 14.758915 0.400000
44.399124 15.282949 0.400000
46.771688 15.223460 0.400000
48.909132 16.899173 0.400000
50.478347 17.195257 0.400000
51.920324 18.751671 0.400000
53.871708 19.378935 0.400000
55.767435 20.434183 0.400000
56.643990 21.908197 0.400000
58.218870 22.608931 0.400000
59.159556 24.630109 0.400000
60.768454 25.913028 0.400000
61.832843 27.687131 0.400000
62.498840 29.705733 0.400000
63.433237 31.264602 0.400000
64.310660 33.115381 0.400000
64.950839 34.785549 0.400000
65.067215 37.039712 0.400000
65.209636 39.226629 0.400000
64.964338 40.550984 0.400000
64.897260 42.988793 0.400000
64.607576 44.742073 0.400000


63.819789 46.756376 0.400000
63.475389 48.486835 0.400000
62.771654 50.555718 0.400000
62.207478 52.171187 0.400000
60.583963 54.242513 0.400000
59.574199 55.374045 0.400000
58.293193 57.105596 0.400000
56.744620 58.374743 0.400000
55.169655 59.626538 0.400000
54.005150 60.568261 0.400000
52.106076 62.316403 0.400000
50.216655 62.665107 0.400000
48.580993 63.349902 0.400000
46.673671 64.233739 0.400000
44.819977 64.719839 0.400000
42.596718 64.796230 0.400000
41.032612 65.190906 0.400000
39.154430 65.056264 0.400000
36.702123 64.641660 0.400000
35.240240 64.543426 0.400000
33.438477 64.092038 0.400000
31.709922 63.219711 0.400000
29.648751 62.721489 0.400000
27.488069 61.716449 0.400000
25.864738 61.216991 0.400000
24.477345 59.504780 0.400000
22.502452 58.009628 0.400000
21.653065 57.221279 0.400000
20.729941 55.534952 0.400000
19.212043 53.849588 0.400000
18.172233 52.068506 0.400000
16.976707 50.688317 0.400000
16.525973 48.579440 0.400000
15.939494 46.999918 0.400000
15.548858 44.717024 0.400000
15.625650 43.018926 0.400000
15.023949 40.818714 0.400000
14.805822 39.256427 0.400000
15.325418 36.928511 0.400000
15.382035 34.608740 0.400000
15.688114 33.205693 0.400000
16.701362 31.463047 0.400000
17.766077 29.468118 0.400000
18.540348 27.797372 0.400000
19.411754 25.876510 0.400000
20.639510 24.981516 0.400000
21.666247 23.176385 0.400000
22.614714 21.599905 0.400000
24.702316 20.297293 0.400000
26.020950 19.637328 0.400000
27.748603 18.732174 0.400000
29.733957 17.137307 0.400000
30.943349 16.504963 0.400000
33.316755 16.081239 0.400000
34.712871 15.580960 0.400000
37.031542 15.176004 0.400000
39.218324 14.908135 0.400000
41.225431 15.025999 0.400000
42.949372 14.755579 0.400000
44.444629 15.288637 0.400000
46.794232 15.234708 0.400000
49.049944 16.924777 0.400000
50.494059 17.232743 0.400000
51.994924 18.811627 0.400000
53.924245 19.431385 0.400000
55.839288 20.528591 0.400000
56.706586 21.971233 0.400000
58.281078 22.703455 0.400000
59.237377 24.679701 0.400000
60.870409 25.968277 0.400000
61.864173 27.744403 0.400000
62.580634 29.808867 0.400000
63.454326 31.341047 0.400000
64.332410 33.169143 0.400000
64.966198 34.841022 0.400000
65.054545 37.129852 0.400000
65.197262 39.319916 0.400000
64.958038 40.635675 0.400000
64.876498 43.091398 0.400000
64.600220 44.822196 0.400000


63.767046 46.862893 0.400000
63.472681 48.570157 0.400000
62.703552 50.642738 0.400000
62.178527 52.237566 0.400000
60.523598 54.327551 0.400000
59.505985 55.419061 0.400000
58.233805 57.120734 0.400000
56.701448 58.425084 0.400000
55.059767 59.666546 0.400000
53.964699 60.628419 0.400000
51.999409 62.359641 0.400000
50.128672 62.704199 0.400000
48.472010 63.431259 0.400000
46.546399 64.241218 0.400000
44.729392 64.748512 0.400000
42.501289 64.771351 0.400000
40.979592 65.266045 0.400000
39.054055 65.055110 0.400000
36.615585 64.615737 0.400000
35.101770 64.550778 0.400000
33.316199 63.979882 0.400000
31.596006 63.218549 0.400000
29.572839 62.709053 0.400000
27.415990 61.599051 0.400000
25.821145 61.145568 0.400000
24.398375 59.452089 0.400000
22.428901 57.919553 0.400000
21.585250 57.126322 0.400000
20.656736 55.472015 0.400000
19.148558 53.789766 0.400000
18.124642 51.950357 0.400000
16.949904 50.602690 0.400000
16.490847 48.419180 0.400000
15.913925 46.887329 0.400000
15.541833 44.618111 0.400000
15.646136 42.907080 0.400000
15.085638 40.730493 0.400000
14.856888 39.177782 0.400000
15.381557 36.800704 0.400000
15.432592 34.539203 0.400000
15.728527 33.099186 0.400000
16.731586 31.335657 0.400000
17.838903 29.353868 0.400000
18.584400 27.666566 0.400000
19.463720 25.822895 0.400000
20.687000 24.949656 0.400000
21.702340 23.098769 0.400000
22.715221 21.534898 0.400000
24.833994 20.224922 0.400000
26.085102 19.601186 0.400000
27.848238 18.689350 0.400000
29.809974 17.092150 0.400000
31.024355 16.462081 0.400000
33.430732 16.062600 0.400000
34.814768 15.598641 0.400000
37.153686 15.184135 0.400000
39.346995 14.903994 0.400000
41.339345 15.022049 0.400000
43.078887 14.765814 0.400000
44.579786 15.289276 0.400000
46.892129 15.229877 0.400000
49.150569 16.980769 0.400000
50.628336 17.292715 0.400000
52.101245 18.835932 0.400000
54.022034 19.483108 0.400000
55.915216 20.604647 0.400000
56.776921 22.006890 0.400000
58.349274 22.780816 0.400000
59.310266 24.796408 0.400000
60.965777 26.047938 0.400000
61.878255 27.841313 0.400000
62.629511 29.901830 0.400000
63.505826 31.390708 0.400000
64.374494 33.274659 0.400000
64.980082 34.979480 0.400000
65.063937 37.204821 0.400000
65.193705 39.427648 0.400000
64.958831 40.793299 0.400000
64.829307 43.140023 0.400000
64.580108 44.914959 0.400000


63.740992 46.975753 0.400000
63.425285 48.659298 0.400000
62.617505 50.737423 0.400000
62.110721 52.326921 0.400000
60.492416 54.446206 0.400000
59.449480 55.484651 0.400000
58.154943 57.202532 0.400000
56.604379 58.478702 0.400000
54.975738 59.746743 0.400000
53.941329 60.674146 0.400000
51.857626 62.400507 0.400000
50.048546 62.754717 0.400000
48.400686 63.468139 0.400000
46.480789 64.246270 0.400000
44.619774 64.731582 0.400000
42.384802 64.792409 0.400000
40.858794 65.234689 0.400000
38.983546 65.025669 0.400000
36.504341 64.561309 0.400000
35.002429 64.562816 0.400000
33.173100 63.972767 0.400000
31.516304 63.165541 0.400000
29.517668 62.667789 0.400000
27.369331 61.592423 0.400000
25.759049 61.066864 0.400000
24.295488 59.415023 0.400000
22.353828 57.849401 0.400000
21.515633 57.018643 0.400000
20.578336 55.382473 0.400000
19.098628 53.684959 0.400000
18.110689 51.855092 0.400000
16.956328 50.507854 0.400000
16.447364 48.298991 0.400000
15.871440 46.807797 0.400000
15.515024 44.498012 0.400000
15.643726 42.805269 0.400000
15.104272 40.617696 0.400000
14.860490 39.065512 0.400000
15.438488 36.665930 0.400000
15.440671 34.426240 0.400000
15.722231 33.043237 0.400000
16.745647 31.247313 0.400000
17.877330 29.241396 0.400000
18.637556 27.531042 0.400000
19.527935 25.747971 0.400000
20.732930 24.858707 0.400000
21.741871 23.029589 0.400000
22.789084 21.439119 0.400000
24.938301 20.198628 0.400000
26.153671 19.523841 0.400000
27.904294 18.603213 0.400000
29.886455 17.087513 0.400000
31.098367 16.513041 0.400000
33.511792 16.017012 0.400000
34.905828 15.560901 0.400000
37.261710 15.189150 0.400000
39.416341 14.909932 0.400000
41.426226 15.011783 0.400000
43.167645 14.759815 0.400000
44.669450 15.297684 0.400000
46.989552 15.233037 0.400000
49.238385 17.058299 0.400000
50.649372 17.301396 0.400000
52.172227 18.871014 0.400000
54.110669 19.498569 0.400000
56.025637 20.661176 0.400000
56.849592 22.073317 0.400000
58.398124 22.824868 0.400000
59.335183 24.904720 0.400000
61.025888 26.138533 0.400000
61.860790 27.921989 0.400000
62.656328 29.995005 0.400000
63.554962 31.446114 0.400000
64.376806 33.366508 0.400000
64.967157 35.061259 0.400000
65.107388 37.305492 0.400000
65.224545 39.536116 0.400000
64.937457 40.906809 0.400000
64.801797 43.226779 0.400000
64.585349 45.022116 0.400000


63.675288 47.064887 0.400000
63.373296 48.722797 0.400000
62.536135 50.812047 0.400000
62.021420 52.431240 0.400000
60.389181 54.532908 0.400000
59.393360 55.503040 0.400000
58.069814 57.315971 0.400000
56.527559 58.546402 0.400000
54.928277 59.818675 0.400000
53.873146 60.709454 0.400000
51.759182 62.459694 0.400000
49.999338 62.799866 0.400000
48.327567 63.499615 0.400000
46.405971 64.248379 0.400000
44.473062 64.776422 0.400000
42.358734 64.807499 0.400000
40.768467 65.204190 0.400000
38.867556 65.010094 0.400000
36.381496 64.546049 0.400000
34.931142 64.521056 0.400000
33.081270 63.965234 0.400000
31.431592 63.106361 0.400000
29.451216 62.601382 0.400000
27.265070 61.563037 0.400000
25.676599 61.008227 0.400000
24.242600 59.365287 0.400000
22.268247 57.748315 0.400000
21.418128 56.944859 0.400000
20.548471 55.317000 0.400000
19.041071 53.670480 0.400000
18.057764 51.802439 0.400000
16.880605 50.403393 0.400000
16.399445 48.192724 0.400000
15.847438 46.725914 0.400000
15.553631 44.398199 0.400000
15.638227 42.708413 0.400000
15.101354 40.518453 0.400000
14.857045 38.982277 0.400000
15.433129 36.523004 0.400000
15.488007 34.313477 0.400000
15.743816 32.934937 0.400000
16.824577 31.107416 0.400000
17.893572 29.096760 0.400000
18.740242 27.402753 0.400000
19.608572 25.635759 0.400000
20.833887 24.772047 0.400000
21.799064 22.960276 0.400000
22.862723 21.336466 0.400000
25.003932 20.134557 0.400000
26.199768 19.472262 0.400000
28.043221 18.550953 0.400000
30.011980 17.034518 0.400000
31.169656 16.480488 0.400000
33.601673 15.943221 0.400000
34.958665 15.571163 0.400000
37.368500 15.161274 0.400000
39.498084 14.904120 0.400000
41.488090 15.015646 0.400000
43.273269 14.767290 0.400000
44.779367 15.330283 0.400000
47.111812 15.284758 0.400000
49.343579 17.050707 0.400000
50.744557 17.350512 0.400000
52.268071 18.904962 0.400000
54.217482 19.506662 0.400000
56.121244 20.759679 0.400000
56.894219 22.139012 0.400000
58.474548 22.881752 0.400000
59.418153 24.997723 0.400000
61.083732 26.191750 0.400000
61.937821 28.021598 0.400000
62.712426 30.088333 0.400000
63.615738 31.546721 0.400000
64.399363 33.404346 0.400000
65.022768 35.188942 0.400000
65.138634 37.445316 0.400000
65.230913 39.628664 0.400000
64.936094 40.999580 0.400000
64.790496 43.349961 0.400000
64.558330 45.067949 0.400000


63.633231 47.127281 0.400000
63.329333 48.826567 0.400000
62.508425 50.886707 0.400000
61.982259 52.543536 0.400000
60.353686 54.609874 0.400000
59.331880 55.592846 0.400000
57.994381 57.404748 0.400000
56.446846 58.634523 0.400000
54.887425 59.926263 0.400000
53.767607 60.805035 0.400000
51.688127 62.554812 0.400000
49.949717 62.871687 0.400000
48.219874 63.530894 0.400000
46.326260 64.280207 0.400000
44.368154 64.793133 0.400000
42.283218 64.791745 0.400000
40.713581 65.255755 0.400000
38.729834 65.005062 0.400000
36.297983 64.554593 0.400000
34.864962 64.496066 0.400000
32.954753 63.931092 0.400000
31.332264 63.092887 0.400000
29.417994 62.572138 0.400000
27.210010 61.501889 0.400000
25.589822 60.903949 0.400000
24.168082 59.306440 0.400000
22.202684 57.693427 0.400000
21.292490 56.900928 0.400000
20.499185 55.204596 0.400000
18.944049 53.597482 0.400000
18.036543 51.780180 0.400000
16.845039 50.337495 0.400000
16.357304 48.082125 0.400000
15.831763 46.637543 0.400000
15.537127 44.346465 0.400000
15.582275 42.553941 0.400000
15.049416 40.436034 0.400000
14.863292 38.875762 0.400000
15.480290 36.393185 0.400000
15.516334 34.181677 0.400000
15.778254 32.822537 0.400000
16.867336 31.004948 0.400000
17.934478 29.000313 0.400000
18.775625 27.357284 0.400000
19.647786 25.536417 0.400000
20.905417 24.690893 0.400000
21.823700 22.903687 0.400000
22.970424 21.293731 0.400000
25.058900 20.114302 0.400000
26.248400 19.372122 0.400000
28.107080 18.505598 0.400000
30.104315 16.959189 0.400000
31.254188 16.433707 0.400000
33.669613 15.974050 0.400000
35.053298 15.571887 0.400000
37.542450 15.168841 0.400000
39.569175 14.917343 0.400000
41.589341 15.019564 0.400000
43.392112 14.794693 0.400000
44.873963 15.401643 0.400000
47.247201 15.349327 0.400000
49.401513 17.096231 0.400000
50.878295 17.426989 0.400000
52.380184 18.972419 0.400000
54.315865 19.569507 0.400000
56.187067 20.791674 0.400000
56.932184 22.204465 0.400000
58.542937 22.934046 0.400000
59.442980 25.084511 0.400000
61.121425 26.266872 0.400000
61.956000 28.142507 0.400000
62.787307 30.154405 0.400000
63.615328 31.669029 0.400000
64.406711 33.494832 0.400000
64.997049 35.320132 0.400000
65.169999 37.578903 0.400000
65.258076 39.717846 0.400000
64.920396 41.094424 0.400000
64.828330 43.438488 0.400000
64.509194 45.141445 0.400000


63.616351 47.154668 0.400000
63.316909 48.953293 0.400000
62.471764 51.005297 0.400000
61.903139 52.633872 0.400000
60.316053 54.687746 0.400000
59.257024 55.696200 0.400000
57.956014 57.452286 0.400000
56.407874 58.657323 0.400000
54.807018 59.973687 0.400000
53.617915 60.831589 0.400000
51.653744 62.596588 0.400000
49.860632 62.950638 0.400000
48.154336 63.510100 0.400000
46.196366 64.331582 0.400000
44.247350 64.791499 0.400000
42.239094 64.799366 0.400000
40.590879 65.256427 0.400000
38.666939 65.016667 0.400000
36.193367 64.543222 0.400000
34.782675 64.501368 0.400000
32.880286 63.898566 0.400000
31.232288 63.114971 0.400000
29.371361 62.538147 0.400000
27.119834 61.455581 0.400000
25.476060 60.836125 0.400000
24.126484 59.241157 0.400000
22.126383 57.639928 0.400000
21.218698 56.842555 0.400000
20.429658 55.140397 0.400000
18.889554 53.534749 0.400000
17.967551 51.692975 0.400000
16.841713 50.238250 0.400000
16.303041 48.009466 0.400000
15.843425 46.553202 0.400000
15.504713 44.279826 0.400000
15.614138 42.469897 0.400000
15.066953 40.359513 0.400000
14.889484 38.765791 0.400000
15.516980 36.299560 0.400000
15.529792 34.070809 0.400000
15.777693 32.729683 0.400000
16.904834 30.941666 0.400000
18.016056 28.893018 0.400000
18.829449 27.272391 0.400000
19.717277 25.464042 0.400000
20.909071 24.611375 0.400000
21.918679 22.853591 0.400000
23.037281 21.285322 0.400000
25.113323 20.071903 0.400000
26.278331 19.296240 0.400000
28.205145 18.454187 0.400000
30.221062 16.915560 0.400000
31.347452 16.398724 0.400000
33.749121 15.955402 0.400000
35.142854 15.548821 0.400000
37.641283 15.223562 0.400000
39.693927 14.947330 0.400000
41.660508 15.027900 0.400000
43.443225 14.797370 0.400000
44.977673 15.408973 0.400000
47.335763 15.400650 0.400000
49.469645 17.140902 0.400000
50.978591 17.431382 0.400000
52.485380 19.021240 0.400000
54.384132 19.679230 0.400000
56.301570 20.920583 0.400000
57.034560 22.227970 0.400000
58.645576 22.997157 0.400000
59.526619 25.150138 0.400000
61.203832 26.335870 0.400000
62.020293 28.189748 0.400000
62.856648 30.244579 0.400000
63.668785 31.770126 0.400000
64.472816 33.587089 0.400000
65.001069 35.441246 0.400000
65.160944 37.656523 0.400000
65.287324 39.834193 0.400000
64.919043 41.180255 0.400000
64.802184 43.549534 0.400000
64.525917 45.283617 0.400000


63.555225 47.234876 0.400000
63.307371 49.074297 0.400000
62.480386 51.107495 0.400000
61.825925 52.734097 0.400000
60.235766 54.732982 0.400000
59.132885 55.782040 0.400000
57.863058 57.538530 0.400000
56.339922 58.746729 0.400000
54.730945 60.037106 0.400000
53.507998 60.869000 0.400000
51.569525 62.600167 0.400000
49.763757 62.992951 0.400000
48.035467 63.564038 0.400000
46.095349 64.342108 0.400000
44.151023 64.843689 0.400000
42.151558 64.807284 0.400000
40.465805 65.278525 0.400000
38.550207 64.967067 0.400000
36.053894 64.561349 0.400000
34.661698 64.476452 0.400000
32.776056 63.899495 0.400000
31.126192 63.103711 0.400000
29.294905 62.537443 0.400000
27.022087 61.409247 0.400000
25.415226 60.792597 0.400000
24.096923 59.172105 0.400000
22.030048 57.549620 0.400000
21.131615 56.787562 0.400000
20.362389 55.042909 0.400000
18.847913 53.477486 0.400000
17.941367 51.593465 0.400000
16.822127 50.180640 0.400000
16.250120 47.915013 0.400000
15.789440 46.410329 0.400000
15.462583 44.209017 0.400000
15.591479 42.412571 0.400000
15.065272 40.241349 0.400000
14.877278 38.685760 0.400000
15.490983 36.205871 0.400000
15.534439 33.950812 0.400000
15.776426 32.662340 0.400000
16.908717 30.884098 0.400000
18.030828 28.794047 0.400000
18.867771 27.185592 0.400000
19.772278 25.367936 0.400000
20.975937 24.558622 0.400000
21.978001 22.736978 0.400000
23.157341 21.217646 0.400000
25.169872 20.000050 0.400000
26.356928 19.212599 0.400000
28.267523 18.455286 0.400000
30.321170 16.884799 0.400000
31.450560 16.383134 0.400000
33.842683 15.916277 0.400000
35.252438 15.535143 0.400000
37.761061 15.203888 0.400000
39.742098 14.902885 0.400000
41.771852 15.019408 0.400000
43.530645 14.813524 0.400000
45.066806 15.444311 0.400000
47.403982 15.435747 0.400000
49.529196 17.123357 0.400000
51.156024 17.491163 0.400000
52.531921 19.097969 0.400000
54.456575 19.739689 0.400000
56.391081 20.956716 0.400000
57.112122 22.307460 0.400000
58.700165 23.093734 0.400000
59.667539 25.243244 0.400000
61.253783 26.384544 0.400000
62.097692 28.263816 0.400000
62.885816 30.412492 0.400000
63.707926 31.888527 0.400000
64.504216 33.677276 0.400000
65.007152 35.548135 0.400000
65.194354 37.708096 0.400000
65.303613 39.938994 0.400000
64.906308 41.338900 0.400000
64.765278 43.630856 0.400000
64.470512 45.392877 0.400000


63.495749 47.406934 0.400000
63.225469 49.154683 0.400000
62.469187 51.174016 0.400000
61.740257 52.871857 0.400000
60.187628 54.824669 0.400000
59.102059 55.868229 0.400000
57.819429 57.636639 0.400000
56.276582 58.789869 0.400000
54.642121 60.127970 0.400000
53.407157 60.935699 0.400000
51.458144 62.657007 0.400000
49.699085 62.979070 0.400000
47.984382 63.572331 0.400000
45.974975 64.350864 0.400000
44.030461 64.847467 0.400000
42.061419 64.822417 0.400000
40.313227 65.259962 0.400000
38.446373 64.930582 0.400000
35.969939 64.542757 0.400000
34.567003 64.414965 0.400000
32.635351 63.855302 0.400000
31.070576 63.082430 0.400000
29.239673 62.502134 0.400000
26.930489 61.425176 0.400000
25.386293 60.675491 0.400000
24.064863 59.145313 0.400000
21.977356 57.478770 0.400000
21.053015 56.724108 0.400000
20.345717 55.006291 0.400000
18.795024 53.349465 0.400000
17.864393 51.516619 0.400000
16.786805 50.117058 0.400000
16.194747 47.817920 0.400000
15.745517 46.295810 0.400000
15.422182 44.118320 0.400000
15.600706 42.327870 0.400000
15.089897 40.141320 0.400000
14.867122 38.646604 0.400000
15.510813 36.125899 0.400000
15.557769 33.902807 0.400000
15.755422 32.558284 0.400000
16.978875 30.818153 0.400000
18.113922 28.720484 0.400000
18.888938 27.061456 0.400000
19.848116 25.280732 0.400000
21.036812 24.465149 0.400000
22.091181 22.702808 0.400000
23.231869 21.170299 0.400000
25.252382 19.942177 0.400000
26.454502 19.173004 0.400000
28.357162 18.421975 0.400000
30.444737 16.868016 0.400000
31.552853 16.348857 0.400000
33.928015 15.860749 0.400000
35.339632 15.517955 0.400000
37.865769 15.195450 0.400000
39.888346 14.912644 0.400000
41.906524 15.040609 0.400000
43.631650 14.815680 0.400000
45.090415 15.483941 0.400000
47.504550 15.470648 0.400000
49.610305 17.138477 0.400000
51.204804 17.521646 0.400000
52.644961 19.150583 0.400000
54.523680 19.800794 0.400000
56.397952 21.048292 0.400000
57.232647 22.317516 0.400000
58.731507 23.176138 0.400000
59.738879 25.339072 0.400000
61.337204 26.480884 0.400000
62.110749 28.307479 0.400000
62.948702 30.496843 0.400000
63.757042 31.967991 0.400000
64.565184 33.790689 0.400000
65.025123 35.649972 0.400000
65.237985 37.819062 0.400000
65.285260 40.071586 0.400000
64.933326 41.422353 0.400000
64.734328 43.718394 0.400000
64.426484 45.496377 0.400000


63.467913 47.514186 0.400000
63.166743 49.202854 0.400000
62.460570 51.246409 0.400000
61.703906 52.929654 0.400000
60.065483 54.864061 0.400000
59.057188 55.959105 0.400000
57.781707 57.733175 0.400000
56.199884 58.886291 0.400000
54.564176 60.190043 0.400000
53.324588 60.983173 0.400000
51.330591 62.754114 0.400000
49.589381 63.009655 0.400000
47.850776 63.601227 0.400000
45.875034 64.403847 0.400000
43.876990 64.849045 0.400000
41.984190 64.854711 0.400000
40.229193 65.282927 0.400000
38.334369 64.976334 0.400000
35.830046 64.543185 0.400000
34.450802 64.350231 0.400000
32.529541 63.796733 0.400000
30.952711 63.051086 0.400000
29.167650 62.442933 0.400000
26.883634 61.349113 0.400000
25.283615 60.657873 0.400000
23.998496 59.078530 0.400000
21.891694 57.355725 0.400000
20.988271 56.649870 0.400000
20.350677 54.961561 0.400000
18.757309 53.276621 0.400000
17.774801 51.391210 0.400000
16.741443 50.042655 0.400000
16.173845 47.726004 0.400000
15.774110 46.178323 0.400000
15.398524 43.973431 0.400000
15.552570 42.201501 0.400000
15.075903 40.038681 0.400000
14.872298 38.529730 0.400000
15.568172 36.003828 0.400000
15.614863 33.817276 0.400000
15.796058 32.478329 0.400000
17.036650 30.794657 0.400000
18.130512 28.623106 0.400000
18.961530 27.010648 0.400000
19.935678 25.154675 0.400000
21.106528 24.414370 0.400000
22.110357 22.627209 0.400000
23.295542 21.082217 0.400000
25.342487 19.914398 0.400000
26.545584 19.112736 0.400000
28.519536 18.396255 0.400000
30.536287 16.809216 0.400000
31.705908 16.317970 0.400000
34.041662 15.802451 0.400000
35.424639 15.520081 0.400000
37.963135 15.203274 0.400000
40.003842 14.929061 0.400000
42.043015 15.090148 0.400000
43.680908 14.836896 0.400000
45.168201 15.486506 0.400000
47.624477 15.505100 0.400000
49.680772 17.210719 0.400000
51.338955 17.586995 0.400000
52.736721 19.240040 0.400000
54.571038 19.858364 0.400000
56.462880 21.065013 0.400000
57.297987 22.418781 0.400000
58.778390 23.236364 0.400000
59.843055 25.406166 0.400000
61.360769 26.627359 0.400000
62.156113 28.390331 0.400000
63.000294 30.520672 0.400000
63.770786 32.019417 0.400000
64.637291 33.912583 0.400000
65.019001 35.741879 0.400000
65.247396 37.920855 0.400000
65.298006 40.232618 0.400000
64.913800 41.509870 0.400000
64.696754 43.775564 0.400000
64.346652 45.611304 0.400000


63.442487 47.617592 0.400000
63.119300 49.260104 0.400000
62.466281 51.316548 0.400000
61.641319 52.998080 0.400000
60.033190 54.917414 0.400000
58.987405 56.015316 0.400000
57.691839 57.814233 0.400000
56.089532 58.943208 0.400000
54.483256 60.272444 0.400000
53.253775 61.031432 0.400000
51.243334 62.783683 0.400000
49.475652 63.024038 0.400000
47.730104 63.686522 0.400000
45.763678 64.404209 0.400000
43.792802 64.858521 0.400000
41.845219 64.840775 0.400000
40.100486 65.287362 0.400000
38.268098 64.997976 0.400000
35.761745 64.540144 0.400000
34.390560 64.349028 0.400000
32.430385 63.795594 0.400000
30.900094 63.047153 0.400000
29.102534 62.415310 0.400000
26.773632 61.333989 0.400000
25.213143 60.567334 0.400000
23.919813 58.979984 0.400000
21.832871 57.305477 0.400000
20.934135 56.570685 0.400000
20.239604 54.933791 0.400000
18.685946 53.193700 0.400000
17.709172 51.303496 0.400000
16.742819 49.989137 0.400000
16.198079 47.616816 0.400000
15.722769 46.109867 0.400000
15.354198 43.926771 0.400000
15.587415 42.137254 0.400000
15.010579 39.950000 0.400000
14.892257 38.415282 0.400000
15.582077 35.886157 0.400000
15.613993 33.716619 0.400000
15.811274 32.404096 0.400000
17.041991 30.672742 0.400000
18.188347 28.556242 0.400000
19.011391 26.889041 0.400000
20.014378 25.082396 0.400000
21.159767 24.333108 0.400000
22.177257 22.547345 0.400000
23.407550 21.028755 0.400000
25.394992 19.850890 0.400000
26.694800 19.118502 0.400000
28.627839 18.380092 0.400000
30.681211 16.808387 0.400000
31.771655 16.274071 0.400000
34.140487 15.776643 0.400000
35.590781 15.510269 0.400000
38.081010 15.190233 0.400000
40.121588 14.945836 0.400000
42.129188 15.110598 0.400000
43.773526 14.816124 0.400000
45.280171 15.437865 0.400000
47.710192 15.555928 0.400000
49.775966 17.231071 0.400000
51.424364 17.596213 0.400000
52.773219 19.293428 0.400000
54.630078 19.942212 0.400000
56.562926 21.124361 0.400000
57.378997 22.465536 0.400000
58.847159 23.283079 0.400000
59.851969 25.433208 0.400000
61.377316 26.708538 0.400000
62.138374 28.505338 0.400000
63.093664 30.624600 0.400000
63.799744 32.158330 0.400000
64.670294 33.950656 0.400000
65.014661 35.815257 0.400000
65.234948 37.955747 0.400000
65.285173 40.351552 0.400000
64.926335 41.575901 0.400000
64.672662 43.855795 0.400000
64.383859 45.746236 0.400000


63.434661 47.686662 0.400000
63.077857 49.357469 0.400000
62.411222 51.446101 0.400000
61.570180 53.094961 0.400000
59.988638 54.984215 0.400000
58.921840 56.117518 0.400000
57.648398 57.843831 0.400000
55.970900 59.039438 0.400000
54.429378 60.321389 0.400000
53.178037 61.115748 0.400000
51.207686 62.833621 0.400000
49.375049 63.077253 0.400000
47.628730 63.734692 0.400000
45.679891 64.428548 0.400000
43.746345 64.851577 0.400000
41.709307 64.867246 0.400000
40.049032 65.268751 0.400000
38.171272 65.042800 0.400000
35.631587 64.502850 0.400000
34.309798 64.387622 0.400000
32.352353 63.764330 0.400000
30.854931 62.980149 0.400000
28.983400 62.374975 0.400000
26.663770 61.276095 0.400000
25.129027 60.528471 0.400000
23.872201 58.881393 0.400000
21.819902 57.255117 0.400000
20.880208 56.449709 0.400000
20.193498 54.844602 0.400000
18.615060 53.075356 0.400000
17.684104 51.156969 0.400000
16.712719 49.950847 0.400000
16.155228 47.519903 0.400000
15.696361 46.030631 0.400000
15.288362 43.827148 0.400000
15.596733 42.025883 0.400000
15.015014 39.850946 0.400000
14.897645 38.281168 0.400000
15.605866 35.784993 0.400000
15.676618 33.591219 0.400000
15.841916 32.300107 0.400000
17.052365 30.531054 0.400000
18.228047 28.402403 0.400000
19.072539 26.827163 0.400000
20.053061 25.006493 0.400000
21.253286 24.301762 0.400000
22.232967 22.483151 0.400000
23.490401 21.042236 0.400000
25.474770 19.759989 0.400000
26.794679 19.043899 0.400000
28.694506 18.341851 0.400000
30.750716 16.771350 0.400000
31.890563 16.250913 0.400000
34.310672 15.768431 0.400000
35.741614 15.521321 0.400000
38.167368 15.149337 0.400000
40.217978 14.940429 0.400000
42.225130 15.154535 0.400000
43.859991 14.854057 0.400000
45.387433 15.424134 0.400000
47.861372 15.588141 0.400000
49.900483 17.279099 0.400000
51.527730 17.659227 0.400000
52.884872 19.292594 0.400000
54.762361 20.016367 0.400000
56.650973 21.143182 0.400000
57.424350 22.523585 0.400000
58.891327 23.340615 0.400000
59.892339 25.527633 0.400000
61.424064 26.796610 0.400000
62.238976 28.597715 0.400000
63.147323 30.730226 0.400000
63.834129 32.273093 0.400000
64.709369 34.033387 0.400000
65.003679 35.939410 0.400000
65.268209 38.056803 0.400000
65.249250 40.402447 0.400000
64.936577 41.698758 0.400000
64.656141 43.965071 0.400000
64.358821 45.843970 0.400000


63.410870 47.791161 0.400000
63.020851 49.439365 0.400000
62.408364 51.542388 0.400000
61.487330 53.176938 0.400000
59.951611 55.047447 0.400000
58.838154 56.173956 0.400000
57.577820 57.935816 0.400000
55.890472 59.114631 0.400000
54.308528 60.350415 0.400000
53.104530 61.182845 0.400000
51.052966 62.888996 0.400000
49.302860 63.133840 0.400000
47.515212 63.736350 0.400000
45.571341 64.435748 0.400000
43.658407 64.860706 0.400000
41.619301 64.920602 0.400000
39.975756 65.265096 0.400000
38.048907 65.013879 0.400000
35.517904 64.496733 0.400000
34.229411 64.357331 0.400000
32.250061 63.679827 0.400000
30.771684 62.954130 0.400000
28.838562 62.339674 0.400000
26.546108 61.242956 0.400000
25.043482 60.463672 0.400000
23.823872 58.807465 0.400000
21.733542 57.207916 0.400000
20.847648 56.382120 0.400000
20.131335 54.760249 0.400000
18.495898 52.998635 0.400000
17.627116 51.037211 0.400000
16.647993 49.896571 0.400000
16.086531 47.392634 0.400000
15.658227 45.863271 0.400000
15.276535 43.688542 0.400000
15.617272 41.937599 0.400000
15.011390 39.741080 0.400000
14.862009 38.189281 0.400000
15.650631 35.666102 0.400000
15.717636 33.501914 0.400000
15.845064 32.196430 0.400000
17.084386 30.463346 0.400000
18.341340 28.312455 0.400000
19.178295 26.727657 0.400000
20.084155 24.923944 0.400000
21.320372 24.184620 0.400000
22.314017 22.394238 0.400000
23.500559 21.013756 0.400000
25.562403 19.664945 0.400000
26.901984 18.992719 0.400000
28.794699 18.310839 0.400000
30.857223 16.852375 0.400000
31.950464 16.242370 0.400000
34.375535 15.704087 0.400000
35.851156 15.514064 0.400000
38.268746 15.135687 0.400000
40.306200 14.939749 0.400000
42.308512 15.186658 0.400000
43.930152 14.867203 0.400000
45.497991 15.469944 0.400000
47.933050 15.629591 0.400000
49.980917 17.313220 0.400000
51.583671 17.764846 0.400000
52.983806 19.374869 0.400000
54.884845 20.021457 0.400000
56.690096 21.184287 0.400000
57.504492 22.570243 0.400000
58.968016 23.438890 0.400000
59.953649 25.612559 0.400000
61.542195 26.886537 0.400000
62.269504 28.682633 0.400000
63.191191 30.838884 0.400000
63.834030 32.342079 0.400000
64.726975 34.132410 0.400000
64.960753 36.000902 0.400000
65.317450 38.132894 0.400000
65.264070 40.526922 0.400000
64.957099 41.776827 0.400000
64.596767 44.033873 0.400000
64.360598 45.947279 0.400000


63.361718 47.832938 0.400000
62.984144 49.500829 0.400000
62.324225 51.625522 0.400000
61.394937 53.276026 0.400000
59.912989 55.104178 0.400000
58.786861 56.256306 0.400000
57.504244 57.980632 0.400000
55.777940 59.194461 0.400000
54.215862 60.432177 0.400000
53.061856 61.193897 0.400000
50.947301 62.979416 0.400000
49.270589 63.212008 0.400000
47.452313 63.719903 0.400000
45.453199 64.476190 0.400000
43.549532 64.921308 0.400000
41.528630 64.904746 0.400000
39.857470 65.340353 0.400000
37.941003 65.045693 0.400000
35.438682 64.476600 0.400000
34.141122 64.315205 0.400000
32.137927 63.608076 0.400000
30.672180 62.923863 0.400000
28.753227 62.300450 0.400000
26.452032 61.176861 0.400000
24.961360 60.452391 0.400000
23.736517 58.725132 0.400000
21.676693 57.152206 0.400000
20.789654 56.270113 0.400000
20.001174 54.705103 0.400000
18.438221 52.920303 0.400000
17.566658 50.913558 0.400000
16.587577 49.771748 0.400000
16.024634 47.301423 0.400000
15.648234 45.775272 0.400000
15.264999 43.579981 0.400000
15.591051 41.842315 0.400000
14.978505 39.605832 0.400000
14.847588 38.045763 0.400000
15.665382 35.608426 0.400000
15.716744 33.400490 0.400000
15.884909 32.058055 0.400000
17.085733 30.338257 0.400000
18.383312 28.236640 0.400000
19.226450 26.675507 0.400000
20.169937 24.830891 0.400000
21.361366 24.129920 0.400000
22.416584 22.372960 0.400000
23.540240 20.984832 0.400000
25.635249 19.595480 0.400000
27.046822 18.950031 0.400000
28.896575 18.272132 0.400000
30.939285 16.818167 0.400000
31.988996 16.237613 0.400000
34.469454 15.657032 0.400000
35.927889 15.467257 0.400000
38.357036 15.171199 0.400000
40.410829 14.957447 0.400000
42.396003 15.178566 0.400000
43.999828 14.885208 0.400000
45.645438 15.475306 0.400000
48.050027 15.652782 0.400000
50.017701 17.355327 0.400000
51.644634 17.825387 0.400000
53.048365 19.447889 0.400000
54.980796 20.104568 0.400000
56.799183 21.279900 0.400000
57.543136 22.667034 0.400000
59.008005 23.519624 0.400000
60.003170 25.687531 0.400000
61.552328 27.022390 0.400000
62.280400 28.749539 0.400000
63.205011 30.951013 0.400000
63.848363 32.464047 0.400000
64.687157 34.265410 0.400000
64.913895 36.075648 0.400000
65.327791 38.195070 0.400000
65.275684 40.625492 0.400000
64.960686 41.909286 0.400000
64.631976 44.130701 0.400000
64.347498 46.042180 0.400000


63.362737 47.916040 0.400000
62.906957 49.632744 0.400000
62.321149 51.726226 0.400000
61.304619 53.336303 0.400000
59.829605 55.234100 0.400000
58.657546 56.300431 0.400000
57.457582 58.072304 0.400000
55.678512 59.283455 0.400000
54.098787 60.516235 0.400000
52.942973 61.253092 0.400000
50.866219 62.957932 0.400000
49.187208 63.259695 0.400000
47.351759 63.739354 0.400000
45.349386 64.536500 0.400000
43.494633 64.939010 0.400000
41.473914 64.910221 0.400000
39.756768 65.302094 0.400000
37.843725 65.067114 0.400000
35.338938 64.434967 0.400000
34.034982 64.324626 0.400000
32.074957 63.577136 0.400000
30.581708 62.919435 0.400000
28.677221 62.188285 0.400000
26.394872 61.120951 0.400000
24.842371 60.387361 0.400000
23.683241 58.664974 0.400000
21.589169 57.078025 0.400000
20.771977 56.205092 0.400000
19.933157 54.632948 0.400000
18.342754 52.808277 0.400000
17.488017 50.837362 0.400000
16.568265 49.719783 0.400000
15.976932 47.178691 0.400000
15.615547 45.655399 0.400000
15.275186 43.474307 0.400000
15.592640 41.757061 0.400000
14.979790 39.497317 0.400000
14.826459 37.951737 0.400000
15.703980 35.532759 0.400000
15.804202 33.292733 0.400000
15.901249 31.925025 0.400000
17.098506 30.270620 0.400000
18.457069 28.092817 0.400000
19.283809 26.566635 0.400000
20.237971 24.757062 0.400000
21.455063 24.035813 0.400000
22.557993 22.329325 0.400000
23.623557 20.926372 0.400000
25.706988 19.525779 0.400000
27.109339 18.890783 0.400000
28.992847 18.239061 0.400000
31.047945 16.798683 0.400000
32.114392 16.227051 0.400000
34.560603 15.657014 0.400000
36.022022 15.409763 0.400000
38.485465 15.186575 0.400000
40.506456 14.949664 0.400000
42.552545 15.187667 0.400000
44.054056 14.904185 0.400000
45.756385 15.464325 0.400000
48.128001 15.686753 0.400000
50.100687 17.414163 0.400000
51.733547 17.827882 0.400000
53.126322 19.470951 0.400000
55.085066 20.159250 0.400000
56.894392 21.335232 0.400000
57.619492 22.701927 0.400000
59.090925 23.546464 0.400000
60.042389 25.782854 0.400000
61.584194 27.175772 0.400000
62.314315 28.832974 0.400000
63.209729 30.996125 0.400000
63.853887 32.554560 0.400000
64.708622 34.373166 0.400000
64.958745 36.172905 0.400000
65.374250 38.248361 0.400000
65.270935 40.725431 0.400000
64.933819 42.013615 0.400000
64.564626 44.276316 0.400000
64.344228 46.179876 0.400000


63.329783 47.988619 0.400000
62.893730 49.678619 0.400000
62.272506 51.813581 0.400000
61.206567 53.433798 0.400000
59.765733 55.303269 0.400000
58.587859 56.372222 0.400000
57.388577 58.157235 0.400000
55.602622 59.354772 0.400000
54.025684 60.626086 0.400000
52.790511 61.318149 0.400000
50.788379 62.995301 0.400000
49.090066 63.314096 0.400000
47.238470 63.772327 0.400000
45.258887 64.608071 0.400000
43.354665 64.944031 0.400000
41.355775 64.964013 0.400000
39.702479 65.295825 0.400000
37.718738 65.055018 0.400000
35.216852 64.458655 0.400000
33.928452 64.279136 0.400000
31.990686 63.576710 0.400000
30.500932 62.871154 0.400000
28.600328 62.121531 0.400000
26.332957 61.064134 0.400000
24.768886 60.314073 0.400000
23.636488 58.598502 0.400000
21.581632 57.003637 0.400000
20.739021 56.045595 0.400000
19.861523 54.534991 0.400000
18.288720 52.685194 0.400000
17.457169 50.763306 0.400000
16.537301 49.613098 0.400000
15.937577 47.070562 0.400000
15.609765 45.550680 0.400000
15.235238 43.374588 0.400000
15.585394 41.661710 0.400000
14.975585 39.389209 0.400000
14.837844 37.866617 0.400000
15.733867 35.433554 0.400000
15.776102 33.180391 0.400000
15.947750 31.837438 0.400000
17.198581 30.200309 0.400000
18.519741 28.007610 0.400000
19.368159 26.457794 0.400000
20.271350 24.667588 0.400000
21.524437 23.971712 0.400000
22.593014 22.215951 0.400000
23.658890 20.850844 0.400000
25.784847 19.522044 0.400000
27.246626 18.879998 0.400000
29.080205 18.211273 0.400000
31.124392 16.745418 0.400000
32.251788 16.219001 0.400000
34.664590 15.659433 0.400000
36.094689 15.411140 0.400000
38.582036 15.189128 0.400000
40.623046 14.925577 0.400000
42.671081 15.224562 0.400000
44.157973 14.915424 0.400000
45.838940 15.444958 0.400000
48.236633 15.757529 0.400000
50.209877 17.506362 0.400000
51.797061 17.929998 0.400000
53.209137 19.552628 0.400000
55.165570 20.185750 0.400000
56.914098 21.402588 0.400000
57.740231 22.803384 0.400000
59.141712 23.620657 0.400000
60.107157 25.836401 0.400000
61.633961 27.202989 0.400000
62.332468 28.908606 0.400000
63.251112 31.132817 0.400000
63.896985 32.690159 0.400000
64.716278 34.431712 0.400000
64.972325 36.260274 0.400000
65.379417 38.320071 0.400000
65.248342 40.825969 0.400000
64.891061 42.144456 0.400000
64.533886 44.418869 0.400000
64.311313 46.325919 0.400000


63.296063 48.078894 0.400000
62.882256 49.752417 0.400000
62.184048 51.914155 0.400000
61.184047 53.514009 0.400000
59.726303 55.420925 0.400000
58.498329 56.499211 0.400000
57.316518 58.232762 0.400000
55.480610 59.407897 0.400000
53.957384 60.700028 0.400000
52.714353 61.371776 0.400000
50.734656 62.998535 0.400000
49.014260 63.316447 0.400000
47.139814 63.790242 0.400000
45.141008 64.644124 0.400000
43.218220 64.978159 0.400000
41.260462 64.988574 0.400000
39.566641 65.324110 0.400000
37.601085 65.077648 0.400000
35.090300 64.405537 0.400000
33.868148 64.180733 0.400000
31.926944 63.583922 0.400000
30.454874 62.807035 0.400000
28.509977 62.066763 0.400000
26.212482 60.992546 0.400000
24.683683 60.204033 0.400000
23.550377 58.529940 0.400000
21.521674 56.908097 0.400000
20.646882 55.951511 0.400000
19.805488 54.419262 0.400000
18.192377 52.578641 0.400000
17.426609 50.663840 0.400000
16.514592 49.546490 0.400000
15.915680 46.999346 0.400000
15.607330 45.491928 0.400000
15.214500 43.299337 0.400000
15.536499 41.575199 0.400000
14.965934 39.290362 0.400000
14.865476 37.765510 0.400000
15.711473 35.354280 0.400000
15.808336 33.101558 0.400000
16.002590 31.752650 0.400000
17.255694 30.124891 0.400000
18.574863 27.951696 0.400000
19.496246 26.351729 0.400000
20.375755 24.587892 0.400000
21.666440 23.871424 0.400000
22.677428 22.150736 0.400000
23.784410 20.770460 0.400000
25.829023 19.441965 0.400000
27.282629 18.843079 0.400000
29.143143 18.164493 0.400000
31.244935 16.713312 0.400000
32.353910 16.150768 0.400000
34.777262 15.673828 0.400000
36.184364 15.364937 0.400000
38.668989 15.220319 0.400000
40.734941 14.923643 0.400000
42.776382 15.242358 0.400000
44.240935 14.936819 0.400000
45.890591 15.430736 0.400000
48.327697 15.795699 0.400000
50.284597 17.552312 0.400000
51.902356 17.944337 0.400000
53.273344 19.596865 0.400000
55.240334 20.229796 0.400000
57.005722 21.478613 0.400000
57.822022 22.822899 0.400000
59.180588 23.651627 0.400000
60.198713 25.942300 0.400000
61.664870 27.295972 0.400000
62.344211 28.950827 0.400000
63.307398 31.191838 0.400000
63.932581 32.765445 0.400000
64.709490 34.537935 0.400000
65.063394 36.334317 0.400000
65.398696 38.448551 0.400000
65.235896 40.943753 0.400000
64.849491 42.233527 0.400000
64.515868 44.522042 0.400000
64.313178 46.431013 0.400000


63.295150 48.210036 0.400000
62.782145 49.835822 0.400000
62.150909 51.971639 0.400000
61.134514 53.602172 0.400000
59.685081 55.507979 0.400000
58.404137 56.577668 0.400000
57.251551 58.322704 0.400000
55.451024 59.477749 0.400000
53.876641 60.734469 0.400000
52.622417 61.368486 0.400000
50.671045 63.033703 0.400000
48.941269 63.339665 0.400000
47.022162 63.804681 0.400000
45.093472 64.662634 0.400000
43.109054 64.947048 0.400000
41.173486 65.009080 0.400000
39.432695 65.352263 0.400000
37.536597 65.069815 0.400000
34.980687 64.413182 0.400000
33.791448 64.168228 0.400000
31.799668 63.567636 0.400000
30.352401 62.764900 0.400000
28.412443 62.076814 0.400000
26.171835 61.001229 0.400000
24.641141 60.141257 0.400000
23.448076 58.442635 0.400000
21.457971 56.839630 0.400000
20.533061 55.861058 0.400000
19.757705 54.340550 0.400000
18.140899 52.524034 0.400000
17.388605 50.575446 0.400000
16.428603 49.468689 0.400000
15.898313 46.879722 0.400000
15.590933 45.389228 0.400000
15.246931 43.187641 0.400000
15.541154 41.470942 0.400000
14.991623 39.142737 0.400000
14.862513 37.672406 0.400000
15.728254 35.242788 0.400000
15.770449 32.974272 0.400000
16.007531 31.706166 0.400000
17.257691 30.001138 0.400000
18.626759 27.898120 0.400000
19.524508 26.270758 0.400000
20.437669 24.551509 0.400000
21.745959 23.798225 0.400000
22.728286 22.043253 0.400000
23.887071 20.677026 0.400000
25.883163 19.394535 0.400000
27.401398 18.829657 0.400000
29.233177 18.134231 0.400000
31.349494 16.656947 0.400000
32.477317 16.132481 0.400000
34.867630 15.651832 0.400000
36.279890 15.372424 0.400000
38.847520 15.240819 0.400000
40.821674 14.958322 0.400000
42.893996 15.227364 0.400000
44.329348 14.921606 0.400000
45.948100 15.416739 0.400000
48.454313 15.831212 0.400000
50.408455 17.565802 0.400000
51.965102 18.021755 0.400000
53.338689 19.646647 0.400000
55.325515 20.306285 0.400000
57.102112 21.554072 0.400000
57.861458 22.882675 0.400000
59.219847 23.676278 0.400000
60.312496 26.019128 0.400000
61.713358 27.351787 0.400000
62.376307 29.055697 0.400000
63.351017 31.293961 0.400000
63.938116 32.907670 0.400000
64.700331 34.644034 0.400000
65.086113 36.417735 0.400000
65.418541 38.516782 0.400000
65.213077 41.026972 0.400000
64.841863 42.315089 0.400000
64.472550 44.606150 0.400000
64.236032 46.537435 0.400000


63.211075 48.291266 0.400000
62.741934 49.871189 0.400000
62.094785 52.049487 0.400000
61.084969 53.687735 0.400000
59.597949 55.613296 0.400000
58.319745 56.654624 0.400000
57.216530 58.388705 0.400000
55.387175 59.508336 0.400000
53.793285 60.810350 0.400000
52.515409 61.368634 0.400000
50.558568 63.038788 0.400000
48.813830 63.408047 0.400000
46.918739 63.823730 0.400000
44.984107 64.659689 0.400000
43.013808 64.947843 0.400000
41.090948 65.016287 0.400000
39.362263 65.404317 0.400000
37.413331 65.104789 0.400000
34.907427 64.382383 0.400000
33.653830 64.160242 0.400000
31.675563 63.546904 0.400000
30.292293 62.754059 0.400000
28.294782 62.008551 0.400000
26.107352 60.967572 0.400000
24.568082 60.091513 0.400000
23.412172 58.442849 0.400000
21.408247 56.822441 0.400000
20.493688 55.781886 0.400000
19.701322 54.239745 0.400000
18.094025 52.457007 0.400000
17.306255 50.540537 0.400000
16.419549 49.341840 0.400000
15.896292 46.781151 0.400000
15.579101 45.245287 0.400000
15.200173 43.097348 0.400000
15.551548 41.353505 0.400000
15.012835 39.100027 0.400000
14.895345 37.599667 0.400000
15.717943 35.083048 0.400000
15.772076 32.846297 0.400000
16.031408 31.602615 0.400000
17.351204 29.876439 0.400000
18.679230 27.802182 0.400000
19.574069 26.144647 0.400000
20.519100 24.454818 0.400000
21.834621 23.749002 0.400000
22.808134 21.979716 0.400000
23.958667 20.624886 0.400000
25.979051 19.346949 0.400000
27.504887 18.772391 0.400000
29.281552 18.117631 0.400000
31.455757 16.623525 0.400000
32.582981 16.057205 0.400000
34.977074 15.638464 0.400000
36.343259 15.346568 0.400000
38.902452 15.190204 0.400000
40.888216 14.980838 0.400000
43.007380 15.235339 0.400000
44.462648 14.932875 0.400000
46.032450 15.425782 0.400000
48.510995 15.902009 0.400000
50.505631 17.584037 0.400000
52.043278 18.096880 0.400000
53.441785 19.652614 0.400000
55.368090 20.367432 0.400000
57.129691 21.647314 0.400000
57.962218 22.918720 0.400000
59.306697 23.749914 0.400000
60.346000 26.030756 0.400000
61.727192 27.386871 0.400000
62.379481 29.126729 0.400000
63.416560 31.374024 0.400000
64.017248 33.011799 0.400000
64.702209 34.765703 0.400000
65.091630 36.517361 0.400000
65.422967 38.597973 0.400000
65.207634 41.079801 0.400000
64.808784 42.444361 0.400000
64.420185 44.695893 0.400000
64.276259 46.676566 0.400000


63.167013 48.404241 0.400000
62.684161 49.950907 0.400000
62.074211 52.076933 0.400000
61.051482 53.786090 0.400000
59.568807 55.707213 0.400000
58.270025 56.724070 0.400000
57.100119 58.414246 0.400000
55.282579 59.587744 0.400000
53.702425 60.860923 0.400000
52.409708 61.434651 0.400000
50.438797 63.052845 0.400000
48.708119 63.417461 0.400000
46.862033 63.850053 0.400000
44.869727 64.666913 0.400000
42.864734 64.944348 0.400000
40.990645 65.022401 0.400000
39.295679 65.412431 0.400000
37.315485 65.119960 0.400000
34.851483 64.373076 0.400000
33.521604 64.139547 0.400000
31.558706 63.540037 0.400000
30.216059 62.732190 0.400000
28.184058 61.958915 0.400000
26.006879 60.884489 0.400000
24.497844 60.024722 0.400000
23.298392 58.413363 0.400000
21.357684 56.741251 0.400000
20.399294 55.741467 0.400000
19.662623 54.161685 0.400000
18.040907 52.410734 0.400000
17.260736 50.485175 0.400000
16.392600 49.234534 0.400000
15.856321 46.700473 0.400000
15.540173 45.133397 0.400000
15.177851 43.002666 0.400000
15.548614 41.277087 0.400000
15.008041 38.992238 0.400000
14.924170 37.526728 0.400000
15.749927 34.983748 0.400000
15.819988 32.767522 0.400000
16.064641 31.518981 0.400000
17.365264 29.794189 0.400000
18.721250 27.684387 0.400000
19.630542 26.068807 0.400000
20.578451 24.396676 0.400000
21.886654 23.716679 0.400000
22.837855 21.870606 0.400000
24.039862 20.524685 0.400000
26.064207 19.272173 0.400000
27.628702 18.657703 0.400000
29.374741 18.086137 0.400000
31.563280 16.574519 0.400000
32.653780 16.052666 0.400000
35.116960 15.635725 0.400000
36.429286 15.316538 0.400000
38.974862 15.242892 0.400000
41.027262 14.969730 0.400000
43.115006 15.229437 0.400000
44.580687 14.914967 0.400000
46.146895 15.419487 0.400000
48.622343 15.997072 0.400000
50.557044 17.645703 0.400000
52.130473 18.158723 0.400000
53.507751 19.687404 0.400000
55.469178 20.391830 0.400000
57.203665 21.761964 0.400000
58.005554 22.975332 0.400000
59.351343 23.858301 0.400000
60.430726 26.038503 0.400000
61.746106 27.463580 0.400000
62.449582 29.218375 0.400000
63.462455 31.433840 0.400000
64.087317 33.112180 0.400000
64.722854 34.859945 0.400000
65.155693 36.605612 0.400000
65.402880 38.728559 0.400000
65.231489 41.160001 0.400000
64.768288 42.537065 0.400000
64.427548 44.847406 0.400000
64.250825 46.730759 0.400000


63.141159 48.470582 0.400000
62.696191 50.041300 0.400000
62.053711 52.172770 0.400000
61.003522 53.848148 0.400000
59.512442 55.771392 0.400000
58.155761 56.787099 0.400000
57.071202 58.471449 0.400000
55.168213 59.653610 0.400000
53.610336 60.906613 0.400000
52.304957 61.481743 0.400000
50.343555 63.135367 0.400000
48.614082 63.451796 0.400000
46.797190 63.889571 0.400000
44.781184 64.682991 0.400000
42.765082 64.934478 0.400000
40.894483 65.022451 0.400000
39.169628 65.373315 0.400000
37.206961 65.147748 0.400000
34.783606 64.348095 0.400000
33.481816 64.098004 0.400000
31.490130 63.591456 0.400000
30.111796 62.701184 0.400000
28.109202 61.906296 0.400000
25.935918 60.780830 0.400000
24.393526 60.011908 0.400000
23.245373 58.329093 0.400000
21.342198 56.679348 0.400000
20.316789 55.642103 0.400000
19.651610 54.130454 0.400000
18.005651 52.333279 0.400000
17.208323 50.396777 0.400000
16.375586 49.129251 0.400000
15.870285 46.627433 0.400000
15.552427 45.058267 0.400000
15.149836 42.885175 0.400000
15.532832 41.146144 0.400000
14.956521 38.883700 0.400000
14.971714 37.396522 0.400000
15.795089 34.914781 0.400000
15.834912 32.675107 0.400000
16.067201 31.435770 0.400000
17.407720 29.661620 0.400000
18.820684 27.598231 0.400000
19.658235 25.968744 0.400000
20.596418 24.365992 0.400000
21.951284 23.666991 0.400000
22.891674 21.780355 0.400000
24.103705 20.505928 0.400000
26.149684 19.229218 0.400000
27.699753 18.576962 0.400000
29.466478 18.006065 0.400000
31.648197 16.572380 0.400000
32.760996 16.035759 0.400000
35.211550 15.560381 0.400000
36.518726 15.287715 0.400000
39.089838 15.240454 0.400000
41.124263 15.005067 0.400000
43.224008 15.207408 0.400000
44.686035 14.935445 0.400000
46.221825 15.406232 0.400000
48.744318 16.049221 0.400000
50.587322 17.714940 0.400000
52.227467 18.179731 0.400000
53.532851 19.765310 0.400000
55.550970 20.479237 0.400000
57.341936 21.813052 0.400000
58.090684 23.051477 0.400000
59.432626 23.932933 0.400000
60.500124 26.127671 0.400000
61.804314 27.573304 0.400000
62.515394 29.268762 0.400000
63.527369 31.514065 0.400000
64.131988 33.220365 0.400000
64.749237 34.964095 0.400000
65.200417 36.688856 0.400000
65.429186 38.872725 0.400000
65.248259 41.232786 0.400000
64.769157 42.626283 0.400000
64.453088 44.958928 0.400000
64.202841 46.833021 0.400000


63.098553 48.590210 0.400000
62.680467 50.124960 0.400000
61.986731 52.273496 0.400000
60.949302 53.909214 0.400000
59.488649 55.826776 0.400000
58.137382 56.875699 0.400000
56.986291 58.523388 0.400000
55.088850 59.726162 0.400000
53.511778 60.971168 0.400000
52.230084 61.523940 0.400000
50.246597 63.153459 0.400000
48.489268 63.493391 0.400000
46.665210 63.958746 0.400000
44.641362 64.737698 0.400000
42.642781 64.957625 0.400000
40.819491 64.994972 0.400000
39.003661 65.332372 0.400000
37.096546 65.086973 0.400000
34.654426 64.321774 0.400000
33.395267 64.051045 0.400000
31.397359 63.526503 0.400000
29.995377 62.635523 0.400000
28.051921 61.870903 0.400000
25.908229 60.706620 0.400000
24.363073 59.929627 0.400000
23.183575 58.266986 0.400000
21.299165 56.632124 0.400000
20.231747 55.543704 0.400000
19.597761 54.048722 0.400000
17.994735 52.172096 0.400000
17.142403 50.275531 0.400000
16.386091 49.054638 0.400000
15.904324 46.548010 0.400000
15.543149 44.994355 0.400000
15.098797 42.792824 0.400000
15.520005 41.062924 0.400000
14.900938 38.813364 0.400000
14.951986 37.338432 0.400000
15.814802 34.818615 0.400000
15.888937 32.579183 0.400000
16.066948 31.358524 0.400000
17.425534 29.591523 0.400000
18.828476 27.512708 0.400000
19.689922 25.852009 0.400000
20.610846 24.325519 0.400000
21.999427 23.551851 0.400000
22.996063 21.680219 0.400000
24.125339 20.443918 0.400000
26.205685 19.153973 0.400000
27.780665 18.555868 0.400000
29.558671 17.948852 0.400000
31.738023 16.559519 0.400000
32.827985 15.983899 0.400000
35.329495 15.553190 0.400000
36.594386 15.303694 0.400000
39.191787 15.263525 0.400000
41.216603 15.004652 0.400000
43.353510 15.229435 0.400000
44.744178 14.912946 0.400000
46.309387 15.427094 0.400000
48.865670 16.086108 0.400000
50.608699 17.738925 0.400000
52.306210 18.220246 0.400000
53.642247 19.834523 0.400000
55.668050 20.502122 0.400000
57.395379 21.832831 0.400000
58.146768 23.090524 0.400000
59.519415 24.013785 0.400000
60.581571 26.213559 0.400000
61.871163 27.690696 0.400000
62.573433 29.386176 0.400000
63.561918 31.626131 0.400000
64.148235 33.336758 0.400000
64.781044 35.052458 0.400000
65.187154 36.811956 0.400000
65.445972 38.995922 0.400000
65.169442 41.305065 0.400000
64.773299 42.739758 0.400000
64.447798 45.046213 0.400000
64.220141 46.935521 0.400000


63.087712 48.638736 0.400000
62.618804 50.209464 0.400000
61.919073 52.361791 0.400000
60.890914 54.026900 0.400000
59.416262 55.880011 0.400000
58.101993 56.905472 0.400000
56.943605 58.605982 0.400000
55.077683 59.772846 0.400000
53.428057 60.995187 0.400000
52.138351 61.544102 0.400000
50.150744 63.202362 0.400000
48.410722 63.546067 0.400000
46.559349 63.977998 0.400000
44.536212 64.788358 0.400000
42.516457 65.005844 0.400000
40.741651 65.026981 0.400000
38.918507 65.331334 0.400000
36.983620 65.076168 0.400000
34.582793 64.313069 0.400000
33.283205 63.991800 0.400000
31.263832 63.496841 0.400000
29.880253 62.568975 0.400000
27.990614 61.872240 0.400000
25.790809 60.623792 0.400000
24.263781 59.861737 0.400000
23.115145 58.203982 0.400000
21.265052 56.586074 0.400000
20.165855 55.486177 0.400000
19.483571 53.980260 0.400000
17.982488 52.082131 0.400000
17.118541 50.193842 0.400000
16.361469 48.938660 0.400000
15.885337 46.449263 0.400000
15.493225 44.867355 0.400000
15.112536 42.775272 0.400000
15.530362 40.958138 0.400000
14.929601 38.702257 0.400000
14.970008 37.290624 0.400000
15.847748 34.766846 0.400000
15.908316 32.449779 0.400000
16.105473 31.267268 0.400000
17.474912 29.521657 0.400000
18.882104 27.467296 0.400000
19.738972 25.766658 0.400000
20.678229 24.218370 0.400000
22.103755 23.504638 0.400000
23.095341 21.598262 0.400000
24.232892 20.376037 0.400000
26.242842 19.079003 0.400000
27.852148 18.493162 0.400000
29.642071 17.859578 0.400000
31.819312 16.532180 0.400000
32.877813 15.964303 0.400000
35.394896 15.609337 0.400000
36.713429 15.311213 0.400000
39.298888 15.288183 0.400000
41.290745 15.010701 0.400000
43.416061 15.203406 0.400000
44.821282 14.937814 0.400000
46.399630 15.449649 0.400000
48.913316 16.103414 0.400000
50.693665 17.804958 0.400000
52.396410 18.232700 0.400000
53.727413 19.867892 0.400000
55.772747 20.568910 0.400000
57.494204 21.875527 0.400000
58.173752 23.165852 0.400000
59.589256 24.111087 0.400000
60.674858 26.248123 0.400000
61.958127 27.793816 0.400000
62.574376 29.447825 0.400000
63.591775 31.717735 0.400000
64.143855 33.494775 0.400000
64.797620 35.102376 0.400000
65.231831 36.926578 0.400000
65.402806 39.088856 0.400000
65.208512 41.430890 0.400000
64.758069 42.854662 0.400000
64.422896 45.150859 0.400000
64.168174 47.041179 0.400000


63.043630 48.735863 0.400000
62.555015 50.320215 0.400000
61.867675 52.422404 0.400000
60.806632 54.075805 0.400000
59.334891 55.950146 0.400000
58.043399 56.993311 0.400000
56.899352 58.670955 0.400000
55.016649 59.886055 0.400000
53.401282 61.037491 0.400000
52.034752 61.562004 0.400000
50.013231 63.227184 0.400000
48.342848 63.511143 0.400000
46.472191 63.996672 0.400000
44.494104 64.770668 0.400000
42.375843 65.039676 0.400000
40.609032 64.991064 0.400000
38.795131 65.373305 0.400000
36.877055 65.054378 0.400000
34.469223 64.278598 0.400000
33.181101 63.996959 0.400000
31.128637 63.476808 0.400000
29.768576 62.491245 0.400000
27.901663 61.778212 0.400000
25.678196 60.597984 0.400000
24.143007 59.801092 0.400000
23.014075 58.114652 0.400000
21.147634 56.483551 0.400000
20.094303 55.447685 0.400000
19.447662 53.891612 0.400000
17.913490 51.965982 0.400000
17.079985 50.147429 0.400000
16.360090 48.857117 0.400000
15.831013 46.314513 0.400000
15.500702 44.837884 0.400000
15.112150 42.621256 0.400000
15.540690 40.858618 0.400000
14.951719 38.646141 0.400000
14.969734 37.134026 0.400000
15.883724 34.691700 0.400000
15.947821 32.371414 0.400000
16.134732 31.180785 0.400000
17.518240 29.408330 0.400000
18.928179 27.370847 0.400000
19.747679 25.668980 0.400000
20.742857 24.108972 0.400000
22.171376 23.409133 0.400000
23.221693 21.519639 0.400000
24.323136 20.314173 0.400000
26.334395 19.033185 0.400000
27.970810 18.398599 0.400000
29.716941 17.798687 0.400000
31.857112 16.543254 0.400000
32.964332 15.923551 0.400000
35.511607 15.519862 0.400000
36.818099 15.270283 0.400000
39.405045 15.264762 0.400000
41.344867 15.035737 0.400000
43.526638 15.293765 0.400000
44.883114 14.937249 0.400000
46.442842 15.508397 0.400000
49.020074 16.144372 0.400000
50.809745 17.853435 0.400000
52.478833 18.226622 0.400000
53.870874 19.895719 0.400000
55.844078 20.608468 0.400000
57.573949 21.952927 0.400000
58.242455 23.231228 0.400000
59.650834 24.194290 0.400000
60.752545 26.344208 0.400000
61.996836 27.862850 0.400000
62.674093 29.508616 0.400000
63.608785 31.794328 0.400000
64.204346 33.502513 0.400000
64.857645 35.247282 0.400000
65.264371 37.041228 0.400000
65.402920 39.231246 0.400000
65.168822 41.531814 0.400000
64.731505 43.002117 0.400000
64.406272 45.274421 0.400000
64.178745 47.075218 0.400000


63.028403 48.811364 0.400000
62.508103 50.421940 0.400000
61.797489 52.506889 0.400000
60.741394 54.172120 0.400000
59.295085 56.037219 0.400000
57.981882 57.117253 0.400000
56.836223 58.756390 0.400000
54.924774 59.908432 0.400000
53.300095 61.089437 0.400000
51.979515 61.628256 0.400000
49.941414 63.276116 0.400000
48.282943 63.554687 0.400000
46.422746 64.026906 0.400000
44.409302 64.774507 0.400000
42.276844 65.065940 0.400000
40.435479 64.984694 0.400000
38.689491 65.382333 0.400000
36.779450 65.053167 0.400000
34.384577 64.259437 0.400000
33.110413 63.989692 0.400000
31.026082 63.419691 0.400000
29.718580 62.422473 0.400000
27.824350 61.740891 0.400000
25.607843 60.553799 0.400000
24.107818 59.744695 0.400000
22.976946 58.030225 0.400000
21.101972 56.397271 0.400000
20.096559 55.427375 0.400000
19.390981 53.813205 0.400000
17.892185 51.886187 0.400000
17.046364 50.036067 0.400000
16.257127 48.748002 0.400000
15.836536 46.208323 0.400000
15.486562 44.753213 0.400000
15.115714 42.533944 0.400000
15.503223 40.742272 0.400000
14.987049 38.550640 0.400000
15.033750 36.993914 0.400000
15.885384 34.634985 0.400000
15.943949 32.297995 0.400000
16.180064 31.097252 0.400000
17.549479 29.309296 0.400000
18.957131 27.294867 0.400000
19.776482 25.593797 0.400000
20.783360 24.095947 0.400000
22.239235 23.364261 0.400000
23.304076 21.465272 0.400000
24.433581 20.216198 0.400000
26.440501 19.010018 0.400000
28.113809 18.373119 0.400000
29.836958 17.766137 0.400000
31.931360 16.521836 0.400000
33.029970 15.873012 0.400000
35.584565 15.552387 0.400000
36.945717 15.232800 0.400000
39.542997 15.221359 0.400000
41.445038 15.068469 0.400000
43.637825 15.300833 0.400000
45.024449 14.972435 0.400000
46.537629 15.520757 0.400000
49.095402 16.191560 0.400000
50.894226 17.891099 0.400000
52.537409 18.306622 0.400000
53.938106 19.931451 0.400000
55.918789 20.682415 0.400000
57.689292 22.036797 0.400000
58.257273 23.331732 0.400000
59.686512 24.256143 0.400000
60.807911 26.402044 0.400000
62.045171 27.984446 0.400000
62.735161 29.632173 0.400000
63.651503 31.887927 0.400000
64.207319 33.596942 0.400000
64.918391 35.352032 0.400000
65.290170 37.184883 0.400000
65.429739 39.331759 0.400000
65.151826 41.604940 0.400000
64.704865 43.042874 0.400000
64.403721 45.366254 0.400000
64.147752 47.185146 0.400000


62.995529 48.907249 0.400000
62.505716 50.507848 0.400000
61.727272 52.568328 0.400000
60.647769 54.290560 0.400000
59.179920 56.138351 0.400000
57.892794 57.171557 0.400000
56.769505 58.878303 0.400000
54.784722 59.979883 0.400000
53.219612 61.136278 0.400000
51.938389 61.685732 0.400000
49.858685 63.289943 0.400000
48.150546 63.571369 0.400000
46.345894 64.040218 0.400000
44.295274 64.754305 0.400000
42.168988 65.053537 0.400000
40.368105 64.962245 0.400000
38.608207 65.360594 0.400000
36.682571 65.018334 0.400000
34.314913 64.197704 0.400000
33.020542 63.943279 0.400000
30.935688 63.411928 0.400000
29.661929 62.392827 0.400000
27.740714 61.677533 0.400000
25.518938 60.516175 0.400000
23.998937 59.697298 0.400000
22.898048 57.961405 0.400000
21.017356 56.326489 0.400000
19.997402 55.353703 0.400000
19.297032 53.722639 0.400000
17.821479 51.820868 0.400000
17.000062 49.936990 0.400000
16.202348 48.677042 0.400000
15.818870 46.133629 0.400000
15.516308 44.658710 0.400000
15.122411 42.463586 0.400000
15.485713 40.620981 0.400000
15.052662 38.410065 0.400000
15.065934 36.862774 0.400000
15.934553 34.565141 0.400000
15.963445 32.212704 0.400000
16.210896 30.981215 0.400000
17.643385 29.230044 0.400000
18.980225 27.224464 0.400000
19.793800 25.532220 0.400000
20.856597 24.016214 0.400000
22.332694 23.286746 0.400000
23.346341 21.385812 0.400000
24.499097 20.171473 0.400000
26.492823 18.934898 0.400000
28.180039 18.330745 0.400000
29.883765 17.662982 0.400000
31.974941 16.461050 0.400000
33.116409 15.843886 0.400000
35.673339 15.534347 0.400000
37.113596 15.260507 0.400000
39.654679 15.230825 0.400000
41.545712 15.056113 0.400000
43.690725 15.292567 0.400000
45.104862 15.010063 0.400000
46.598453 15.535218 0.400000
49.179753 16.212501 0.400000
50.964470 17.987656 0.400000
52.577902 18.316156 0.400000
53.969787 19.988839 0.400000
55.961227 20.727104 0.400000
57.789248 22.065495 0.400000
58.322522 23.383784 0.400000
59.781664 24.320544 0.400000
60.898908 26.457341 0.400000
62.089146 28.072302 0.400000
62.772919 29.778023 0.400000
63.703469 31.993966 0.400000
64.233850 33.696966 0.400000
64.969130 35.457811 0.400000
65.296904 37.270798 0.400000
65.453077 39.401352 0.400000
65.161615 41.678712 0.400000
64.661151 43.166046 0.400000
64.358642 45.425063 0.400000
64.098909 47.293629 0.400000


62.978602 49.019758 0.400000
62.432073 50.624778 0.400000
61.648861 52.630543 0.400000
60.561720 54.377052 0.400000
59.102689 56.263175 0.400000
57.850436 57.236860 0.400000
56.717699 58.955212 0.400000
54.693730 60.061029 0.400000
53.093613 61.157794 0.400000
51.879038 61.728494 0.400000
49.763079 63.399568 0.400000
48.041670 63.632509 0.400000
46.201570 64.038001 0.400000
44.199110 64.748916 0.400000
42.113218 65.079821 0.400000
40.251699 64.919743 0.400000
38.472973 65.374924 0.400000
36.578572 64.997994 0.400000
34.214510 64.205075 0.400000
32.937315 63.892686 0.400000
30.796336 63.342471 0.400000
29.557077 62.300409 0.400000
27.681914 61.638472 0.400000
25.436241 60.430001 0.400000
23.923938 59.616590 0.400000
22.819581 57.911467 0.400000
20.973443 56.244885 0.400000
19.966080 55.255374 0.400000
19.274871 53.652907 0.400000
17.839172 51.742860 0.400000
16.972042 49.874405 0.400000
16.186685 48.562190 0.400000
15.787777 46.005368 0.400000
15.503817 44.582406 0.400000
15.110698 42.379948 0.400000
15.497406 40.541270 0.400000
15.080374 38.322635 0.400000
15.068239 36.759735 0.400000
15.959231 34.452669 0.400000
16.010985 32.082287 0.400000
16.309360 30.910033 0.400000
17.661874 29.106321 0.400000
19.009651 27.164787 0.400000
19.870107 25.449822 0.400000
20.971956 23.974224 0.400000
22.397964 23.163045 0.400000
23.395972 21.298689 0.400000
24.581080 20.119788 0.400000
26.547966 18.871219 0.400000
28.279267 18.324723 0.400000
30.009235 17.638050 0.400000
32.043374 16.432410 0.400000
33.199810 15.843941 0.400000
35.803073 15.511606 0.400000
37.249580 15.217215 0.400000
39.800882 15.229712 0.400000
41.672208 15.069817 0.400000
43.785330 15.323999 0.400000
45.210623 15.077624 0.400000
46.697183 15.556131 0.400000
49.254351 16.255209 0.400000
51.038194 18.046083 0.400000
52.619309 18.366013 0.400000
54.068248 20.042294 0.400000
56.081842 20.797039 0.400000
57.877391 22.093487 0.400000
58.385939 23.478773 0.400000
59.864855 24.408833 0.400000
60.934123 26.525254 0.400000
62.114416 28.135279 0.400000
62.822867 29.831972 0.400000
63.758202 32.096837 0.400000
64.264818 33.806044 0.400000
65.031162 35.532688 0.400000
65.303752 37.345867 0.400000
65.458241 39.517851 0.400000
65.194546 41.796870 0.400000
64.612810 43.295920 0.400000
64.361892 45.556679 0.400000
64.083765 47.410904 0.400000


62.925998 49.100118 0.400000
62.397242 50.710407 0.400000
61.579383 52.733906 0.400000
60.493282 54.430950 0.400000
58.999085 56.367159 0.400000
57.714690 57.261126 0.400000
56.652585 59.044785 0.400000
54.623345 60.108498 0.400000
53.026412 61.227433 0.400000
51.815851 61.778835 0.400000
49.707264 63.464207 0.400000
47.972562 63.650103 0.400000
46.126764 64.011775 0.400000
44.134891 64.771791 0.400000
42.025329 65.084426 0.400000
40.129010 64.880465 0.400000
38.329465 65.422157 0.400000
36.526232 64.952182 0.400000
34.127986 64.193157 0.400000
32.822262 63.861200 0.400000
30.706993 63.265382 0.400000
29.459196 62.282057 0.400000
27.609954 61.598776 0.400000
25.393617 60.408977 0.400000
23.867301 59.558204 0.400000
22.758282 57.857314 0.400000
20.914730 56.162818 0.400000
19.854896 55.184364 0.400000
19.184914 53.584816 0.400000
17.833435 51.679921 0.400000
16.894627 49.777229 0.400000
16.156159 48.499915 0.400000
15.762832 45.956833 0.400000
15.502616 44.481490 0.400000
15.103776 42.270918 0.400000
15.551584 40.403627 0.400000
15.120084 38.258296 0.400000
15.085387 36.681931 0.400000
15.999689 34.392733 0.400000
16.031834 31.953312 0.400000
16.360308 30.837138 0.400000
17.702173 28.984415 0.400000
19.040782 27.144466 0.400000
19.883037 25.365197 0.400000
21.088717 23.937739 0.400000
22.444041 23.076800 0.400000
23.509204 21.252520 0.400000
24.640102 20.026910 0.400000
26.606701 18.801344 0.400000
28.382015 18.265886 0.400000
30.126773 17.607675 0.400000
32.169206 16.411236 0.400000
33.320531 15.795516 0.400000
35.868765 15.497132 0.400000
37.359727 15.217325 0.400000
39.925774 15.207859 0.400000
41.777633 15.088859 0.400000
43.919058 15.368740 0.400000
45.297113 15.068744 0.400000
46.769143 15.629578 0.400000
49.327562 16.319433 0.400000
51.122029 18.063209 0.400000
52.721461 18.375193 0.400000
54.156443 20.092904 0.400000
56.130267 20.888695 0.400000
57.945070 22.164117 0.400000
58.453827 23.577137 0.400000
59.881878 24.472675 0.400000
60.974707 26.617095 0.400000
62.124617 28.221468 0.400000
62.841847 29.909908 0.400000
63.797592 32.232389 0.400000
64.294506 33.876440 0.400000
65.043580 35.639774 0.400000
65.293382 37.438206 0.400000
65.477458 39.641240 0.400000
65.231591 41.935488 0.400000
64.595049 43.378324 0.400000
64.352642 45.658325 0.400000
64.094906 47.508277 0.400000


62.861051 49.205321 0.400000
62.354100 50.816108 0.400000
61.584520 52.772499 0.400000
60.421649 54.534067 0.400000
58.925128 56.460249 0.400000
57.644372 57.322798 0.400000
56.599426 59.140152 0.400000
54.497343 60.161070 0.400000
52.888801 61.289177 0.400000
51.731066 61.824121 0.400000
49.611578 63.451335 0.400000
47.860852 63.677229 0.400000
46.075599 64.044692 0.400000
43.995787 64.787470 0.400000
41.911513 65.063427 0.400000
40.065486 64.906215 0.400000
38.234515 65.407888 0.400000
36.448909 64.919376 0.400000
34.013300 64.179346 0.400000
32.721647 63.816493 0.400000
30.602396 63.241425 0.400000
29.316580 62.276884 0.400000
27.594233 61.536728 0.400000
25.341537 60.308154 0.400000
23.811715 59.464451 0.400000
22.711500 57.774691 0.400000
20.824204 56.075049 0.400000
19.774120 55.129490 0.400000
19.139648 53.509705 0.400000
17.752031 51.587937 0.400000
16.807667 49.735060 0.400000
16.152540 48.392722 0.400000
15.700796 45.810842 0.400000
15.455745 44.397268 0.400000
15.065583 42.197930 0.400000
15.536251 40.294113 0.400000
15.157126 38.173712 0.400000
15.079610 36.638880 0.400000
16.079989 34.248977 0.400000
16.043760 31.856508 0.400000
16.412711 30.770457 0.400000
17.707816 28.846710 0.400000
19.062329 27.062688 0.400000
19.955168 25.303992 0.400000
21.178743 23.867045 0.400000
22.485607 22.984821 0.400000
23.570873 21.187815 0.400000
24.697079 19.970075 0.400000
26.643980 18.712071 0.400000
28.446172 18.246158 0.400000
30.243554 17.566202 0.400000
32.308338 16.362858 0.400000
33.472758 15.785763 0.400000
36.013369 15.486075 0.400000
37.490007 15.226472 0.400000
40.028718 15.168125 0.400000
41.913963 15.107624 0.400000
44.016335 15.346857 0.400000
45.318594 15.048624 0.400000
46.836229 15.688264 0.400000
49.391546 16.368443 0.400000
51.214714 18.084074 0.400000
52.860165 18.458652 0.400000
54.250096 20.107719 0.400000
56.229440 20.972453 0.400000
58.029321 22.269902 0.400000
58.515436 23.701864 0.400000
59.912363 24.515779 0.400000
61.045347 26.684235 0.400000
62.145677 28.346220 0.400000
62.867471 30.011419 0.400000
63.820182 32.275732 0.400000
64.289649 33.972383 0.400000
65.044507 35.698217 0.400000
65.311898 37.527391 0.400000
65.498188 39.703964 0.400000
65.243523 42.017340 0.400000
64.603005 43.485010 0.400000
64.358639 45.747514 0.400000
64.044550 47.594376 0.400000


62.800843 49.282142 0.400000
62.322064 50.925615 0.400000
61.545388 52.907970 0.400000
60.363092 54.649869 0.400000
58.850523 56.513966 0.400000
57.555725 57.382476 0.400000
56.544924 59.195328 0.400000
54.414020 60.172441 0.400000
52.809426 61.359750 0.400000
51.652126 61.859681 0.400000
49.499623 63.481854 0.400000
47.779298 63.751048 0.400000
45.985685 64.110301 0.400000
43.836497 64.808249 0.400000
41.821772 65.083718 0.400000
39.960538 64.903770 0.400000
38.064663 65.362924 0.400000
36.344342 64.919698 0.400000
33.982239 64.157811 0.400000
32.601000 63.766652 0.400000
30.504171 63.233997 0.400000
29.234401 62.237079 0.400000
27.477557 61.470512 0.400000
25.270260 60.281486 0.400000
23.747381 59.399440 0.400000
22.651040 57.732538 0.400000
20.774533 56.001698 0.400000
19.720874 55.062334 0.400000
19.070238 53.453520 0.400000
17.723281 51.529601 0.400000
16.804918 49.637473 0.400000
16.168688 48.289763 0.400000
15.681142 45.713300 0.400000
15.444186 44.289711 0.400000
15.060099 42.107446 0.400000
15.504866 40.155048 0.400000
15.209454 38.032836 0.400000
15.118188 36.533920 0.400000
16.119431 34.134720 0.400000
16.088833 31.766994 0.400000
16.505243 30.610716 0.400000
17.735759 28.774713 0.400000
19.137100 26.974476 0.400000
20.058772 25.216426 0.400000
21.210498 23.783583 0.400000
22.558560 22.906764 0.400000
23.671240 21.122006 0.400000
24.789587 19.914139 0.400000
26.748909 18.634050 0.400000
28.549969 18.191516 0.400000
30.319644 17.557883 0.400000
32.422837 16.324225 0.400000
33.504687 15.752751 0.400000
36.093112 15.478410 0.400000
37.579786 15.182693 0.400000
40.150840 15.160135 0.400000
42.018509 15.112952 0.400000
44.145648 15.333872 0.400000
45.407434 15.039011 0.400000
46.897928 15.759271 0.400000
49.487752 16.385144 0.400000
51.247066 18.150690 0.400000
52.938009 18.529727 0.400000
54.296401 20.141896 0.400000
56.268088 20.999140 0.400000
58.113716 22.367675 0.400000
58.578589 23.749300 0.400000
59.948583 24.564529 0.400000
61.142277 26.733340 0.400000
62.152494 28.452046 0.400000
62.892521 30.113014 0.400000
63.856635 32.302466 0.400000
64.266134 34.066664 0.400000
65.067049 35.791267 0.400000
65.286887 37.634575 0.400000
65.486348 39.807522 0.400000
65.279361 42.144379 0.400000
64.635631 43.589283 0.400000
64.321872 45.803939 0.400000
64.032358 47.688104 0.400000


62.736516 49.409175 0.400000
62.237659 51.016910 0.400000
61.515647 53.007610 0.400000
60.243575 54.752292 0.400000
58.825753 56.640954 0.400000
57.433973 57.480552 0.400000
56.434836 59.273479 0.400000
54.318821 60.268217 0.400000
52.754235 61.422879 0.400000
51.600127 61.919374 0.400000
49.385978 63.482189 0.400000
47.687269 63.794598 0.400000
45.905427 64.134862 0.400000
43.724808 64.773090 0.400000
41.718357 65.038541 0.400000
39.821733 64.879111 0.400000
37.923505 65.345470 0.400000
36.220508 64.910478 0.400000
33.919458 64.110946 0.400000
32.531802 63.722884 0.400000
30.405698 63.200209 0.400000
29.150196 62.203004 0.400000
27.347006 61.429648 0.400000
25.210748 60.223756 0.400000
23.697271 59.309836 0.400000
22.605363 57.637639 0.400000
20.761837 55.888809 0.400000
19.704943 54.968855 0.400000
19.019783 53.349293 0.400000
17.669947 51.398716 0.400000
16.771151 49.503552 0.400000
16.167926 48.274283 0.400000
15.647966 45.612832 0.400000
15.398943 44.221899 0.400000
15.025235 41.991264 0.400000
15.515306 40.065282 0.400000
15.226292 37.923473 0.400000
15.113969 36.398476 0.400000
16.156041 34.099637 0.400000
16.062544 31.634962 0.400000
16.541817 30.485591 0.400000
17.782194 28.732117 0.400000
19.177020 26.897989 0.400000
20.130997 25.100374 0.400000
21.204992 23.712581 0.400000
22.644918 22.868798 0.400000
23.719567 21.073553 0.400000
24.867973 19.856203 0.400000
26.829582 18.559693 0.400000
28.665407 18.158072 0.400000
30.445437 17.515046 0.400000
32.488101 16.277734 0.400000
33.573318 15.741184 0.400000
36.182098 15.428027 0.400000
37.688023 15.188041 0.400000
40.269868 15.136386 0.400000
42.053477 15.077329 0.400000
44.192836 15.396241 0.400000
45.484598 15.028876 0.400000
47.030966 15.782347 0.400000
49.596753 16.430838 0.400000
51.367060 18.213238 0.400000
53.011734 18.591762 0.400000
54.373848 20.140093 0.400000
56.359553 21.061785 0.400000
58.149996 22.465336 0.400000
58.650983 23.827035 0.400000
60.026170 24.615533 0.400000
61.203879 26.789090 0.400000
62.214431 28.535269 0.400000
62.917024 30.206021 0.400000
63.916872 32.438409 0.400000
64.270744 34.166955 0.400000
65.112446 35.931739 0.400000
65.306220 37.755001 0.400000
65.447133 39.889092 0.400000
65.281722 42.253742 0.400000
64.626522 43.755864 0.400000
64.272656 45.927216 0.400000
64.025327 47.798194 0.400000


62.666393 49.468413 0.400000
62.164481 51.090537 0.400000
61.480050 53.088841 0.400000
60.237369 54.845850 0.400000
58.759234 56.736005 0.400000
57.325235 57.577403 0.400000
56.366093 59.376414 0.400000
54.224184 60.323853 0.400000
52.660532 61.467458 0.400000
51.504030 61.958423 0.400000
49.267072 63.511748 0.400000
47.593991 63.837873 0.400000
45.847415 64.193013 0.400000
43.678023 64.783369 0.400000
41.597289 65.044386 0.400000
39.744960 64.872798 0.400000
37.844701 65.369622 0.400000
36.100991 64.853063 0.400000
33.844846 64.088642 0.400000
32.404107 63.708791 0.400000
30.322263 63.189116 0.400000
29.085993 62.155823 0.400000
27.272364 61.369588 0.400000
25.121801 60.187953 0.400000
23.603582 59.188027 0.400000
22.494548 57.569135 0.400000
20.697976 55.829912 0.400000
19.660698 54.887410 0.400000
18.928457 53.231861 0.400000
17.575388 51.264720 0.400000
16.768535 49.386338 0.400000
16.127265 48.183767 0.400000
15.588385 45.526695 0.400000
15.402298 44.125438 0.400000
15.057744 41.871466 0.400000
15.499274 39.988105 0.400000
15.279419 37.803525 0.400000
15.149601 36.356982 0.400000
16.171953 34.003379 0.400000
16.087587 31.578146 0.400000
16.601153 30.373602 0.400000
17.842441 28.662286 0.400000
19.230481 26.799296 0.400000
20.166458 25.003649 0.400000
21.280106 23.633473 0.400000
22.686155 22.783725 0.400000
23.777762 20.984258 0.400000
24.954817 19.752756 0.400000
26.942703 18.522862 0.400000
28.787120 18.127120 0.400000
30.519560 17.502673 0.400000
32.591191 16.236199 0.400000
33.672878 15.729249 0.400000
36.293820 15.377037 0.400000
37.789834 15.141600 0.400000
40.334958 15.112982 0.400000
42.171777 15.095729 0.400000
44.331253 15.405343 0.400000
45.606193 15.069530 0.400000
47.119819 15.825901 0.400000
49.712235 16.419792 0.400000
51.460109 18.216858 0.400000
53.063916 18.568402 0.400000
54.494847 20.179762 0.400000
56.439618 21.107743 0.400000
58.219979 22.545709 0.400000
58.776970 23.914463 0.400000
60.121781 24.732235 0.400000
61.230290 26.876384 0.400000
62.221615 28.622129 0.400000
62.928648 30.304875 0.400000
63.923517 32.495760 0.400000
64.272567 34.268367 0.400000
65.094134 36.054316 0.400000
65.278841 37.837015 0.400000
65.415046 39.970258 0.400000
65.241953 42.354303 0.400000
64.607925 43.827012 0.400000
64.234766 45.974000 0.400000
64.000791 47.905562 0.400000


62.629908 49.583863 0.400000
62.108033 51.181214 0.400000
61.393723 53.169665 0.400000
60.158721 54.939266 0.400000
58.640167 56.820285 0.400000
57.283178 57.659681 0.400000
56.263979 59.456438 0.400000
54.132132 60.380650 0.400000
52.550094 61.523816 0.400000
51.412304 61.962790 0.400000
49.122709 63.543647 0.400000
47.522465 63.928101 0.400000
45.723814 64.141740 0.400000
43.606051 64.825741 0.400000
41.538576 65.023537 0.400000
39.646009 64.844522 0.400000
37.733206 65.372818 0.400000
35.975200 64.831657 0.400000
33.785017 64.057955 0.400000
32.353814 63.673826 0.400000
30.265009 63.161975 0.400000
28.995607 62.084804 0.400000
27.171904 61.338475 0.400000
25.018310 60.115051 0.400000
23.511712 59.107413 0.400000
22.387248 57.491294 0.400000
20.609915 55.752739 0.400000
19.653453 54.830618 0.400000
18.872384 53.108837 0.400000
17.481890 51.151650 0.400000
16.691295 49.277881 0.400000
16.088453 48.096907 0.400000
15.548256 45.460288 0.400000
15.364575 43.996934 0.400000
15.032731 41.791329 0.400000
15.468719 39.897561 0.400000
15.264481 37.690518 0.400000
15.166245 36.259606 0.400000
16.158640 33.921080 0.400000
16.144080 31.509381 0.400000
16.598331 30.269709 0.400000
17.888944 28.536660 0.400000
19.261962 26.721837 0.400000
20.199623 24.936403 0.400000
21.326229 23.583725 0.400000
22.723268 22.711209 0.400000
23.858273 20.935608 0.400000
25.050973 19.651174 0.400000
27.009800 18.456395 0.400000
28.891630 18.029102 0.400000
30.603344 17.456189 0.400000
32.728587 16.232060 0.400000
33.743096 15.715654 0.400000
36.389862 15.350513 0.400000
37.902999 15.086947 0.400000
40.451725 15.114096 0.400000
42.325744 15.073629 0.400000
44.426099 15.409684 0.400000
45.644719 15.112196 0.400000
47.221233 15.865422 0.400000
49.796370 16.433045 0.400000
51.555751 18.233407 0.400000
53.186861 18.653902 0.400000
54.550063 20.260640 0.400000
56.486712 21.147754 0.400000
58.270610 22.650591 0.400000
58.844507 24.005305 0.400000
60.208882 24.794909 0.400000
61.264010 26.939555 0.400000
62.262434 28.713895 0.400000
62.944806 30.420147 0.400000
63.961717 32.611380 0.400000
64.316624 34.389579 0.400000
65.132105 36.198823 0.400000
65.280365 37.948352 0.400000
65.421332 40.040256 0.400000
65.245172 42.456369 0.400000
64.602991 43.887543 0.400000
64.215984 46.100017 0.400000
63.968149 48.000653 0.400000


62.562391 49.685297 0.400000
62.041713 51.254493 0.400000
61.378391 53.223788 0.400000
60.107688 55.031842 0.400000
58.566710 56.932899 0.400000
57.255393 57.698255 0.400000
56.202094 59.535404 0.400000
54.053953 60.457625 0.400000
52.462847 61.620014 0.400000
51.301172 62.006850 0.400000
49.031443 63.555655 0.400000
47.468373 63.956943 0.400000
45.644464 64.167280 0.400000
43.491667 64.845190 0.400000
41.453328 65.025453 0.400000
39.561542 64.826327 0.400000
37.663702 65.358073 0.400000
35.893231 64.829368 0.400000
33.686685 64.049122 0.400000
32.255874 63.631322 0.400000
30.196513 63.130607 0.400000
28.936664 62.074114 0.400000
27.057963 61.282382 0.400000
24.986882 60.053949 0.400000
23.409293 59.047335 0.400000
22.356993 57.486943 0.400000
20.564736 55.653441 0.400000
19.573418 54.753889 0.400000
18.822215 53.009976 0.400000
17.407816 51.071455 0.400000
16.632787 49.205508 0.400000
16.086113 47.997948 0.400000
15.512444 45.357361 0.400000
15.361992 43.884509 0.400000
15.036289 41.696589 0.400000
15.468460 39.799265 0.400000
15.299969 37.576470 0.400000
15.188427 36.156252 0.400000
16.190302 33.835707 0.400000
16.138703 31.444739 0.400000
16.609038 30.233893 0.400000
17.966771 28.421899 0.400000
19.307965 26.608002 0.400000
20.234764 24.895531 0.400000
21.390255 23.480394 0.400000
22.792591 22.660883 0.400000
23.958662 20.843821 0.400000
25.165313 19.650038 0.400000
27.115788 18.393654 0.400000
29.016790 17.992671 0.400000
30.678610 17.444195 0.400000
32.871758 16.179800 0.400000
33.842535 15.705425 0.400000
36.518466 15.389127 0.400000
38.012066 15.089798 0.400000
40.577147 15.065452 0.400000
42.409415 15.057955 0.400000
44.521253 15.416266 0.400000
45.748416 15.092548 0.400000
47.316393 15.920300 0.400000
49.849230 16.449706 0.400000
51.694027 18.259922 0.400000
53.272568 18.728187 0.400000
54.702576 20.266269 0.400000
56.529606 21.172563 0.400000
58.360028 22.692891 0.400000
58.931657 24.106451 0.400000
60.287294 24.905354 0.400000
61.354978 27.031310 0.400000
62.305262 28.830508 0.400000
62.974676 30.530301 0.400000
63.942163 32.686580 0.400000
64.335156 34.492017 0.400000
65.140838 36.302845 0.400000
65.312409 38.029378 0.400000
65.457076 40.103809 0.400000
65.249151 42.576887 0.400000
64.570928 43.958692 0.400000
64.202488 46.168385 0.400000
63.919509 48.075534 0.400000


62.530394 49.736027 0.400000
61.995207 51.394218 0.400000
61.330876 53.363102 0.400000
60.046002 55.157188 0.400000
58.516732 56.988940 0.400000
57.159136 57.762451 0.400000
56.177928 59.595357 0.400000
53.942349 60.554730 0.400000
52.354849 61.682079 0.400000
51.236526 62.071691 0.400000
48.903562 63.573797 0.400000
47.407408 63.970670 0.400000
45.512113 64.244802 0.400000
43.381496 64.838156 0.400000
41.326952 65.048777 0.400000
39.456243 64.835987 0.400000
37.567359 65.300865 0.400000
35.797454 64.793367 0.400000
33.604071 64.035898 0.400000
32.141281 63.569416 0.400000
30.125173 63.074082 0.400000
28.852624 62.022793 0.400000
26.955819 61.209785 0.400000
24.914196 59.973569 0.400000
23.346344 58.980266 0.400000
22.296321 57.447838 0.400000
20.504438 55.564629 0.400000
19.493651 54.622290 0.400000
18.798293 52.944748 0.400000
17.360563 51.012777 0.400000
16.607809 49.132110 0.400000
16.045867 47.871302 0.400000
15.487196 45.212371 0.400000
15.342937 43.776153 0.400000
15.063865 41.582170 0.400000
15.457905 39.696135 0.400000
15.339618 37.516082 0.400000
15.200700 36.046255 0.400000
16.187534 33.707852 0.400000
16.149777 31.344613 0.400000
16.610792 30.131869 0.400000
18.035336 28.338020 0.400000
19.389732 26.520433 0.400000
20.311640 24.805254 0.400000
21.431643 23.428833 0.400000
22.846359 22.609130 0.400000
23.984037 20.758551 0.400000
25.241600 19.592895 0.400000
27.185841 18.331182 0.400000
29.132542 17.974525 0.400000
30.781634 17.409020 0.400000
32.988936 16.137155 0.400000
33.954894 15.734184 0.400000
36.589183 15.386513 0.400000
38.155665 15.040789 0.400000
40.699254 15.055555 0.400000
42.478793 15.072015 0.400000
44.615526 15.387695 0.400000
45.823875 15.107827 0.400000
47.359726 15.946019 0.400000
49.979612 16.494120 0.400000
51.772310 18.274500 0.400000
53.394450 18.777956 0.400000
54.757071 20.325550 0.400000
56.638035 21.216461 0.400000
58.403679 22.799874 0.400000
59.036893 24.166929 0.400000
60.361905 24.992887 0.400000
61.410747 27.112158 0.400000
62.314433 28.914649 0.400000
63.034401 30.590784 0.400000
63.990300 32.753048 0.400000
64.300941 34.658372 0.400000
65.148099 36.461813 0.400000
65.338539 38.153360 0.400000
65.513046 40.225926 0.400000
65.265152 42.686971 0.400000
64.593715 44.057986 0.400000
64.174211 46.284305 0.400000
63.883401 48.216919 0.400000


62.491389 49.823145 0.400000
61.945876 51.477890 0.400000
61.276014 53.489764 0.400000
59.996052 55.262832 0.400000
58.433755 57.026837 0.400000
57.065474 57.848139 0.400000
56.095534 59.640551 0.400000
53.877847 60.623164 0.400000
52.251330 61.743547 0.400000
51.099160 62.157922 0.400000
48.830661 63.581092 0.400000
47.271794 63.990217 0.400000
45.367334 64.249366 0.400000
43.289516 64.848045 0.400000
41.228989 65.019445 0.400000
39.351529 64.800912 0.400000
37.477494 65.292180 0.400000
35.709262 64.800979 0.400000
33.517488 64.028314 0.400000
32.099657 63.512169 0.400000
30.007064 63.012052 0.400000
28.763112 61.974939 0.400000
26.878662 61.174645 0.400000
24.809344 59.911205 0.400000
23.267376 58.878434 0.400000
22.216641 57.310413 0.400000
20.459911 55.537690 0.400000
19.450659 54.577921 0.400000
18.763099 52.873946 0.400000
17.300855 50.891399 0.400000
16.589729 49.064510 0.400000
16.015678 47.802929 0.400000
15.448178 45.087775 0.400000
15.344655 43.665773 0.400000
15.076936 41.502450 0.400000
15.456870 39.611389 0.400000
15.349793 37.449800 0.400000
15.192278 35.901504 0.400000
16.229203 33.590171 0.400000
16.189288 31.243768 0.400000
16.642396 30.019284 0.400000
18.090277 28.268454 0.400000
19.497602 26.448684 0.400000
20.318332 24.768811 0.400000
21.490147 23.374401 0.400000
22.892513 22.558045 0.400000
24.045399 20.659366 0.400000
25.303796 19.563608 0.400000
27.274967 18.283690 0.400000
29.284739 17.930556 0.400000
30.898520 17.381416 0.400000
33.130279 16.092307 0.400000
34.037764 15.732088 0.400000
36.729662 15.384738 0.400000
38.264468 15.016097 0.400000
40.799853 15.073343 0.400000
42.574743 15.083632 0.400000
44.709364 15.392452 0.400000
45.896276 15.191019 0.400000
47.453984 15.960870 0.400000
50.058422 16.539240 0.400000
51.856972 18.301790 0.400000
53.449287 18.841765 0.400000
54.797913 20.430999 0.400000
56.724505 21.311558 0.400000
58.492384 22.887413 0.400000
59.082633 24.291034 0.400000
60.438265 25.119680 0.400000
61.485020 27.212115 0.400000
62.383379 29.044267 0.400000
63.085799 30.700328 0.400000
64.054567 32.876846 0.400000
64.270678 34.727879 0.400000
65.155563 36.541134 0.400000
65.370429 38.265293 0.400000
65.519061 40.313790 0.400000
65.268430 42.732138 0.400000
64.568292 44.152770 0.400000
64.175479 46.368908 0.400000
63.831889 48.342272 0.400000


62.513300 49.886012 0.400000
61.963624 51.599713 0.400000
61.242917 53.541564 0.400000
59.966583 55.368994 0.400000
58.375751 57.075509 0.400000
56.978510 57.938476 0.400000
56.041401 59.693032 0.400000
53.793977 60.656541 0.400000
52.143263 61.777307 0.400000
50.959749 62.229023 0.400000
48.666219 63.623323 0.400000
47.179409 64.011336 0.400000
45.238371 64.297492 0.400000
43.207942 64.817970 0.400000
41.114887 65.031608 0.400000
39.223077 64.800190 0.400000
37.418494 65.263650 0.400000
35.559198 64.778976 0.400000
33.399885 63.986238 0.400000
32.034518 63.491979 0.400000
29.910694 62.973555 0.400000
28.623804 61.909932 0.400000
26.836375 61.133578 0.400000
24.741858 59.827480 0.400000
23.204921 58.785425 0.400000
22.167928 57.272704 0.400000
20.407744 55.445538 0.400000
19.373155 54.489134 0.400000
18.703542 52.781638 0.400000
17.266677 50.788164 0.400000
16.589136 48.940921 0.400000
16.011943 47.639726 0.400000
15.401962 44.981457 0.400000
15.291804 43.609252 0.400000
15.093940 41.413171 0.400000
15.443525 39.511690 0.400000
15.396479 37.356593 0.400000
15.262287 35.825760 0.400000
16.201917 33.520308 0.400000
16.239656 31.134197 0.400000
16.674189 29.900261 0.400000
18.136808 28.223783 0.400000
19.515709 26.375007 0.400000
20.380554 24.683566 0.400000
21.603958 23.296697 0.400000
22.988016 22.510851 0.400000
24.149269 20.565893 0.400000
25.369357 19.485532 0.400000
27.342244 18.248928 0.400000
29.396803 17.837943 0.400000
31.025252 17.349394 0.400000
33.247606 16.040892 0.400000
34.135899 15.709310 0.400000
36.826264 15.394268 0.400000
38.337163 15.040273 0.400000
40.953206 15.066645 0.400000
42.616701 15.127824 0.400000
44.835128 15.392232 0.400000
45.981695 15.158574 0.400000
47.511485 16.023587 0.400000
50.188234 16.564145 0.400000
51.952008 18.397331 0.400000
53.554640 18.899730 0.400000
54.830465 20.496135 0.400000
56.799132 21.403169 0.400000
58.559231 22.930671 0.400000
59.136063 24.361619 0.400000
60.514935 25.171845 0.400000
61.540310 27.278947 0.400000
62.417185 29.157855 0.400000
63.149867 30.837109 0.400000
64.120356 32.944715 0.400000
64.325762 34.804078 0.400000
65.153359 36.619106 0.400000
65.376312 38.365742 0.400000
65.519710 40.423136 0.400000
65.273751 42.839629 0.400000
64.550390 44.248098 0.400000
64.160067 46.477622 0.400000
63.821424 48.440264 0.400000


62.477208 49.918190 0.400000
61.954478 51.696660 0.400000
61.178309 53.655974 0.400000
59.902320 55.419923 0.400000
58.308737 57.156649 0.400000
56.901281 57.996206 0.400000
55.941513 59.748612 0.400000
53.727415 60.724529 0.400000
52.071132 61.827402 0.400000
50.897474 62.270014 0.400000
48.569580 63.658245 0.400000
47.064615 64.035095 0.400000
45.138979 64.272207 0.400000
43.109196 64.846369 0.400000
41.043650 65.029909 0.400000
39.122538 64.852747 0.400000
37.297258 65.282374 0.400000
35.458978 64.759909 0.400000
33.333476 63.991333 0.400000
31.964440 63.506504 0.400000
29.798310 62.908906 0.400000
28.516670 61.888844 0.400000
26.755869 61.104311 0.400000
24.707643 59.755923 0.400000
23.116457 58.698057 0.400000
22.104903 57.250033 0.400000
20.372167 55.393084 0.400000
19.298273 54.359704 0.400000
18.717087 52.661458 0.400000
17.210222 50.679563 0.400000
16.538260 48.881062 0.400000
15.974587 47.481714 0.400000
15.414134 44.901064 0.400000
15.232165 43.537492 0.400000
15.085709 41.338812 0.400000
15.397738 39.433540 0.400000
15.370996 37.261105 0.400000
15.284398 35.753278 0.400000
16.185526 33.388009 0.400000
16.235431 31.020611 0.400000
16.684625 29.798136 0.400000
18.187110 28.137517 0.400000
19.609173 26.296256 0.400000
20.399095 24.612591 0.400000
21.638165 23.214615 0.400000
23.066737 22.389896 0.400000
24.256412 20.520089 0.400000
25.441765 19.425322 0.400000
27.425554 18.198454 0.400000
29.478480 17.807667 0.400000
31.119472 17.256405 0.400000
33.343753 16.031624 0.400000
34.228028 15.685411 0.400000
36.943088 15.378364 0.400000
38.415139 14.981815 0.400000
41.069109 15.050472 0.400000
42.709192 15.133096 0.400000
44.924994 15.455477 0.400000
46.037024 15.182691 0.400000
47.596168 16.098907 0.400000
50.336341 16.589057 0.400000
52.035587 18.448359 0.400000
53.659404 18.916547 0.400000
54.929923 20.553843 0.400000
56.843483 21.462213 0.400000
58.656509 22.969325 0.400000
59.199354 24.426391 0.400000
60.587229 25.275816 0.400000
61.575217 27.417321 0.400000
62.449453 29.249732 0.400000
63.149281 30.934348 0.400000
64.172834 33.009405 0.400000
64.350129 34.869473 0.400000
65.188856 36.710194 0.400000
65.402815 38.444715 0.400000
65.538515 40.568404 0.400000
65.248891 42.929493 0.400000
64.549159 44.353550 0.400000
64.145921 46.594068 0.400000
63.824300 48.533421 0.400000


62.429454 50.010717 0.400000
61.897002 51.813306 0.400000
61.158409 53.747295 0.400000
59.824752 55.569772 0.400000
58.242371 57.223178 0.400000
56.807383 58.052192 0.400000
55.823835 59.772875 0.400000
53.676622 60.817979 0.400000
52.025523 61.900288 0.400000
50.848172 62.291707 0.400000
48.482020 63.694501 0.400000
46.959578 64.084799 0.400000
45.051606 64.306987 0.400000
43.032778 64.881235 0.400000
40.949969 65.055540 0.400000
39.007546 64.846095 0.400000
37.208526 65.295012 0.400000
35.420517 64.785593 0.400000
33.241424 63.980543 0.400000
31.873238 63.507224 0.400000
29.708087 62.878197 0.400000
28.425965 61.776216 0.400000
26.638928 61.047459 0.400000
24.624168 59.684481 0.400000
22.997189 58.663675 0.400000
22.035006 57.224328 0.400000
20.259195 55.327538 0.400000
19.227709 54.287663 0.400000
18.638332 52.545665 0.400000
17.171511 50.596228 0.400000
16.489867 48.854998 0.400000
15.894143 47.414905 0.400000
15.381105 44.793543 0.400000
15.203505 43.427727 0.400000
15.069199 41.216534 0.400000
15.370866 39.339148 0.400000
15.368875 37.169325 0.400000
15.317524 35.608906 0.400000
16.183007 33.256419 0.400000
16.268281 30.948931 0.400000
16.716503 29.715917 0.400000
18.275473 28.064569 0.400000
19.649777 26.223793 0.400000
20.416129 24.546511 0.400000
21.765242 23.170161 0.400000
23.113967 22.370526 0.400000
24.320009 20.463057 0.400000
25.545973 19.316496 0.400000
27.502955 18.149772 0.400000
29.553161 17.731418 0.400000
31.220161 17.175368 0.400000
33.392743 16.048610 0.400000
34.337487 15.647815 0.400000
37.016425 15.371959 0.400000
38.509832 14.940756 0.400000
41.183207 15.022646 0.400000
42.808448 15.194616 0.400000
45.026362 15.477237 0.400000
46.141513 15.214017 0.400000
47.683593 16.118795 0.400000
50.438443 16.631391 0.400000
52.145515 18.454492 0.400000
53.761730 19.008549 0.400000
55.020212 20.648672 0.400000
56.916377 21.534257 0.400000
58.699897 23.061210 0.400000
59.309266 24.529202 0.400000
60.660910 25.370993 0.400000
61.594146 27.480739 0.400000
62.485524 29.306159 0.400000
63.163188 31.030509 0.400000
64.249486 33.114048 0.400000
64.390832 34.988077 0.400000
65.215744 36.805989 0.400000
65.404492 38.530086 0.400000
65.545794 40.661865 0.400000
65.231336 43.056969 0.400000
64.539254 44.480242 0.400000
64.151934 46.680277 0.400000
63.824498 48.633200 0.400000


62.430246 50.101000 0.400000
61.888394 51.852885 0.400000
61.041053 53.824193 0.400000
59.759357 55.662660 0.400000
58.162011 57.341175 0.400000
56.768475 58.091981 0.400000
55.808945 59.850666 0.400000
53.577507 60.856305 0.400000
51.915766 61.985019 0.400000
50.751802 62.334732 0.400000
48.385440 63.732806 0.400000
46.841663 64.107686 0.400000
44.970247 64.343321 0.400000
42.957286 64.928460 0.400000
40.847863 65.095618 0.400000
38.888088 64.814201 0.400000
37.134758 65.279912 0.400000
35.304777 64.821022 0.400000
33.160482 63.960374 0.400000
31.780684 63.514919 0.400000
29.598446 62.841266 0.400000
28.355912 61.701095 0.400000
26.492076 60.958009 0.400000
24.501002 59.619862 0.400000
22.941551 58.582529 0.400000
21.971668 57.164881 0.400000
20.217470 55.247051 0.400000
19.183449 54.158566 0.400000
18.600438 52.483930 0.400000
17.090933 50.493874 0.400000
16.457240 48.726055 0.400000
15.887967 47.336784 0.400000
15.329140 44.686943 0.400000
15.135282 43.309931 0.400000
15.073161 41.115469 0.400000
15.403119 39.261057 0.400000
15.402917 37.043561 0.400000
15.320866 35.495993 0.400000
16.211157 33.134862 0.400000
16.304154 30.857677 0.400000
16.736696 29.599554 0.400000
18.338056 27.995861 0.400000
19.739956 26.152025 0.400000
20.505122 24.490603 0.400000
21.832897 23.096899 0.400000
23.222045 22.341123 0.400000
24.363725 20.414553 0.400000
25.676345 19.263804 0.400000
27.615718 18.145909 0.400000
29.639202 17.708056 0.400000
31.312144 17.195127 0.400000
33.488613 16.023196 0.400000
34.405174 15.608439 0.400000
37.118369 15.342382 0.400000
38.605123 14.973880 0.400000
41.257907 15.008736 0.400000
42.918817 15.236480 0.400000
45.126600 15.526614 0.400000
46.241753 15.270278 0.400000
47.750626 16.123304 0.400000
50.570249 16.640646 0.400000
52.221117 18.510043 0.400000
53.902026 19.023822 0.400000
55.042441 20.719646 0.400000
56.971665 21.570155 0.400000
58.721304 23.126709 0.400000
59.388688 24.558483 0.400000
60.705269 25.452063 0.400000
61.648421 27.586071 0.400000
62.548314 29.366886 0.400000
63.221374 31.139582 0.400000
64.263072 33.214668 0.400000
64.416335 35.079857 0.400000
65.234542 36.900344 0.400000
65.412617 38.633707 0.400000
65.590245 40.801117 0.400000
65.226694 43.154482 0.400000
64.488577 44.606350 0.400000
64.140449 46.803924 0.400000
63.788217 48.765146 0.400000


62.334232 50.195503 0.400000
61.792905 51.915881 0.400000
60.977685 53.922908 0.400000
59.674752 55.748766 0.400000
58.118618 57.411293 0.400000
56.712221 58.141181 0.400000
55.742695 59.933321 0.400000
53.498158 60.893092 0.400000
51.883611 62.014458 0.400000
50.648755 62.405695 0.400000
48.256818 63.759005 0.400000
46.744497 64.113625 0.400000
44.920430 64.331690 0.400000
42.818678 64.901694 0.400000
40.722427 65.098853 0.400000
38.716563 64.808635 0.400000
37.068378 65.297763 0.400000
35.236861 64.865410 0.400000
33.084553 63.962029 0.400000
31.728305 63.471270 0.400000
29.507608 62.805620 0.400000
28.263142 61.621460 0.400000
26.415805 60.860507 0.400000
24.405365 59.505235 0.400000
22.873464 58.503055 0.400000
21.910566 57.099788 0.400000
20.137143 55.187617 0.400000
19.108822 54.084595 0.400000
18.565938 52.387516 0.400000
17.061779 50.463953 0.400000
16.424992 48.633188 0.400000
15.856786 47.251888 0.400000
15.342428 44.598608 0.400000
15.156255 43.203646 0.400000
15.091587 40.978880 0.400000
15.400325 39.145970 0.400000
15.414433 36.935684 0.400000
15.318394 35.381792 0.400000
16.218546 33.044364 0.400000
16.335497 30.760715 0.400000
16.776721 29.454238 0.400000
18.364322 27.924994 0.400000
19.757119 26.087803 0.400000
20.595357 24.423405 0.400000
21.860555 23.032556 0.400000
23.270325 22.287807 0.400000
24.418383 20.385574 0.400000
25.764398 19.197500 0.400000
27.718385 18.098922 0.400000
29.715629 17.654812 0.400000
31.378443 17.108055 0.400000
33.585175 15.988618 0.400000
34.508766 15.575801 0.400000
37.230577 15.353818 0.400000
38.677208 14.964645 0.400000
41.353775 14.984530 0.400000
43.020836 15.242048 0.400000
45.193412 15.580048 0.400000
46.345981 15.296814 0.400000
47.856221 16.142008 0.400000
50.662333 16.655336 0.400000
52.326873 18.548714 0.400000
54.010822 19.064320 0.400000
55.105769 20.750283 0.400000
57.034955 21.644362 0.400000
58.813977 23.236917 0.400000
59.447905 24.626344 0.400000
60.812302 25.524011 0.400000
61.698331 27.706341 0.400000
62.594911 29.449570 0.400000
63.268481 31.197163 0.400000
64.274618 33.335920 0.400000
64.430919 35.155695 0.400000
65.260568 37.030058 0.400000
65.377883 38.700116 0.400000
65.616932 40.906937 0.400000
65.239350 43.221593 0.400000
64.496020 44.748315 0.400000
64.087651 46.880777 0.400000
63.766279 48.836731 0.400000


62.290916 50.277291 0.400000
61.713077 52.021351 0.400000
60.920084 54.045891 0.400000
59.636832 55.800797 0.400000
58.073426 57.507271 0.400000
56.650272 58.258600 0.400000
55.660254 59.995262 0.400000
53.464028 60.975240 0.400000
51.861140 62.126514 0.400000
50.612259 62.463488 0.400000
48.169392 63.802214 0.400000
46.684874 64.087904 0.400000
44.799804 64.355613 0.400000
42.718353 64.911090 0.400000
40.676256 65.076416 0.400000
38.626951 64.790461 0.400000
36.972018 65.308781 0.400000
35.159966 64.825642 0.400000
32.993109 63.933320 0.400000
31.645807 63.448883 0.400000
29.436725 62.735394 0.400000
28.162730 61.590852 0.400000
26.352195 60.768447 0.400000
24.303150 59.435790 0.400000
22.825299 58.415691 0.400000
21.873313 57.056072 0.400000
20.083247 55.105838 0.400000
19.079285 53.983149 0.400000
18.479913 52.242631 0.400000
17.024563 50.394358 0.400000
16.353169 48.550126 0.400000
15.810067 47.156059 0.400000
15.355799 44.523398 0.400000
15.135580 43.139691 0.400000
15.037187 40.904462 0.400000
15.430796 39.038644 0.400000
15.482103 36.859669 0.400000
15.339910 35.268935 0.400000
16.253238 32.957439 0.400000
16.353875 30.657244 0.400000
16.847782 29.365686 0.400000
18.429406 27.841796 0.400000
19.826796 26.012324 0.400000
20.697452 24.401725 0.400000
21.906284 22.958670 0.400000
23.375719 22.196266 0.400000
24.471957 20.292141 0.400000
25.826970 19.133914 0.400000
27.791158 18.056739 0.400000
29.789245 17.640755 0.400000
31.463592 17.062321 0.400000
33.741282 15.938951 0.400000
34.610544 15.495662 0.400000
37.337158 15.347727 0.400000
38.797842 14.978221 0.400000
41.491273 14.986784 0.400000
43.120762 15.247897 0.400000
45.314621 15.647920 0.400000
46.451514 15.347331 0.400000
47.948918 16.216285 0.400000
50.718055 16.674691 0.400000
52.383589 18.582785 0.400000
54.074837 19.130999 0.400000
55.179039 20.812659 0.400000
57.103345 21.735565 0.400000
58.888328 23.319007 0.400000
59.538748 24.754672 0.400000
60.852549 25.591738 0.400000
61.770103 27.805509 0.400000
62.597107 29.530622 0.400000
63.296084 31.319391 0.400000
64.338472 33.481772 0.400000
64.485311 35.235814 0.400000
65.276813 37.080612 0.400000
65.360309 38.764536 0.400000
65.571040 41.013553 0.400000
65.192016 43.300548 0.400000
64.402114 44.859280 0.400000
64.038549 46.977204 0.400000
63.765394 48.909913 0.400000


62.278715 50.436410 0.400000
61.684752 52.161899 0.400000
60.867619 54.133218 0.400000
59.576206 55.841165 0.400000
58.044690 57.554617 0.400000
56.555996 58.319587 0.400000
55.597151 60.104743 0.400000
53.350869 60.974700 0.400000
51.762094 62.196066 0.400000
50.535595 62.544407 0.400000
48.126207 63.861629 0.400000
46.626206 64.086037 0.400000
44.710747 64.389261 0.400000
42.547286 64.937057 0.400000
40.615496 65.146194 0.400000
38.524446 64.791001 0.400000
36.920518 65.303564 0.400000
35.015397 64.837990 0.400000
32.905887 63.900650 0.400000
31.557724 63.443617 0.400000
29.348674 62.668972 0.400000
28.081267 61.466291 0.400000
26.242892 60.696544 0.400000
24.188568 59.339532 0.400000
22.717417 58.295296 0.400000
21.810048 56.997937 0.400000
19.998134 54.999408 0.400000
19.077347 53.900219 0.400000
18.421121 52.129994 0.400000
16.929247 50.346608 0.400000
16.268827 48.489532 0.400000
15.758387 47.042406 0.400000
15.340392 44.420534 0.400000
15.113619 43.073468 0.400000
15.008730 40.841750 0.400000
15.476994 38.937965 0.400000
15.481993 36.766558 0.400000
15.369626 35.184231 0.400000
16.307945 32.919232 0.400000
16.424570 30.579247 0.400000
16.908511 29.243828 0.400000
18.485271 27.770940 0.400000
19.886396 25.890916 0.400000
20.782919 24.319616 0.400000
21.962095 22.921067 0.400000
23.469536 22.103751 0.400000
24.575512 20.183973 0.400000
25.931016 19.126291 0.400000
27.861645 18.028986 0.400000
29.917697 17.587208 0.400000
31.519551 17.034235 0.400000
33.816463 15.924846 0.400000
34.726628 15.484132 0.400000
37.436239 15.341176 0.400000
38.900520 14.988551 0.400000
41.546758 14.984865 0.400000
43.256079 15.273609 0.400000
45.407259 15.706470 0.400000
46.553512 15.338224 0.400000
48.056199 16.273375 0.400000
50.833900 16.741187 0.400000
52.490440 18.635000 0.400000
54.186641 19.133240 0.400000
55.329566 20.858524 0.400000
57.218617 21.832158 0.400000
58.955498 23.386136 0.400000
59.594228 24.815518 0.400000
60.891107 25.708752 0.400000
61.841318 27.898917 0.400000
62.663239 29.625098 0.400000
63.293130 31.372318 0.400000
64.356823 33.557534 0.400000
64.523113 35.308462 0.400000
65.268925 37.146333 0.400000
65.343995 38.885314 0.400000
65.573993 41.108803 0.400000
65.179024 43.405450 0.400000
64.402689 44.963609 0.400000
64.050854 47.106737 0.400000
63.705851 49.010575 0.400000


62.262679 50.500367 0.400000
61.647307 52.189211 0.400000
60.758020 54.235373 0.400000
59.493484 55.911875 0.400000
57.964746 57.626693 0.400000
56.507619 58.376151 0.400000
55.576883 60.160165 0.400000
53.192181 61.071230 0.400000
51.660192 62.236782 0.400000
50.468991 62.619073 0.400000
47.994173 63.919326 0.400000
46.530794 64.111284 0.400000
44.638513 64.398386 0.400000
42.431697 64.908173 0.400000
40.515794 65.154100 0.400000
38.425066 64.833632 0.400000
36.853113 65.341140 0.400000
34.863139 64.795079 0.400000
32.862453 63.855677 0.400000
31.454385 63.400070 0.400000
29.212413 62.645299 0.400000
27.981439 61.479341 0.400000
26.144831 60.627926 0.400000
24.079902 59.309222 0.400000
22.714681 58.213270 0.400000
21.730964 56.871191 0.400000
19.990302 54.896521 0.400000
19.049762 53.790661 0.400000
18.416312 52.030668 0.400000
16.894827 50.262039 0.400000
16.204543 48.417171 0.400000
15.696889 46.949053 0.400000
15.303204 44.311157 0.400000
15.140154 42.996232 0.400000
14.983547 40.767766 0.400000
15.468632 38.816228 0.400000
15.486347 36.715712 0.400000
15.424644 35.080716 0.400000
16.355104 32.823374 0.400000
16.478353 30.505012 0.400000
16.946144 29.140522 0.400000
18.562516 27.705563 0.400000
19.956999 25.873594 0.400000
20.828033 24.265019 0.400000
22.085819 22.839815 0.400000
23.558028 22.042347 0.400000
24.659868 20.140038 0.400000
26.009944 19.080807 0.400000
27.947374 17.970836 0.400000
30.051219 17.535280 0.400000
31.652780 17.020013 0.400000
33.914360 15.834158 0.400000
34.806646 15.466399 0.400000
37.527163 15.334792 0.400000
39.031537 15.028726 0.400000
41.701292 14.974536 0.400000
43.365498 15.296748 0.400000
45.533367 15.706171 0.400000
46.653145 15.369605 0.400000
48.182452 16.290770 0.400000
50.938393 16.766568 0.400000
52.604110 18.694592 0.400000
54.257678 19.191077 0.400000
55.422983 20.892337 0.400000
57.338924 21.887822 0.400000
58.988824 23.490926 0.400000
59.677120 24.900793 0.400000
60.974051 25.785335 0.400000
61.849255 27.993706 0.400000
62.700031 29.696043 0.400000
63.334151 31.512605 0.400000
64.400536 33.681302 0.400000
64.533303 35.426611 0.400000
65.261500 37.281730 0.400000
65.389085 38.951416 0.400000
65.540914 41.185737 0.400000
65.138309 43.510647 0.400000
64.412453 45.073941 0.400000
63.991970 47.232122 0.400000
63.669208 49.140349 0.400000


62.188364 50.604004 0.400000
61.638824 52.297061 0.400000
60.677554 54.318839 0.400000
59.397192 55.954414 0.400000
57.905634 57.713225 0.400000
56.439749 58.445902 0.400000
55.488152 60.270381 0.400000
53.113039 61.157527 0.400000
51.583505 62.281822 0.400000
50.414274 62.683827 0.400000
47.857189 63.955760 0.400000
46.457209 64.123686 0.400000
44.537398 64.436244 0.400000
42.320682 64.882771 0.400000
40.438665 65.146218 0.400000
38.326205 64.814372 0.400000
36.752998 65.342001 0.400000
34.848406 64.787833 0.400000
32.774281 63.843948 0.400000
31.371068 63.368078 0.400000
29.101391 62.606925 0.400000
27.887661 61.423139 0.400000
26.065517 60.615708 0.400000
24.024495 59.231492 0.400000
22.608523 58.138063 0.400000
21.667460 56.829335 0.400000
19.963819 54.848156 0.400000
19.003668 53.695876 0.400000
18.380776 51.918856 0.400000
16.824576 50.207649 0.400000
16.169183 48.323802 0.400000
15.695344 46.821430 0.400000
15.269075 44.217094 0.400000
15.158574 42.953604 0.400000
14.958645 40.654138 0.400000
15.468977 38.665366 0.400000
15.526443 36.594721 0.400000
15.429294 34.968453 0.400000
16.396667 32.734270 0.400000
16.514639 30.411956 0.400000
16.928549 29.031909 0.400000
18.641557 27.628536 0.400000
20.005013 25.804939 0.400000
20.921613 24.188130 0.400000
22.194673 22.790356 0.400000
23.676609 22.015831 0.400000
24.707668 20.073959 0.400000
26.068570 19.016520 0.400000
28.046677 17.922107 0.400000
30.180466 17.544762 0.400000
31.794283 16.990233 0.400000
33.972262 15.776657 0.400000
34.930930 15.423892 0.400000
37.641701 15.307049 0.400000
39.135206 15.032500 0.400000
41.814485 15.014189 0.400000
43.430555 15.297782 0.400000
45.641288 15.735536 0.400000
46.710593 15.386110 0.400000
48.263351 16.362890 0.400000
51.021196 16.777068 0.400000
52.695536 18.752229 0.400000
54.339991 19.238662 0.400000
55.461005 20.992248 0.400000
57.451807 21.925490 0.400000
59.016413 23.579418 0.400000
59.724203 24.982310 0.400000
61.034976 25.890295 0.400000
61.903271 28.078174 0.400000
62.784246 29.782599 0.400000
63.320943 31.663677 0.400000
64.401167 33.793337 0.400000
64.547790 35.499223 0.400000
65.237970 37.412664 0.400000
65.340231 39.031499 0.400000
65.524992 41.263026 0.400000
65.134422 43.596403 0.400000
64.408784 45.170920 0.400000
63.996784 47.362936 0.400000
63.650749 49.236534 0.400000


62.129724 50.700821 0.400000
61.576168 52.367569 0.400000
60.615796 54.415717 0.400000
59.350336 56.047624 0.400000
57.819646 57.788221 0.400000
56.350999 58.571712 0.400000
55.403170 60.321833 0.400000
53.064811 61.200958 0.400000
51.526314 62.341147 0.400000
50.334116 62.729973 0.400000
47.790825 63.963466 0.400000
46.365402 64.121149 0.400000
44.458912 64.435520 0.400000
42.230776 64.876249 0.400000
40.305546 65.164600 0.400000
38.216786 64.852101 0.400000
36.612121 65.314875 0.400000
34.720711 64.802682 0.400000
32.692039 63.827819 0.400000
31.328277 63.371524 0.400000
29.052324 62.561050 0.400000
27.779777 61.402002 0.400000
25.995783 60.541055 0.400000
23.972823 59.165048 0.400000
22.490049 58.081435 0.400000
21.625677 56.806502 0.400000
19.928881 54.814044 0.400000
18.869861 53.604982 0.400000
18.293183 51.826283 0.400000
16.790353 50.140275 0.400000
16.124222 48.185795 0.400000
15.676228 46.715676 0.400000
15.327456 44.075021 0.400000
15.189056 42.798232 0.400000
15.021303 40.555431 0.400000
15.490352 38.602135 0.400000
15.552800 36.458085 0.400000
15.472096 34.879796 0.400000
16.461981 32.636551 0.400000
16.552702 30.311582 0.400000
16.970452 28.930419 0.400000
18.692777 27.530244 0.400000
20.046749 25.710379 0.400000
21.016876 24.123075 0.400000
22.317130 22.701796 0.400000
23.758041 21.958435 0.400000
24.776276 19.993680 0.400000
26.137937 18.991021 0.400000
28.153592 17.911504 0.400000
30.278096 17.465697 0.400000
31.861505 16.976189 0.400000
34.114657 15.770631 0.400000
35.008987 15.442266 0.400000
37.755038 15.331308 0.400000
39.244089 15.020739 0.400000
41.886272 15.039440 0.400000
43.537120 15.293755 0.400000
45.743645 15.728200 0.400000
46.758034 15.443625 0.400000
48.362144 16.394303 0.400000
51.104637 16.814204 0.400000
52.804310 18.816722 0.400000
54.415132 19.305724 0.400000
55.535089 21.050194 0.400000
57.490992 21.998415 0.400000
59.073155 23.622864 0.400000
59.792916 25.070898 0.400000
61.086450 25.973828 0.400000
61.989363 28.136546 0.400000
62.802839 29.923187 0.400000
63.386261 31.759084 0.400000
64.438189 33.933030 0.400000
64.545210 35.604749 0.400000
65.231624 37.487853 0.400000
65.374326 39.110644 0.400000
65.526597 41.353173 0.400000
65.069158 43.709541 0.400000
64.393655 45.221730 0.400000
63.971729 47.483947 0.400000
63.621685 49.307212 0.400000


62.100592 50.767010 0.400000
61.495123 52.396780 0.400000
60.564799 54.475440 0.400000
59.285787 56.140841 0.400000
57.701322 57.902914 0.400000
56.269956 58.663572 0.400000
55.338225 60.417052 0.400000
53.002546 61.313805 0.400000
51.468239 62.380066 0.400000
50.239954 62.768200 0.400000
47.714835 64.005554 0.400000
46.280807 64.191288 0.400000
44.399412 64.487839 0.400000
42.157337 64.906340 0.400000
40.171828 65.186086 0.400000
38.098569 64.883805 0.400000
36.510657 65.272581 0.400000
34.668400 64.836107 0.400000
32.636974 63.832663 0.400000
31.239199 63.276662 0.400000
28.948297 62.538943 0.400000
27.764578 61.346468 0.400000
25.883584 60.433770 0.400000
23.882396 59.096406 0.400000
22.424453 58.061385 0.400000
21.564967 56.717841 0.400000
19.896665 54.752341 0.400000
18.797198 53.563605 0.400000
18.277248 51.705792 0.400000
16.736119 50.044353 0.400000
16.150232 48.055361 0.400000
15.672626 46.631927 0.400000
15.336561 43.981472 0.400000
15.171916 42.699311 0.400000
15.027767 40.408906 0.400000
15.519498 38.526227 0.400000
15.554653 36.394919 0.400000
15.492286 34.716562 0.400000
16.510892 32.480151 0.400000
16.651287 30.232065 0.400000
16.982969 28.852129 0.400000
18.776826 27.440796 0.400000
20.062338 25.644943 0.400000
21.077834 24.027380 0.400000
22.397257 22.664808 0.400000
23.812575 21.952607 0.400000
24.895505 19.932530 0.400000
26.197313 18.961723 0.400000
28.241480 17.853151 0.400000
30.325485 17.417038 0.400000
31.942248 16.945457 0.400000
34.165583 15.738161 0.400000
35.098719 15.403427 0.400000
37.881196 15.317063 0.400000
39.374609 15.027773 0.400000
42.022328 15.080160 0.400000
43.681703 15.287075 0.400000
45.864783 15.765207 0.400000
46.878979 15.443100 0.400000
48.479211 16.475534 0.400000
51.192481 16.858387 0.400000
52.925028 18.833409 0.400000
54.483337 19.369089 0.400000
55.607452 21.111447 0.400000
57.575130 22.053218 0.400000
59.088797 23.757987 0.400000
59.808040 25.144840 0.400000
61.156271 26.017586 0.400000
61.983623 28.207942 0.400000
62.845125 29.955807 0.400000
63.424500 31.826256 0.400000
64.394230 33.985512 0.400000
64.551986 35.652620 0.400000
65.258467 37.597777 0.400000
65.413347 39.202600 0.400000
65.555734 41.463444 0.400000
65.062019 43.762797 0.400000
64.353690 45.329527 0.400000
63.892907 47.566780 0.400000
63.554808 49.386776 0.400000


62.050966 50.843548 0.400000
61.483848 52.473998 0.400000
60.508873 54.586095 0.400000
59.184994 56.192385 0.400000
57.613355 57.977044 0.400000
56.231810 58.672146 0.400000
55.251996 60.439047 0.400000
52.961810 61.382570 0.400000
51.388872 62.399840 0.400000
50.116101 62.803637 0.400000
47.673349 64.041739 0.400000
46.220525 64.216342 0.400000
44.302259 64.514287 0.400000
42.055108 64.871388 0.400000
40.029234 65.184005 0.400000
38.005168 64.881807 0.400000
36.424047 65.255008 0.400000
34.566833 64.821622 0.400000
32.584344 63.788736 0.400000
31.142996 63.234079 0.400000
28.862878 62.493301 0.400000
27.661667 61.313182 0.400000
25.831022 60.362515 0.400000
23.797041 59.040487 0.400000
22.330735 57.969888 0.400000
21.501038 56.638672 0.400000
19.777450 54.649680 0.400000
18.720631 53.464892 0.400000
18.233183 51.654500 0.400000
16.625738 49.974210 0.400000
16.101907 47.942745 0.400000
15.649822 46.489160 0.400000
15.340109 43.909483 0.400000
15.161561 42.593153 0.400000
15.026861 40.387245 0.400000
15.533505 38.487510 0.400000
15.549079 36.266039 0.400000
15.501162 34.649741 0.400000
16.547575 32.325873 0.400000
16.676197 30.165161 0.400000
17.056256 28.756478 0.400000
18.856336 27.361109 0.400000
20.081517 25.538851 0.400000
21.202126 23.959966 0.400000
22.474921 22.556695 0.400000
23.893754 21.903917 0.400000
24.972489 19.805690 0.400000
26.206725 18.903386 0.400000
28.323802 17.841718 0.400000
30.430334 17.393217 0.400000
32.035667 16.920458 0.400000
34.251191 15.689570 0.400000
35.231012 15.425045 0.400000
37.968753 15.333930 0.400000
39.447681 15.024404 0.400000
42.135331 15.092079 0.400000
43.782211 15.253249 0.400000
45.910627 15.787948 0.400000
46.983763 15.444532 0.400000
48.612743 16.507226 0.400000
51.283137 16.933735 0.400000
53.014086 18.898116 0.400000
54.590180 19.383601 0.400000
55.687894 21.179027 0.400000
57.651590 22.093320 0.400000
59.132554 23.804484 0.400000
59.905755 25.238302 0.400000
61.233092 26.080213 0.400000
62.029402 28.269358 0.400000
62.904199 30.127592 0.400000
63.477851 31.936667 0.400000
64.431403 34.129500 0.400000
64.572471 35.741241 0.400000
65.242563 37.707930 0.400000
65.411558 39.347324 0.400000
65.577869 41.517630 0.400000
65.025059 43.834323 0.400000
64.342873 45.418881 0.400000
63.857679 47.697278 0.400000
63.473260 49.505977 0.400000


61.970537 50.916313 0.400000
61.441692 52.568834 0.400000
60.457939 54.662104 0.400000
59.124782 56.248434 0.400000
57.560195 58.074088 0.400000
56.117364 58.699541 0.400000
55.161269 60.516267 0.400000
52.823864 61.424293 0.400000
51.272451 62.413589 0.400000
50.027414 62.856968 0.400000
47.566113 64.014878 0.400000
46.161277 64.258593 0.400000
44.216073 64.540691 0.400000
41.968201 64.925632 0.400000
39.929386 65.174814 0.400000
37.934450 64.845118 0.400000
36.350723 65.202309 0.400000
34.443366 64.798326 0.400000
32.477674 63.789721 0.400000
31.057515 63.168780 0.400000
28.821437 62.478700 0.400000
27.592533 61.307436 0.400000
25.743667 60.301206 0.400000
23.747704 59.013004 0.400000
22.216284 57.945583 0.400000
21.454016 56.567857 0.400000
19.732349 54.573014 0.400000
18.652041 53.377621 0.400000
18.237607 51.528530 0.400000
16.587998 49.867803 0.400000
16.090086 47.861714 0.400000
15.617975 46.421478 0.400000
15.320791 43.825992 0.400000
15.150647 42.511143 0.400000
15.014924 40.324616 0.400000
15.530082 38.400405 0.400000
15.573367 36.161302 0.400000
15.485591 34.565130 0.400000
16.555721 32.233159 0.400000
16.719878 30.073951 0.400000
17.100649 28.657998 0.400000
18.899315 27.254185 0.400000
20.199388 25.429858 0.400000
21.301001 23.907203 0.400000
22.544648 22.457460 0.400000
23.995748 21.785774 0.400000
25.073497 19.773584 0.400000
26.271837 18.857247 0.400000
28.394573 17.792505 0.400000
30.482813 17.291280 0.400000
32.105337 16.885332 0.400000
34.362633 15.666789 0.400000
35.344452 15.444451 0.400000
38.072012 15.359530 0.400000
39.533431 15.015564 0.400000
42.194868 15.119321 0.400000
43.877442 15.232636 0.400000
45.973461 15.828015 0.400000
47.070243 15.505586 0.400000
48.694739 16.498623 0.400000
51.326591 16.990627 0.400000
53.077326 18.976523 0.400000
54.676548 19.475549 0.400000
55.767503 21.268978 0.400000
57.701019 22.210447 0.400000
59.183838 23.880645 0.400000
59.979900 25.297755 0.400000
61.222522 26.118014 0.400000
62.023694 28.350488 0.400000
62.974383 30.166794 0.400000
63.508826 32.027799 0.400000
64.485123 34.226904 0.400000
64.609398 35.832816 0.400000
65.263083 37.809441 0.400000
65.411883 39.443253 0.400000
65.586142 41.562580 0.400000
65.021579 43.917305 0.400000
64.269177 45.514975 0.400000
63.807554 47.829551 0.400000
63.450593 49.560633 0.400000


61.977690 50.956479 0.400000
61.410406 52.650947 0.400000
60.370369 54.765550 0.400000
59.058155 56.294705 0.400000
57.462442 58.176255 0.400000
56.040326 58.775921 0.400000
55.088792 60.577399 0.400000
52.737378 61.483331 0.400000
51.190365 62.499433 0.400000
49.976917 62.886490 0.400000
47.495571 64.056255 0.400000
46.062787 64.290547 0.400000
44.110687 64.527716 0.400000
41.883832 64.922084 0.400000
39.835267 65.152320 0.400000
37.805406 64.857545 0.400000
36.247705 65.216645 0.400000
34.322209 64.772168 0.400000
32.392769 63.745277 0.400000
30.946992 63.192155 0.400000
28.710772 62.456430 0.400000
27.504449 61.269905 0.400000
25.684772 60.275490 0.400000
23.687163 58.898513 0.400000
22.107904 57.911226 0.400000
21.365649 56.511452 0.400000
19.703110 54.533987 0.400000
18.636452 53.292829 0.400000
18.211128 51.430613 0.400000
16.571757 49.766113 0.400000
16.054739 47.763641 0.400000
15.593734 46.280479 0.400000
15.353988 43.722231 0.400000
15.150357 42.424072 0.400000
15.016342 40.235572 0.400000
15.525319 38.319044 0.400000
15.555444 36.053033 0.400000
15.485410 34.509081 0.400000
16.572010 32.147686 0.400000
16.763230 30.023793 0.400000
17.143786 28.625809 0.400000
18.967632 27.178855 0.400000
20.252068 25.374001 0.400000
21.341235 23.805973 0.400000
22.640152 22.433948 0.400000
24.013847 21.747919 0.400000
25.157652 19.722429 0.400000
26.381455 18.794901 0.400000
28.474064 17.786293 0.400000
30.543356 17.263242 0.400000
32.170364 16.857212 0.400000
34.501589 15.656694 0.400000
35.466461 15.450395 0.400000
38.180966 15.375340 0.400000
39.590751 15.014304 0.400000
42.299518 15.125732 0.400000
43.998515 15.252041 0.400000
46.105255 15.859130 0.400000
47.189827 15.571647 0.400000
48.736288 16.511231 0.400000
51.417511 17.086875 0.400000
53.161249 19.042021 0.400000
54.734731 19.551723 0.400000
55.824015 21.372023 0.400000
57.761286 22.294399 0.400000
59.230386 23.956345 0.400000
60.036375 25.352610 0.400000
61.289018 26.156028 0.400000
62.058409 28.404036 0.400000
63.031723 30.259687 0.400000
63.604073 32.132789 0.400000
64.518422 34.346536 0.400000
64.610480 35.953554 0.400000
65.305222 37.861508 0.400000
65.431252 39.530248 0.400000
65.590031 41.701239 0.400000
65.039471 44.038706 0.400000
64.270562 45.608040 0.400000
63.849629 47.954886 0.400000
63.417411 49.668536 0.400000


61.935359 51.061474 0.400000
61.354379 52.681755 0.400000
60.331288 54.844790 0.400000
59.037785 56.345218 0.400000
57.473018 58.237850 0.400000
55.968118 58.830064 0.400000
55.071705 60.615883 0.400000
52.644004 61.477891 0.400000
51.092539 62.539065 0.400000
49.882173 62.946637 0.400000
47.353949 64.079489 0.400000
45.996577 64.297382 0.400000
44.004926 64.552165 0.400000
41.774327 64.951211 0.400000
39.746802 65.112702 0.400000
37.696771 64.849940 0.400000
36.159553 65.227937 0.400000
34.222550 64.759173 0.400000
32.270952 63.746425 0.400000
30.864086 63.186073 0.400000
28.608680 62.433537 0.400000
27.443610 61.161963 0.400000
25.565316 60.239382 0.400000
23.633312 58.825596 0.400000
22.065793 57.821176 0.400000
21.266551 56.438501 0.400000
19.566335 54.436570 0.400000
18.547366 53.189115 0.400000
18.168769 51.346684 0.400000
16.534605 49.687036 0.400000
16.045445 47.647788 0.400000
15.560353 46.234973 0.400000
15.296204 43.595568 0.400000
15.119592 42.356294 0.400000
15.023686 40.178188 0.400000
15.511301 38.217314 0.400000
15.616688 35.940354 0.400000
15.512986 34.356354 0.400000
16.609033 32.048044 0.400000
16.777493 29.944455 0.400000
17.159523 28.531073 0.400000
19.009713 27.122774 0.400000
20.311806 25.276909 0.400000
21.454827 23.708140 0.400000
22.691320 22.348807 0.400000
24.110278 21.690334 0.400000
25.175883 19.660298 0.400000
26.517327 18.726859 0.400000
28.601960 17.754925 0.400000
30.653928 17.207985 0.400000
32.260829 16.812550 0.400000
34.549516 15.650451 0.400000
35.598444 15.459327 0.400000
38.311809 15.429717 0.400000
39.666956 14.987775 0.400000
42.441424 15.130408 0.400000
44.113534 15.306747 0.400000
46.215203 15.897561 0.400000
47.284784 15.593267 0.400000
48.856748 16.552409 0.400000
51.528018 17.150489 0.400000
53.227085 19.125764 0.400000
54.798790 19.598669 0.400000
55.882485 21.430691 0.400000
57.787639 22.329037 0.400000
59.314944 24.015680 0.400000
60.143735 25.445252 0.400000
61.340939 26.212187 0.400000
62.074996 28.445851 0.400000
63.098082 30.357119 0.400000
63.666587 32.176059 0.400000
64.570834 34.414714 0.400000
64.615267 36.021339 0.400000
65.272205 37.974026 0.400000
65.401315 39.680069 0.400000
65.554186 41.789659 0.400000
65.002831 44.164472 0.400000
64.280674 45.720704 0.400000
63.833585 47.976946 0.400000
63.350828 49.708611 0.400000


61.860251 51.125416 0.400000
61.275839 52.749103 0.400000
60.261251 54.927625 0.400000
58.957089 56.448281 0.400000
57.375240 58.302836 0.400000
55.934459 58.896099 0.400000
54.914698 60.696178 0.400000
52.566204 61.473388 0.400000
51.033309 62.611987 0.400000
49.783099 63.018283 0.400000
47.288373 64.125040 0.400000
45.895541 64.327437 0.400000
43.891891 64.509861 0.400000
41.693980 64.968426 0.400000
39.692428 65.105345 0.400000
37.564480 64.900527 0.400000
36.119174 65.242196 0.400000
34.153484 64.748093 0.400000
32.178191 63.747423 0.400000
30.761861 63.162258 0.400000
28.501988 62.355105 0.400000
27.365003 61.147931 0.400000
25.488203 60.143108 0.400000
23.586866 58.746131 0.400000
21.994816 57.754331 0.400000
21.189021 56.379163 0.400000
19.490377 54.342082 0.400000
18.472265 53.062723 0.400000
18.092944 51.272376 0.400000
16.498988 49.555772 0.400000
16.040006 47.535748 0.400000
15.549044 46.120648 0.400000
15.243839 43.501065 0.400000
15.123752 42.220107 0.400000
14.997620 40.101409 0.400000
15.529136 38.103407 0.400000
15.632322 35.823449 0.400000
15.496725 34.255461 0.400000
16.640184 31.956963 0.400000
16.830782 29.878656 0.400000
17.208406 28.430019 0.400000
19.081907 27.020006 0.400000
20.326110 25.239738 0.400000
21.541108 23.632311 0.400000
22.769582 22.289890 0.400000
24.176055 21.579346 0.400000
25.202155 19.593432 0.400000
26.555353 18.695027 0.400000
28.663942 17.670214 0.400000
30.740776 17.173194 0.400000
32.349889 16.840986 0.400000
34.651674 15.723634 0.400000
35.728653 15.467404 0.400000
38.424922 15.409589 0.400000
39.728905 14.992964 0.400000
42.534549 15.143522 0.400000
44.245102 15.353430 0.400000
46.347098 15.916923 0.400000
47.390827 15.610579 0.400000
49.005236 16.548884 0.400000
51.608489 17.186091 0.400000
53.319033 19.169448 0.400000
54.913073 19.666883 0.400000
55.908153 21.497848 0.400000
57.864406 22.395204 0.400000
59.319632 24.103812 0.400000
60.239987 25.516764 0.400000
61.362669 26.296979 0.400000
62.128988 28.531740 0.400000
63.163732 30.511867 0.400000
63.683352 32.280945 0.400000
64.604773 34.525175 0.400000
64.606908 36.114238 0.400000
65.274217 38.066590 0.400000
65.423135 39.797077 0.400000
65.543695 41.908064 0.400000
64.981619 44.217596 0.400000
64.240724 45.827474 0.400000
63.861579 48.097644 0.400000
63.338526 49.732335 0.400000


61.791040 51.211158 0.400000
61.197931 52.795495 0.400000
60.155828 54.994066 0.400000
58.901974 56.572868 0.400000
57.296298 58.357824 0.400000
55.837118 58.998763 0.400000
54.808261 60.680983 0.400000
52.495069 61.513333 0.400000
50.902725 62.624556 0.400000
49.678815 63.070238 0.400000
47.235607 64.141436 0.400000
45.787878 64.366429 0.400000
43.805763 64.583096 0.400000
41.569986 64.943044 0.400000
39.589011 65.123774 0.400000
37.439950 64.808423 0.400000
36.004528 65.248045 0.400000
34.020993 64.717656 0.400000
32.061530 63.724152 0.400000
30.646582 63.121307 0.400000
28.436238 62.356782 0.400000
27.306057 61.089126 0.400000
25.435765 60.077314 0.400000
23.561180 58.668875 0.400000
21.928448 57.668435 0.400000
21.137269 56.315054 0.400000
19.399718 54.303193 0.400000
18.417540 52.946083 0.400000
18.072507 51.170609 0.400000
16.500283 49.435221 0.400000
15.989373 47.450580 0.400000
15.564472 46.067694 0.400000
15.225778 43.401659 0.400000
15.135167 42.081539 0.400000
14.943526 39.970380 0.400000
15.519419 38.004951 0.400000
15.671295 35.772085 0.400000
15.564602 34.135237 0.400000
16.716960 31.872666 0.400000
16.838747 29.832949 0.400000
17.245807 28.322834 0.400000
19.147062 26.924336 0.400000
20.374601 25.199883 0.400000
21.546041 23.573283 0.400000
22.845788 22.229238 0.400000
24.269963 21.513507 0.400000
25.278182 19.462167 0.400000
26.642746 18.625927 0.400000
28.802559 17.593427 0.400000
30.842362 17.075591 0.400000
32.435056 16.820049 0.400000
34.704990 15.743477 0.400000
35.807096 15.457790 0.400000
38.534780 15.403623 0.400000
39.846076 15.002859 0.400000
42.589066 15.180930 0.400000
44.313026 15.411238 0.400000
46.438864 15.910154 0.400000
47.461278 15.652415 0.400000
49.107034 16.615968 0.400000
51.707940 17.208789 0.400000
53.406603 19.210152 0.400000
55.060955 19.710474 0.400000
55.979647 21.527972 0.400000
57.938467 22.522378 0.400000
59.366078 24.175499 0.400000
60.295702 25.580280 0.400000
61.449287 26.386530 0.400000
62.190169 28.572469 0.400000
63.192767 30.656900 0.400000
63.663411 32.382321 0.400000
64.603245 34.633311 0.400000
64.610774 36.205816 0.400000
65.267745 38.193700 0.400000
65.442802 39.913166 0.400000
65.526480 42.039528 0.400000
65.000723 44.349052 0.400000
64.232901 45.983808 0.400000
63.862325 48.170441 0.400000
63.344985 49.830958 0.400000


