6.763738 30.925950 0.400000
29.172383 31.555205 0.400000
15.912679 31.650421 0.400000
16.043671 32.555388 0.400000
18.026232 32.502616 0.400000
13.223339 32.505527 0.400000
8.282371 30.827540 0.400000
28.295038 30.462361 0.400000
9.997041 32.534871 0.400000
28.579758 32.264816 0.400000


14.025284 30.440399 0.400000
36.271074 32.035333 0.400000
22.881880 30.948751 0.400000
23.219933 32.539506 0.400000
24.921768 32.536404 0.400000
20.165235 31.488904 0.400000
15.028024 31.282519 0.400000
34.933023 30.420156 0.400000
16.812089 32.546608 0.400000
35.302318 32.375890 0.400000


20.560129 30.462212 0.400000
41.265292 27.222259 0.400000
29.549691 30.472402 0.400000
29.409502 32.556896 0.400000
31.889404 32.545797 0.400000
26.304886 30.455292 0.400000
21.984886 30.470897 0.400000
40.290250 25.924802 0.400000
23.595955 32.548412 0.400000
41.077452 28.794015 0.400000


27.338649 30.586718 0.400000
41.425047 20.779213 0.400000
36.485503 29.955616 0.400000
36.053022 32.064651 0.400000
38.730193 31.095001 0.400000
32.115344 30.450771 0.400000
28.930732 31.385370 0.400000
38.762552 19.336177 0.400000
30.766688 32.527985 0.400000
42.213087 21.749814 0.400000


34.380379 30.469621 0.400000
36.109281 16.104551 0.400000
40.424549 24.602342 0.400000
41.541499 27.103759 0.400000
42.236289 25.421826 0.400000
38.274644 29.218101 0.400000
35.558457 31.467776 0.400000
32.526047 17.268734 0.400000
37.417465 31.773942 0.400000
37.859263 16.443402 0.400000


40.040787 26.915213 0.400000
29.397395 14.104362 0.400000
37.657026 18.285463 0.400000
41.304251 20.563286 0.400000
40.872860 19.090619 0.400000
40.759346 22.931158 0.400000
40.951228 27.658827 0.400000
26.937046 13.558057 0.400000
42.071408 26.756158 0.400000
31.382340 14.911985 0.400000


39.526745 20.322277 0.400000
27.293453 8.010133 0.400000
31.018174 16.389731 0.400000
36.194575 15.931089 0.400000
34.966736 15.604893 0.400000
36.342384 17.764316 0.400000
41.072895 20.908873 0.400000
25.895965 6.657057 0.400000
41.475340 20.030193 0.400000
27.381127 9.607622 0.400000


33.746619 17.091983 0.400000
31.243174 2.942886 0.400000
26.475654 10.958125 0.400000
29.542890 13.894032 0.400000
28.920250 13.030196 0.400000
29.770054 15.898879 0.400000
35.935924 16.772797 0.400000
30.617173 1.239814 0.400000
36.387874 15.836574 0.400000
29.653754 3.528499 0.400000


27.686546 13.863839 0.400000
38.172664 2.531614 0.400000
28.058008 4.133199 0.400000
27.504586 7.158839 0.400000
27.835286 6.075453 0.400000
26.186466 9.859741 0.400000
29.145197 14.759875 0.400000
37.623977 1.231836 0.400000
29.744688 13.850382 0.400000
36.258552 2.039500 0.400000


26.091045 7.497612 0.400000
45.102670 2.553331 0.400000
33.881881 1.200360 0.400000
32.041696 2.488060 0.400000
33.277936 1.961144 0.400000
28.205842 3.419873 0.400000
26.440702 9.091265 0.400000
44.246109 2.234813 0.400000
27.565373 7.609046 0.400000
43.334150 2.283025 0.400000


29.871707 2.043911 0.400000
51.443961 2.545108 0.400000
40.719258 0.486763 0.400000
38.720906 2.109004 0.400000
39.859186 1.637330 0.400000
34.646146 0.903685 0.400000
29.131330 2.649572 0.400000
50.552468 2.529878 0.400000
32.148467 2.513070 0.400000
49.653551 2.091655 0.400000


36.916748 1.092300 0.400000
57.648302 2.554166 0.400000
47.702484 1.562536 0.400000
45.663789 2.440978 0.400000
46.786502 1.230769 0.400000
41.385449 0.452201 0.400000
35.803995 1.288332 0.400000
56.732001 2.555502 0.400000
39.087063 1.307636 0.400000
56.230203 1.773371 0.400000


44.005691 1.588899 0.400000
63.140389 2.550778 0.400000
53.775613 2.549562 0.400000
52.215719 2.534732 0.400000
53.389546 1.388723 0.400000
48.148247 1.143614 0.400000
42.522336 0.983786 0.400000
62.005378 2.549830 0.400000
46.258451 0.468111 0.400000
62.652500 0.765058 0.400000


51.125119 2.216904 0.400000
0.338718 32.558910 0.400000
59.338378 2.549628 0.400000
58.435446 2.543167 0.400000
59.827814 1.798601 0.400000
54.973670 2.551366 0.400000
49.462589 0.457292 0.400000
66.109702 2.555692 0.400000
53.625629 0.657210 0.400000
1.689775 30.753062 0.400000


57.470010 0.453704 0.400000
4.552464 32.548799 0.400000
64.157317 2.546492 0.400000
63.258511 2.553865 0.400000
65.985903 2.549959 0.400000
61.786058 2.527181 0.400000
54.563477 0.451267 0.400000
2.360948 32.555693 0.400000
60.642996 1.197034 0.400000
9.008079 30.470736 0.400000


62.873647 0.454619 0.400000
9.990435 32.552225 0.400000
1.235851 32.547181 0.400000
0.345599 32.546008 0.400000
3.803910 32.551264 0.400000
67.429362 2.532942 0.400000
59.408347 0.454374 0.400000
5.928236 32.558270 0.400000
67.285477 1.640187 0.400000
15.781257 30.857964 0.400000


67.732242 0.447353 0.400000
15.429822 32.555665 0.400000
4.767910 32.555438 0.400000
2.748018 32.559377 0.400000
8.120384 32.544804 0.400000
4.659230 31.458086 0.400000
64.874730 0.452089 0.400000
9.008686 32.554082 0.400000
6.099153 32.411461 0.400000
22.639057 32.301260 0.400000


4.326544 30.451236 0.400000
21.497201 32.550492 0.400000
8.693397 32.552692 0.400000
3.234612 32.546812 0.400000
12.574226 32.547485 0.400000
11.414668 30.929470 0.400000
2.173506 30.442093 0.400000
13.470030 32.558238 0.400000
11.679826 32.551941 0.400000
29.743048 31.931315 0.400000


9.552485 30.447525 0.400000
27.575785 32.557723 0.400000
13.718084 32.552840 0.400000
3.059899 32.547261 0.400000
17.071369 32.550412 0.400000
17.804339 31.673950 0.400000
6.308742 30.446618 0.400000
17.966871 32.552590 0.400000
16.177198 32.533727 0.400000
36.411286 30.496629 0.400000


15.551521 30.445786 0.400000
34.227410 32.446434 0.400000
18.691899 32.553364 0.400000
4.137933 32.551521 0.400000
21.680165 32.552909 0.400000
24.111595 32.551282 0.400000
11.726195 30.453000 0.400000
22.562976 32.540700 0.400000
21.163234 31.772029 0.400000
40.794433 25.211503 0.400000


21.985378 30.455471 0.400000
40.238702 29.619929 0.400000
22.236410 32.551866 0.400000
7.288828 32.535135 0.400000
26.155741 32.552695 0.400000
30.592861 32.542019 0.400000
18.354596 30.452904 0.400000
27.057406 32.554315 0.400000
27.867216 30.848152 0.400000
38.671702 19.109441 0.400000


28.535333 30.447134 0.400000
42.214785 23.263208 0.400000
25.351122 32.545957 0.400000
11.271777 32.554925 0.400000
30.908908 32.547075 0.400000
37.454874 31.720513 0.400000
24.857780 30.460731 0.400000
31.797341 32.544672 0.400000
34.913612 30.406539 0.400000
31.874244 16.917136 0.400000


35.059003 30.363602 0.400000
38.981306 17.495582 0.400000
30.094886 32.548853 0.400000
13.884983 32.547309 0.400000
36.391012 32.050037 0.400000
42.166771 26.402235 0.400000
31.670042 30.462035 0.400000
37.370163 31.817086 0.400000
40.053246 26.336463 0.400000
26.420722 12.809326 0.400000


40.260702 25.934897 0.400000
32.031225 15.576014 0.400000
35.777552 32.257086 0.400000
18.723839 32.551821 0.400000
41.480823 27.809765 0.400000
41.237938 19.462455 0.400000
38.326872 28.885500 0.400000
41.795724 26.701480 0.400000
38.927520 19.759839 0.400000
26.389472 6.147919 0.400000


39.835018 19.929715 0.400000
27.475790 10.400530 0.400000
41.085965 28.522661 0.400000
23.599519 32.551720 0.400000
41.494724 20.979801 0.400000
35.845938 15.771864 0.400000
40.263587 22.349904 0.400000
41.593479 20.074527 0.400000
32.590335 17.411575 0.400000
30.732445 1.607985 0.400000


33.692311 17.090374 0.400000
29.434476 3.932836 0.400000
42.227893 22.479708 0.400000
27.266972 32.546515 0.400000
36.396340 16.554231 0.400000
29.409273 14.315175 0.400000
35.440710 17.676440 0.400000
35.936509 15.710980 0.400000
27.111829 12.725709 0.400000
37.735618 0.938632 0.400000


27.631073 14.342040 0.400000
35.859109 2.049241 0.400000
38.268650 16.735866 0.400000
30.800224 32.548351 0.400000
29.841062 15.081571 0.400000
26.814595 8.048383 0.400000
28.741170 15.538578 0.400000
29.188939 13.416036 0.400000
27.084906 5.631836 0.400000
44.725330 0.447433 0.400000


25.717872 7.506996 0.400000
43.264065 2.517303 0.400000
31.408027 15.226628 0.400000
37.001713 31.935488 0.400000
26.820092 8.832822 0.400000
31.289939 2.626005 0.400000
25.482106 9.373922 0.400000
27.864354 6.856509 0.400000
32.565551 1.464018 0.400000
51.562486 0.480710 0.400000


29.657724 2.147086 0.400000
50.060173 2.555482 0.400000
27.623099 9.937412 0.400000
41.861227 27.301788 0.400000
29.719478 3.046820 0.400000
37.883785 1.967960 0.400000
27.930675 3.131953 0.400000
32.952082 2.356326 0.400000
39.753605 1.750496 0.400000
57.735102 0.440923 0.400000


36.544807 0.976872 0.400000
56.819318 2.503676 0.400000
30.151324 3.803108 0.400000
41.685431 20.365201 0.400000
36.527785 1.863911 0.400000
44.278186 1.035107 0.400000
34.029281 0.670568 0.400000
40.097292 2.509954 0.400000
46.650648 2.543588 0.400000
62.742880 0.448787 0.400000


43.658685 1.912760 0.400000
63.911539 2.543847 0.400000
36.935361 2.533101 0.400000
36.714183 15.991117 0.400000
42.815633 0.588445 0.400000
51.387859 2.153188 0.400000
40.691475 1.600647 0.400000
46.427030 2.548651 0.400000
53.591190 2.518246 0.400000
0.399976 30.445363 0.400000


49.762435 2.542915 0.400000
2.394824 32.548054 0.400000
43.922586 2.550713 0.400000
29.741886 14.024309 0.400000
49.973716 0.484429 0.400000
58.755121 2.472104 0.400000
47.330297 1.771417 0.400000
52.915019 2.560657 0.400000
60.023722 2.546128 0.400000
6.368734 30.450903 0.400000


55.990323 2.551896 0.400000
8.419307 32.553709 0.400000
50.667058 2.550396 0.400000
27.566770 7.237617 0.400000
56.820798 0.618210 0.400000
65.423375 2.548116 0.400000
54.262159 2.365376 0.400000
59.192524 2.552387 0.400000
66.359880 2.557879 0.400000
13.216236 30.454542 0.400000


61.626833 2.531601 0.400000
15.021952 32.551573 0.400000
57.248976 2.509060 0.400000
32.297422 2.665397 0.400000
63.409883 2.164090 0.400000
3.295521 32.528500 0.400000
60.732897 2.468766 0.400000
64.590210 2.555974 0.400000
4.246853 32.551732 0.400000
19.229030 30.446509 0.400000


67.565957 2.530681 0.400000
21.738863 32.489224 0.400000
63.510579 2.543651 0.400000
38.933517 2.553313 0.400000
0.451093 32.550318 0.400000
9.147254 32.513683 0.400000
67.007085 1.709130 0.400000
1.343262 32.546374 0.400000
10.040875 32.551659 0.400000
23.041361 30.455212 0.400000


3.774916 32.536466 0.400000
28.700738 32.500657 0.400000
2.402176 32.543439 0.400000
45.669789 2.300257 0.400000
4.670788 32.558597 0.400000
15.111644 32.498543 0.400000
5.840737 30.462005 0.400000
5.559185 32.535884 0.400000
16.029034 32.553549 0.400000
26.414885 30.449762 0.400000


9.419611 31.554642 0.400000
35.641036 32.135111 0.400000
8.323345 31.596058 0.400000
52.213308 2.551342 0.400000
8.527405 32.550641 0.400000
21.658271 32.542157 0.400000
12.343702 30.443347 0.400000
9.419097 32.552875 0.400000
22.600841 32.552880 0.400000
30.631549 30.445236 0.400000


16.126290 32.104294 0.400000
41.279279 27.943388 0.400000
14.944694 30.446776 0.400000
59.017167 2.539541 0.400000
10.746315 32.541612 0.400000
27.972976 32.533748 0.400000
18.928159 30.457550 0.400000
11.660071 32.549995 0.400000
28.922255 32.553748 0.400000
35.726375 30.454422 0.400000


22.947149 32.498883 0.400000
41.631879 20.892877 0.400000
20.896394 30.448402 0.400000
65.976770 1.719806 0.400000
13.376497 32.549971 0.400000
33.802145 32.549255 0.400000
25.925479 30.455591 0.400000
14.254670 32.551105 0.400000
35.287847 32.285076 0.400000
40.644691 25.962518 0.400000


29.998512 32.024057 0.400000
36.703944 16.087802 0.400000
26.860813 30.452001 0.400000
4.903171 30.787308 0.400000
14.632730 32.552243 0.400000
40.243192 29.409922 0.400000
32.005857 30.471937 0.400000
15.526916 32.551982 0.400000
41.130930 28.613685 0.400000
39.664982 19.318151 0.400000


36.572105 30.567772 0.400000
30.450106 14.573505 0.400000
33.104555 30.447382 0.400000
12.098433 30.565306 0.400000
15.981027 32.546635 0.400000
42.015870 22.686810 0.400000
38.129343 29.042433 0.400000
16.868344 32.547196 0.400000
42.262198 21.790739 0.400000
33.100047 17.082194 0.400000


40.880310 25.800471 0.400000
27.038291 8.678100 0.400000
39.331561 27.872605 0.400000
18.932671 30.916902 0.400000
17.532404 32.532276 0.400000
37.956408 17.227144 0.400000
40.389573 22.843822 0.400000
18.426237 32.558808 0.400000
37.616234 16.385487 0.400000
27.277917 13.546771 0.400000


39.464224 19.306021 0.400000
30.878013 2.965750 0.400000
40.214326 21.692063 0.400000
25.578675 32.552691 0.400000
19.880803 32.551699 0.400000
31.077477 15.876542 0.400000
35.925261 17.727493 0.400000
20.784665 32.555640 0.400000
30.900661 14.693628 0.400000
26.311796 6.489929 0.400000


32.811680 16.996943 0.400000
37.776188 1.862144 0.400000
34.998476 17.548744 0.400000
31.855893 32.544836 0.400000
23.330928 32.549496 0.400000
26.373427 10.546964 0.400000
29.224100 15.883578 0.400000
24.240539 32.550769 0.400000
27.442199 8.817463 0.400000
30.771012 1.574443 0.400000


27.037877 13.130143 0.400000
44.414168 0.850214 0.400000
28.290072 15.354019 0.400000
38.616634 31.100619 0.400000
27.445205 32.554686 0.400000
28.595094 4.155456 0.400000
25.599390 9.927477 0.400000
28.340890 32.526269 0.400000
30.816212 3.135741 0.400000
37.479410 1.213457 0.400000


26.768464 6.228832 0.400000
50.920528 0.450052 0.400000
25.546992 8.807305 0.400000
42.091068 25.560123 0.400000
30.615960 32.561599 0.400000
34.592041 1.519069 0.400000
27.616790 3.383967 0.400000
31.513430 32.551122 0.400000
37.598834 2.548664 0.400000
43.613647 0.458537 0.400000


31.644590 1.695030 0.400000
58.379237 0.473930 0.400000
28.305793 2.801008 0.400000
40.202703 19.202384 0.400000
33.109280 32.553295 0.400000
41.793463 2.431038 0.400000
34.048940 0.912906 0.400000
34.038623 32.546758 0.400000
44.404953 2.545185 0.400000
49.715664 0.445316 0.400000


38.743457 1.302578 0.400000
65.673245 0.597707 0.400000
34.634396 0.547096 0.400000
34.741825 16.122064 0.400000
39.661587 30.395754 0.400000
48.763343 2.524064 0.400000
40.709271 1.514777 0.400000
40.227537 29.075592 0.400000
50.338658 2.553092 0.400000
56.578483 0.458543 0.400000


45.422278 1.934169 0.400000
4.447164 30.529016 0.400000
41.382442 0.555133 0.400000
28.435514 14.037525 0.400000
42.273339 24.163294 0.400000
55.649961 1.349673 0.400000
47.149059 2.552827 0.400000
41.761276 22.213596 0.400000
56.358659 2.549143 0.400000
62.279228 0.457997 0.400000


52.146139 1.495798 0.400000
11.559439 30.450509 0.400000
48.288866 0.476221 0.400000
26.751174 7.272888 0.400000
39.606386 17.614459 0.400000
62.766556 0.483483 0.400000
51.662311 2.557466 0.400000
37.315351 16.749200 0.400000
63.218180 2.551237 0.400000
0.454632 30.464891 0.400000


58.879690 2.542300 0.400000
18.499577 30.447208 0.400000
54.940527 0.452267 0.400000
31.030472 2.033764 0.400000
32.968235 15.432230 0.400000
1.684025 31.679110 0.400000
54.034257 2.550759 0.400000
30.298090 15.282664 0.400000
1.812197 32.552824 0.400000
6.687501 30.446792 0.400000


65.939673 2.539963 0.400000
24.975477 30.448083 0.400000
61.503494 0.448702 0.400000
37.997218 1.242516 0.400000
27.767529 11.237541 0.400000
7.286168 32.541063 0.400000
55.248975 2.550707 0.400000
26.675213 9.929376 0.400000
9.180513 32.436259 0.400000
12.675965 30.446784 0.400000


4.009388 32.548457 0.400000
32.135578 30.476771 0.400000
66.492203 0.443600 0.400000
44.333466 0.469066 0.400000
29.070688 4.632401 0.400000
13.382139 32.549446 0.400000
56.879022 2.549612 0.400000
29.285949 3.461077 0.400000
15.799492 31.337996 0.400000
18.204356 30.451083 0.400000


9.225207 32.550977 0.400000
38.535582 28.676736 0.400000
2.683493 30.456386 0.400000
50.114907 0.446637 0.400000
35.263949 2.381291 0.400000
20.088930 32.544343 0.400000
57.677534 2.549375 0.400000
36.362542 2.177175 0.400000
22.927318 31.200477 0.400000
23.445397 30.451942 0.400000


14.662557 32.534796 0.400000
40.236112 22.014909 0.400000
7.751932 30.460359 0.400000
55.597633 0.443995 0.400000
42.194628 1.639945 0.400000
26.458348 32.546555 0.400000
59.182692 2.556662 0.400000
42.790203 2.550465 0.400000
28.882458 30.448139 0.400000
29.875414 30.456957 0.400000


20.584547 32.550298 0.400000
35.216866 17.631005 0.400000
12.086935 30.449257 0.400000
62.464120 0.446544 0.400000
49.437221 1.460646 0.400000
32.287237 32.550075 0.400000
59.014219 2.551695 0.400000
49.280397 2.550771 0.400000
34.630007 30.427235 0.400000
35.801601 30.245992 0.400000


25.620521 32.557050 0.400000
28.678004 15.632106 0.400000
14.921676 30.453949 0.400000
0.443811 30.446848 0.400000
56.566658 1.756381 0.400000
38.794641 31.001056 0.400000
59.710266 2.550177 0.400000
55.837084 2.467151 0.400000
40.044717 26.439123 0.400000
40.384732 25.445320 0.400000


29.376049 32.555185 0.400000
25.475656 9.545473 0.400000
17.753539 30.444142 0.400000
5.761248 30.452805 0.400000
63.053366 0.458261 0.400000
42.383077 25.003913 0.400000
63.395982 2.528105 0.400000
62.463920 2.461031 0.400000
39.095307 19.554900 0.400000
38.196041 19.024800 0.400000


33.081153 32.559140 0.400000
27.854284 3.126034 0.400000
22.329850 30.448004 0.400000
12.182641 30.455702 0.400000
1.866808 31.241380 0.400000
40.594149 18.564846 0.400000
66.701372 2.550153 0.400000
66.988246 1.652808 0.400000
33.039108 17.012656 0.400000
31.879747 17.186347 0.400000


38.916680 30.761310 0.400000
34.354681 0.489276 0.400000
26.920603 30.447182 0.400000
18.601573 30.460036 0.400000
8.861145 32.050668 0.400000
34.514999 15.566473 0.400000
66.512183 2.549022 0.400000
6.269736 31.469066 0.400000
27.257002 13.713228 0.400000
26.591624 12.988582 0.400000


42.285012 24.619273 0.400000
41.473396 0.455847 0.400000
33.295049 30.451719 0.400000
25.471672 30.566645 0.400000
15.618796 31.724561 0.400000
28.549051 12.836041 0.400000
65.591567 2.555097 0.400000
13.167020 31.593826 0.400000
26.242798 7.099689 0.400000
26.097419 6.068759 0.400000


39.275162 17.868588 0.400000
48.749722 0.485661 0.400000
39.095777 28.033849 0.400000
32.393145 31.327067 0.400000
22.732492 31.835768 0.400000
28.239086 6.062937 0.400000
64.917180 2.555205 0.400000
19.250930 30.451412 0.400000
30.344609 2.030354 0.400000
30.691254 1.153552 0.400000


32.649714 15.818357 0.400000
55.918590 0.563990 0.400000
39.876923 20.984028 0.400000
39.020156 29.557619 0.400000
29.601266 32.548894 0.400000
34.022436 2.437391 0.400000
63.975387 2.556038 0.400000
26.010514 30.443365 0.400000
37.032959 1.255560 0.400000
37.867807 0.582870 0.400000


27.423736 11.468916 0.400000
62.851788 0.466965 0.400000
34.340851 17.527928 0.400000
41.666275 23.607832 0.400000
36.087876 32.277420 0.400000
40.923586 2.476340 0.400000
61.824807 2.551270 0.400000
31.718361 30.449427 0.400000
43.743443 2.535017 0.400000
44.468422 0.620822 0.400000


28.259599 4.553966 0.400000
1.355985 30.450761 0.400000
28.428148 15.242530 0.400000
38.253950 17.518259 0.400000
41.594073 27.850544 0.400000
47.232562 0.456760 0.400000
61.999029 2.552812 0.400000
37.718100 29.495245 0.400000
50.463457 2.533498 0.400000
51.014914 0.600436 0.400000


34.625803 1.584001 0.400000
8.090053 30.465471 0.400000
25.854896 9.241993 0.400000
31.699837 15.600393 0.400000
41.810211 20.885097 0.400000
53.012920 0.453231 0.400000
61.501200 2.559465 0.400000
40.468100 23.471832 0.400000
57.485581 2.511328 0.400000
58.274019 0.870989 0.400000


41.102672 2.325718 0.400000
15.325906 30.706816 0.400000
28.343443 3.357486 0.400000
27.228293 10.161257 0.400000
37.089787 16.092747 0.400000
58.324875 0.453440 0.400000
62.769082 2.550008 0.400000
36.574448 18.032407 0.400000
62.064897 1.995750 0.400000
65.208442 0.544755 0.400000


47.629879 2.549144 0.400000
22.130098 31.594752 0.400000
34.738343 1.062456 0.400000
29.470375 4.180084 0.400000
30.332198 14.441606 0.400000
60.208241 0.450834 0.400000
62.072868 2.549666 0.400000
29.653864 16.168576 0.400000
1.000686 30.615980 0.400000
4.168907 32.300995 0.400000


54.500792 2.546850 0.400000
29.085078 32.543817 0.400000
41.226492 1.583153 0.400000
36.240547 2.235417 0.400000
27.523229 8.259255 0.400000
60.257591 0.452899 0.400000
61.831752 2.555114 0.400000
26.176569 10.226776 0.400000
7.943573 30.455808 0.400000
11.230465 32.539841 0.400000


60.764960 2.557863 0.400000
36.014848 32.132052 0.400000
47.950787 0.945960 0.400000
43.437819 0.976650 0.400000
31.345622 2.980053 0.400000
59.176150 0.449447 0.400000
63.521687 2.550881 0.400000
27.925507 3.816399 0.400000
14.697268 30.451966 0.400000
17.557594 32.552409 0.400000


66.079676 2.556911 0.400000
41.237666 27.661374 0.400000
54.502560 0.450673 0.400000
50.422846 0.849164 0.400000
38.874201 1.959971 0.400000
57.610480 0.446599 0.400000
67.023948 2.544978 0.400000
33.957594 0.697755 0.400000
20.842570 30.463084 0.400000
24.358044 32.471482 0.400000


3.167405 32.487133 0.400000
41.794192 21.216329 0.400000
57.860943 0.451304 0.400000
56.969426 0.450966 0.400000
46.168516 1.516516 0.400000
58.752612 0.456508 0.400000
4.064686 32.552317 0.400000
40.922271 0.468399 0.400000
28.011529 30.517974 0.400000
31.250293 32.542918 0.400000


9.203607 30.742491 0.400000
37.236644 16.103801 0.400000
61.528713 0.441870 0.400000
60.891848 1.063707 0.400000
52.832577 0.443926 0.400000
62.417363 0.442915 0.400000
8.513176 32.552289 0.400000
47.596105 0.538945 0.400000
34.968388 31.155077 0.400000
37.873865 31.491256 0.400000


15.580799 30.459285 0.400000
30.307037 14.622104 0.400000
63.404398 0.473026 0.400000
67.520285 2.556358 0.400000
59.539384 0.913742 0.400000
64.289895 0.443663 0.400000
13.280579 32.554618 0.400000
54.364983 0.797355 0.400000
40.655259 27.370707 0.400000
42.240486 25.925471 0.400000


22.118950 30.450482 0.400000
27.467878 8.077115 0.400000
66.228767 0.447108 0.400000
6.631467 31.916728 0.400000
65.336850 0.448381 0.400000
67.116043 0.444685 0.400000
18.813960 32.554075 0.400000
61.526681 0.599431 0.400000
40.798163 20.972479 0.400000
40.887146 19.037350 0.400000


29.134905 30.575498 0.400000
31.488265 2.719605 0.400000
2.201783 30.446419 0.400000
13.698240 31.603794 0.400000
1.479390 30.988714 0.400000
3.098864 30.443862 0.400000
21.439285 32.554413 0.400000
0.194468 30.482620 0.400000
35.771234 16.713530 0.400000
34.894248 15.665943 0.400000


36.220356 30.535872 0.400000
38.584927 2.529214 0.400000
6.231404 30.447879 0.400000
20.785201 31.749601 0.400000
8.273262 31.420412 0.400000
7.129090 30.442979 0.400000
24.565231 32.554077 0.400000
5.380625 30.719934 0.400000
29.274955 14.878408 0.400000
28.855288 13.074948 0.400000


40.600746 25.533959 0.400000
45.505727 0.843514 0.400000
10.191703 30.457952 0.400000
26.857185 32.537485 0.400000
15.381042 30.508947 0.400000
11.076763 30.447892 0.400000
27.752190 32.558906 0.400000
9.294055 30.508463 0.400000
26.094496 9.007471 0.400000
27.678574 6.366984 0.400000


38.818182 19.330434 0.400000
51.569554 0.456471 0.400000
12.651054 30.451085 0.400000
31.445965 32.543138 0.400000
22.173658 30.448471 0.400000
13.544850 30.449397 0.400000
32.355648 32.540010 0.400000
15.130380 32.539001 0.400000
28.429737 2.841217 0.400000
33.187659 2.572127 0.400000


32.589330 17.124218 0.400000
58.415830 0.623995 0.400000
14.559663 30.449112 0.400000
37.492384 31.552658 0.400000
28.954213 30.460685 0.400000
15.460375 30.442148 0.400000
38.523442 31.092424 0.400000
21.527919 32.551843 0.400000
34.438218 0.474597 0.400000
40.000646 2.444048 0.400000


27.051557 13.315050 0.400000
64.358104 0.447892 0.400000
15.397929 30.456228 0.400000
42.146973 26.500268 0.400000
35.450947 30.319064 0.400000
16.280319 30.448784 0.400000
42.154982 25.541345 0.400000
27.460279 32.540334 0.400000
41.290122 0.522846 0.400000
47.353981 2.085653 0.400000


26.180813 6.055294 0.400000
1.418000 30.445395 0.400000
15.045034 30.446462 0.400000
41.075214 19.820320 0.400000
40.177583 26.091982 0.400000
15.959379 30.438692 0.400000
40.813650 18.967858 0.400000
33.497706 32.552586 0.400000
48.293459 1.488174 0.400000
54.681423 2.517849 0.400000


30.453530 1.237062 0.400000
4.601426 30.451588 0.400000
14.320669 30.453894 0.400000
35.569305 16.260474 0.400000
38.854176 19.580208 0.400000
15.241514 30.450913 0.400000
34.807359 15.482762 0.400000
39.791063 30.131581 0.400000
55.456165 1.922838 0.400000
61.784592 2.064790 0.400000


37.377599 1.193070 0.400000
7.875001 30.451334 0.400000
14.185148 30.446183 0.400000
29.170708 14.517322 0.400000
32.245038 16.996769 0.400000
15.085769 30.454028 0.400000
28.491914 12.380031 0.400000
42.515447 24.108319 0.400000
62.449141 2.170746 0.400000
0.734203 30.543615 0.400000


44.015141 1.798949 0.400000
11.993381 30.447628 0.400000
13.857681 30.444132 0.400000
26.572646 8.368219 0.400000
26.873927 12.896343 0.400000
14.775091 30.448812 0.400000
28.147336 6.042174 0.400000
39.629986 17.831406 0.400000
1.264998 32.342452 0.400000
7.352837 30.454114 0.400000


50.772109 2.544900 0.400000
13.598816 30.450996 0.400000
14.484124 30.447041 0.400000
29.812291 2.628169 0.400000
26.165245 6.679221 0.400000
15.379637 30.453577 0.400000
33.946042 2.445020 0.400000
33.677251 15.514616 0.400000
8.029258 32.555032 0.400000
12.699112 30.454549 0.400000


56.260083 2.554303 0.400000
16.051850 30.447777 0.400000
16.943228 30.448882 0.400000
36.774159 1.933608 0.400000
30.424826 1.760222 0.400000
17.831131 30.452741 0.400000
40.740783 2.543009 0.400000
28.290686 12.237122 0.400000
14.625607 32.554714 0.400000
15.154148 30.450642 0.400000


62.704917 2.539012 0.400000
18.684291 30.492046 0.400000
19.576922 30.448141 0.400000
43.474922 1.992028 0.400000
37.216961 0.760739 0.400000
20.469625 30.443847 0.400000
47.939290 2.550735 0.400000
28.386614 5.456902 0.400000
21.198373 32.542175 0.400000
17.799997 30.483736 0.400000


1.294261 32.555387 0.400000
20.894009 30.471651 0.400000
21.778976 30.446623 0.400000
49.976578 2.549112 0.400000
44.305776 0.448252 0.400000
22.675914 30.446096 0.400000
54.961739 2.176751 0.400000
33.979121 2.086425 0.400000
28.259212 31.871338 0.400000
20.016003 30.470919 0.400000


7.299264 32.546978 0.400000
22.237209 30.453534 0.400000
23.128208 30.447268 0.400000
56.501520 2.547804 0.400000
51.137174 0.471641 0.400000
24.021283 30.450613 0.400000
61.623658 1.478441 0.400000
41.248026 1.934199 0.400000
35.106893 31.880102 0.400000
21.331392 30.474381 0.400000


12.310711 32.552059 0.400000
23.681284 30.453552 0.400000
24.565091 30.441647 0.400000
62.752222 2.536490 0.400000
57.913510 0.525486 0.400000
25.462929 30.445281 0.400000
67.938818 0.451340 0.400000
47.964919 2.055339 0.400000
41.160033 27.775430 0.400000
24.573418 31.739214 0.400000


17.262843 32.545861 0.400000
23.016711 30.450831 0.400000
23.898244 30.448304 0.400000
1.249103 32.551208 0.400000
64.421510 0.462787 0.400000
24.794446 30.444182 0.400000
4.945725 30.444078 0.400000
54.521512 2.478459 0.400000
41.425208 21.135165 0.400000
30.735709 32.550314 0.400000


22.620255 32.551796 0.400000
21.584324 30.455096 0.400000
22.478835 30.447430 0.400000
7.133544 32.534724 0.400000
3.317263 30.440605 0.400000
23.378847 30.443462 0.400000
9.513458 30.444208 0.400000
61.644845 2.073671 0.400000
36.833579 16.325891 0.400000
37.386521 31.446941 0.400000


29.189927 32.543461 0.400000
21.202752 30.448978 0.400000
22.090035 30.444792 0.400000
13.333170 32.552813 0.400000
10.333226 30.606473 0.400000
22.985781 30.445284 0.400000
12.421080 30.446219 0.400000
67.978089 0.446065 0.400000
30.074964 14.800941 0.400000
41.756480 26.506312 0.400000


35.803949 32.112666 0.400000
20.436962 30.456409 0.400000
21.333122 30.463716 0.400000
17.554001 32.557737 0.400000
16.668252 30.897424 0.400000
22.372253 30.446104 0.400000
17.465858 30.453731 0.400000
4.786327 30.447778 0.400000
27.046096 8.992693 0.400000
40.701960 19.597877 0.400000


41.237136 28.262934 0.400000
20.884988 30.444044 0.400000
21.775297 30.445129 0.400000
21.824099 32.550704 0.400000
23.023252 31.529956 0.400000
22.663481 30.443397 0.400000
19.990202 30.444287 0.400000
10.021472 30.441669 0.400000
29.845794 3.345699 0.400000
35.365147 16.004837 0.400000


42.051620 21.568500 0.400000
21.324443 30.463790 0.400000
22.201008 30.444878 0.400000
26.014569 32.553361 0.400000
29.612858 32.536112 0.400000
23.097742 30.450037 0.400000
20.431800 30.441059 0.400000
15.116455 30.450244 0.400000
36.473138 2.085364 0.400000
29.116265 13.583655 0.400000


37.894134 16.390482 0.400000
24.631411 31.968438 0.400000
22.334441 30.448172 0.400000
29.542101 32.553093 0.400000
36.199431 32.215169 0.400000
23.816115 30.448551 0.400000
21.444489 30.447899 0.400000
20.553035 30.443223 0.400000
43.856536 2.522668 0.400000
27.367050 7.217187 0.400000


31.139800 15.336527 0.400000
31.031891 32.546212 0.400000
23.468823 30.486823 0.400000
35.306386 32.379319 0.400000
41.573733 27.881268 0.400000
25.783113 30.449432 0.400000
22.587865 30.449580 0.400000
21.699728 30.446767 0.400000
50.299828 2.416032 0.400000
32.174948 2.236654 0.400000


27.142043 9.565667 0.400000
37.884817 31.459105 0.400000
24.417787 30.446059 0.400000
40.825457 29.044649 0.400000
41.974416 21.168483 0.400000
30.479992 30.462214 0.400000
23.527654 30.445990 0.400000
22.636399 30.443929 0.400000
57.405095 2.376299 0.400000
39.413614 2.512848 0.400000


29.961959 3.550729 0.400000
42.081851 25.944667 0.400000
26.322580 30.445146 0.400000
41.848218 22.420096 0.400000
37.401999 16.292550 0.400000
35.125235 30.403426 0.400000
25.436379 30.447601 0.400000
24.550328 30.452021 0.400000
64.671409 2.424364 0.400000
46.055961 2.553358 0.400000


36.527330 1.687263 0.400000
40.304623 19.019599 0.400000
28.385834 30.447154 0.400000
37.916256 16.841132 0.400000
30.919581 14.761002 0.400000
40.365365 26.267968 0.400000
27.496759 30.456682 0.400000
26.596725 30.454434 0.400000
3.733628 32.532949 0.400000
53.022671 2.494791 0.400000


43.511868 0.450746 0.400000
34.018062 16.139432 0.400000
30.243229 30.457737 0.400000
31.065315 15.563221 0.400000
27.411162 9.111552 0.400000
39.338591 19.846612 0.400000
29.342392 30.452060 0.400000
28.456638 30.450344 0.400000
9.864540 32.531223 0.400000
59.988006 1.715623 0.400000


50.270602 0.450949 0.400000
27.968880 13.240150 0.400000
31.220990 30.450085 0.400000
27.142034 9.831060 0.400000
30.682904 3.452422 0.400000
33.209681 17.246914 0.400000
30.314100 30.450114 0.400000
29.421767 30.449919 0.400000
15.523254 32.555178 0.400000
67.426794 1.018219 0.400000


56.967494 0.448456 0.400000
27.100593 6.529313 0.400000
33.033023 30.441526 0.400000
29.577684 3.447783 0.400000
37.125070 1.803768 0.400000
27.416566 13.636879 0.400000
32.134132 30.444601 0.400000
31.232898 30.439967 0.400000
20.088851 32.554753 0.400000
6.286208 30.857969 0.400000


63.622724 0.453030 0.400000
31.764173 1.992937 0.400000
37.759124 29.257453 0.400000
35.916629 2.182738 0.400000
44.115781 0.448079 0.400000
25.983971 7.019406 0.400000
36.653974 30.063056 0.400000
35.211522 30.438736 0.400000
23.449846 32.551569 0.400000
13.228705 30.457961 0.400000


1.112438 30.442850 0.400000
38.977914 1.856950 0.400000
40.507366 23.507258 0.400000
42.871719 1.098507 0.400000
50.291232 0.487683 0.400000
30.388889 1.842526 0.400000
40.526069 24.485748 0.400000
40.436561 26.127666 0.400000
24.920590 32.546551 0.400000
20.560468 30.468581 0.400000


5.300267 30.446878 0.400000
45.826326 2.141739 0.400000
36.369881 18.000058 0.400000
49.707640 0.567512 0.400000
57.251357 0.447234 0.400000
36.845029 1.135657 0.400000
37.608352 18.422974 0.400000
39.029283 19.372420 0.400000
24.764488 32.548894 0.400000
27.621625 30.442541 0.400000


8.444370 30.457831 0.400000
53.086188 2.547711 0.400000
29.681343 16.339659 0.400000
56.402299 2.373290 0.400000
62.870180 0.452857 0.400000
43.559084 1.494755 0.400000
31.181226 16.630812 0.400000
32.616163 17.132374 0.400000
21.381098 32.551790 0.400000
34.422753 30.462796 0.400000


11.476891 30.450080 0.400000
59.883903 2.469962 0.400000
25.745343 10.489763 0.400000
63.378112 2.550690 0.400000
0.786865 30.441198 0.400000
50.698342 1.978023 0.400000
26.357851 12.141130 0.400000
27.233547 13.062870 0.400000
17.998481 32.543472 0.400000
39.892192 26.752874 0.400000


13.598514 30.452217 0.400000
66.442812 2.551487 0.400000
27.576905 3.510617 0.400000
2.260898 32.461485 0.400000
5.774933 30.447819 0.400000
57.569225 1.449496 0.400000
26.574413 5.370892 0.400000
26.223626 6.818452 0.400000
14.751611 32.555439 0.400000
39.480350 20.202973 0.400000


15.141225 30.451664 0.400000
4.493048 32.551544 0.400000
33.998279 0.518328 0.400000
9.016802 32.537500 0.400000
9.851656 30.445089 0.400000
63.852909 0.462893 0.400000
32.358350 0.721639 0.400000
30.861476 1.269552 0.400000
12.272868 32.555618 0.400000
33.230907 17.153528 0.400000


17.187053 30.451894 0.400000
10.967409 31.885383 0.400000
40.818101 0.452055 0.400000
15.035306 30.681570 0.400000
12.370958 30.445810 0.400000
3.092244 30.601927 0.400000
38.945147 0.452319 0.400000
37.545125 0.581391 0.400000
11.552762 32.557009 0.400000
27.268241 13.685396 0.400000


20.887132 30.445219 0.400000
17.748434 32.547035 0.400000
47.653062 0.532598 0.400000
19.977702 30.470929 0.400000
14.147562 30.441025 0.400000
10.142056 31.526502 0.400000
45.788763 0.455882 0.400000
44.272080 1.862079 0.400000
9.653885 32.544913 0.400000
26.323940 6.812861 0.400000


24.935591 30.445782 0.400000
24.175398 32.536088 0.400000
54.469087 1.710538 0.400000
23.867856 30.446097 0.400000
16.896511 30.448884 0.400000
16.834961 32.551628 0.400000
52.393440 0.461105 0.400000
51.133560 2.549735 0.400000
6.071368 32.553816 0.400000
31.196063 1.512384 0.400000


27.917006 30.446218 0.400000
30.468221 32.550119 0.400000
61.664368 1.823070 0.400000
26.991234 30.454144 0.400000
20.269399 30.449306 0.400000
23.353708 32.557062 0.400000
59.196424 0.464617 0.400000
56.450024 2.556424 0.400000
3.101462 32.553322 0.400000
38.137513 1.175112 0.400000


28.835303 30.449215 0.400000
37.313098 31.695204 0.400000
0.609476 31.651608 0.400000
27.925596 30.446858 0.400000
25.371761 30.444117 0.400000
29.379302 32.540927 0.400000
65.405238 0.452640 0.400000
61.960390 2.534811 0.400000
1.122217 32.556450 0.400000
45.347715 1.859129 0.400000


29.975475 30.450344 0.400000
41.901787 27.003618 0.400000
7.631242 31.156413 0.400000
28.694793 30.452704 0.400000
27.784085 30.445697 0.400000
35.640583 32.300031 0.400000
4.053496 30.471403 0.400000
67.910403 2.539772 0.400000
0.798034 32.556081 0.400000
51.667663 2.540948 0.400000


33.313644 30.446189 0.400000
41.328245 20.180693 0.400000
14.353010 30.490830 0.400000
28.739426 30.459109 0.400000
27.852015 30.445558 0.400000
41.164594 28.647424 0.400000
8.429180 30.444015 0.400000
4.027545 32.540796 0.400000
4.924440 32.540665 0.400000
58.777237 2.531286 0.400000


39.164695 28.307005 0.400000
36.104467 15.996152 0.400000
20.902026 30.450626 0.400000
29.340793 30.446008 0.400000
28.449569 30.445473 0.400000
42.258846 21.794876 0.400000
11.527612 30.446187 0.400000
9.323453 32.515912 0.400000
10.221308 32.551589 0.400000
65.740458 2.520217 0.400000


40.160593 21.677745 0.400000
29.273890 14.021406 0.400000
27.080524 30.461064 0.400000
28.873610 30.441915 0.400000
27.973454 30.450938 0.400000
37.836922 16.576159 0.400000
16.879694 30.446055 0.400000
13.454071 32.547647 0.400000
14.341228 32.552439 0.400000
4.648713 32.032571 0.400000


35.161899 17.499752 0.400000
27.640751 7.575942 0.400000
28.758106 30.449470 0.400000
30.541067 30.443677 0.400000
29.653752 30.441789 0.400000
31.080576 15.111908 0.400000
21.459895 30.443230 0.400000
17.071632 32.550474 0.400000
17.971938 32.555187 0.400000
11.378733 31.789331 0.400000


28.576380 15.573449 0.400000
32.270939 2.779995 0.400000
30.618235 30.453466 0.400000
32.401646 30.455043 0.400000
31.507787 30.451132 0.400000
27.531860 9.615575 0.400000
26.883693 30.445807 0.400000
20.761846 32.552964 0.400000
21.667959 32.550795 0.400000
17.630230 30.453855 0.400000


25.594311 9.408238 0.400000
39.109762 2.557236 0.400000
32.710056 30.449552 0.400000
34.803844 30.529298 0.400000
33.590037 30.449583 0.400000
30.345096 3.499903 0.400000
31.779210 30.448590 0.400000
24.643475 32.542605 0.400000
25.534007 32.556382 0.400000
23.795239 30.458684 0.400000


28.348323 2.926765 0.400000
46.045514 2.326822 0.400000
38.646799 28.621022 0.400000
40.272021 26.410264 0.400000
39.352815 27.897485 0.400000
36.992340 2.380146 0.400000
37.143945 29.671654 0.400000
28.269943 32.553431 0.400000
29.175048 32.546772 0.400000
29.801340 30.446143 0.400000


34.850898 0.842979 0.400000
53.136606 1.602053 0.400000
40.440109 22.596904 0.400000
39.139977 20.006259 0.400000
39.991052 21.082031 0.400000
44.097145 2.414491 0.400000
40.589647 24.548621 0.400000
31.538497 32.551481 0.400000
32.429857 32.550046 0.400000
35.522837 30.443019 0.400000


41.852863 0.536228 0.400000
59.725523 0.810840 0.400000
36.275979 17.528647 0.400000
33.362827 17.258568 0.400000
34.643284 17.071629 0.400000
50.765618 2.077400 0.400000
37.358131 18.418224 0.400000
37.148460 31.816817 0.400000
38.074786 31.234588 0.400000
40.428902 25.755429 0.400000


48.979487 0.936851 0.400000
66.734399 0.498613 0.400000
29.669867 15.341856 0.400000
27.191969 13.988449 0.400000
28.388041 15.073753 0.400000
57.475084 0.688764 0.400000
30.252657 16.681636 0.400000
41.897578 27.174806 0.400000
42.072584 26.054445 0.400000
38.296360 19.187436 0.400000


55.320701 2.552018 0.400000
5.511033 30.519129 0.400000
26.497628 9.534226 0.400000
25.647914 7.467316 0.400000
25.480372 8.929927 0.400000
64.558739 0.452934 0.400000
25.920878 11.490943 0.400000
41.458692 20.627331 0.400000
40.201165 19.344105 0.400000
32.125381 17.129358 0.400000


61.485072 2.553028 0.400000
12.244352 30.638629 0.400000
29.258512 3.567290 0.400000
29.478086 1.748079 0.400000
28.332815 2.859581 0.400000
3.803271 30.507156 0.400000
26.971827 4.361225 0.400000
36.105802 16.245885 0.400000
33.899998 16.482845 0.400000
26.876189 13.087715 0.400000


66.638976 2.549408 0.400000
18.944954 31.158137 0.400000
35.756701 1.923623 0.400000
36.722840 0.896797 0.400000
34.668030 0.584781 0.400000
10.641413 31.045372 0.400000
32.637300 0.860001 0.400000
29.365763 14.132389 0.400000
27.963459 13.616695 0.400000
26.820790 6.302726 0.400000


3.020572 32.550977 0.400000
25.965993 31.011467 0.400000
42.894770 1.488395 0.400000
43.637344 0.936742 0.400000
41.570837 0.451609 0.400000
16.947641 32.399611 0.400000
39.446743 0.461993 0.400000
27.427768 7.861481 0.400000
26.606254 7.441791 0.400000
31.379696 1.547606 0.400000


3.721297 32.550903 0.400000
32.351889 30.451268 0.400000
49.955766 1.745419 0.400000
50.905961 0.725624 0.400000
48.359675 0.675589 0.400000
23.769274 31.873486 0.400000
45.181607 0.443943 0.400000
31.487244 2.755465 0.400000
30.332328 2.165605 0.400000
38.029626 1.306160 0.400000


3.692607 32.543043 0.400000
38.788671 28.361061 0.400000
55.883728 2.550228 0.400000
57.584181 1.285700 0.400000
55.142382 0.476225 0.400000
30.631370 32.542588 0.400000
51.142880 0.446943 0.400000
38.306839 2.141120 0.400000
37.336324 1.574110 0.400000
44.862712 2.507478 0.400000


4.152602 32.550060 0.400000
40.306888 21.641666 0.400000
62.649472 2.524651 0.400000
64.336688 2.537980 0.400000
62.027240 0.492378 0.400000
37.665583 31.627382 0.400000
56.435870 0.451726 0.400000
45.409129 2.365284 0.400000
43.890150 2.540730 0.400000
51.646896 1.109035 0.400000


6.210339 32.554119 0.400000
35.766867 17.468231 0.400000
1.439826 32.554207 0.400000
2.414756 32.546289 0.400000
0.603636 30.443790 0.400000
42.137681 26.588056 0.400000
61.259504 0.444059 0.400000
52.180452 2.019356 0.400000
50.218722 2.549146 0.400000
57.737792 0.448801 0.400000


8.927871 32.542782 0.400000
29.269021 15.280011 0.400000
7.153212 32.560036 0.400000
8.034840 32.554426 0.400000
6.057157 30.452726 0.400000
40.772874 19.548372 0.400000
65.587011 0.443263 0.400000
58.788856 2.547888 0.400000
56.721583 2.548412 0.400000
62.867992 0.455296 0.400000


13.955148 32.554204 0.400000
25.832424 9.280791 0.400000
12.122360 32.534891 0.400000
13.027384 32.503006 0.400000
11.478917 30.454665 0.400000
34.848974 16.070574 0.400000
3.134775 30.445192 0.400000
66.169487 2.412378 0.400000
63.339985 2.550272 0.400000
67.445745 0.450039 0.400000


19.506112 32.561216 0.400000
28.088371 3.245416 0.400000
17.890401 31.950171 0.400000
18.580290 32.553784 0.400000
16.532370 30.441923 0.400000
28.496624 13.274233 0.400000
9.283164 30.453458 0.400000
4.629349 32.547018 0.400000
0.290402 32.556170 0.400000
4.995330 30.448734 0.400000


23.958555 32.547725 0.400000
34.501190 0.684774 0.400000
24.728988 31.158816 0.400000
23.157238 32.177919 0.400000
20.043640 30.443400 0.400000
27.320621 6.967900 0.400000
15.853191 30.453694 0.400000
11.045395 32.541826 0.400000
6.086934 32.547000 0.400000
11.900374 30.460582 0.400000


25.367659 32.557660 0.400000
41.236246 0.444842 0.400000
31.795915 32.325702 0.400000
29.502900 30.841153 0.400000
23.323132 30.446448 0.400000
31.900686 2.306389 0.400000
22.215299 30.449530 0.400000
16.238352 32.545332 0.400000
12.881152 32.549119 0.400000
18.108209 30.457568 0.400000


26.724285 32.556586 0.400000
47.515138 0.450135 0.400000
38.393811 30.993223 0.400000
36.278948 30.824239 0.400000
28.137809 30.449186 0.400000
38.813554 1.216490 0.400000
27.207172 30.445784 0.400000
20.633645 32.549604 0.400000
19.660254 32.542230 0.400000
24.750413 30.450774 0.400000


27.958537 32.550902 0.400000
52.811808 0.453704 0.400000
42.052481 25.585293 0.400000
40.778195 25.945006 0.400000
33.586465 30.444448 0.400000
46.121764 1.013940 0.400000
32.608214 30.460922 0.400000
25.581652 32.548879 0.400000
24.586142 32.545944 0.400000
30.884129 30.452943 0.400000


31.756399 32.550412 0.400000
57.280319 0.448567 0.400000
40.313539 18.788737 0.400000
39.434002 19.681462 0.400000
39.467788 27.659762 0.400000
52.853807 0.461979 0.400000
38.873052 28.330937 0.400000
30.848114 32.556539 0.400000
29.946457 32.545808 0.400000
37.301436 29.541900 0.400000


37.758471 31.539312 0.400000
59.839868 0.456060 0.400000
34.164761 15.589020 0.400000
33.122352 16.878140 0.400000
39.838877 20.748188 0.400000
58.924801 0.471472 0.400000
40.529645 21.708188 0.400000
36.735568 31.999259 0.400000
35.841357 32.032374 0.400000
40.599918 23.813001 0.400000


42.076045 26.535767 0.400000
64.506004 0.444724 0.400000
28.188526 12.446945 0.400000
27.410396 13.560592 0.400000
34.353618 17.330762 0.400000
64.215136 1.294393 0.400000
35.477725 17.510135 0.400000
41.762115 27.389468 0.400000
41.228968 28.286660 0.400000
37.354479 17.737131 0.400000


41.237021 19.745035 0.400000
0.135159 30.442770 0.400000
27.692015 5.770814 0.400000
26.512315 6.585206 0.400000
28.035087 14.426990 0.400000
2.817705 31.520716 0.400000
28.865390 15.632563 0.400000
41.786740 20.645269 0.400000
42.059643 21.617338 0.400000
30.601655 16.391468 0.400000


35.763050 15.774588 0.400000
4.390650 30.452407 0.400000
33.583752 1.973185 0.400000
30.932499 1.453597 0.400000
25.822886 7.772021 0.400000
9.626547 31.301139 0.400000
25.590997 9.759045 0.400000
36.654077 16.152146 0.400000
37.586960 16.262565 0.400000
26.083313 11.426076 0.400000


29.212837 13.839570 0.400000
7.849091 30.445746 0.400000
40.852360 1.312810 0.400000
37.567750 0.532487 0.400000
29.427877 2.089176 0.400000
16.274410 30.537333 0.400000
27.606376 3.332376 0.400000
30.087861 14.138356 0.400000
30.839822 14.707868 0.400000
26.953896 4.655481 0.400000


27.407809 6.936535 0.400000
10.533076 30.449469 0.400000
47.471894 2.542156 0.400000
44.004675 0.448887 0.400000
36.342316 0.595313 0.400000
23.315448 30.492004 0.400000
33.800211 0.513205 0.400000
27.464518 8.013875 0.400000
27.441741 9.472421 0.400000
32.900395 0.680136 0.400000


32.329680 2.208780 0.400000
12.992502 30.442489 0.400000
53.952971 2.549463 0.400000
50.775694 0.487490 0.400000
42.632606 0.456222 0.400000
30.419510 30.457574 0.400000
41.067440 0.616733 0.400000
31.188483 2.692099 0.400000
30.388123 3.317706 0.400000
39.850316 0.600495 0.400000


39.509052 0.622995 0.400000
17.934180 30.444470 0.400000
59.583594 2.552829 0.400000
57.344742 1.416293 0.400000
46.823366 0.448240 0.400000
37.423288 29.454448 0.400000
47.886972 2.542614 0.400000
38.249407 1.880231 0.400000
37.116684 2.515973 0.400000
46.516275 1.380669 0.400000


46.489183 1.078377 0.400000
23.390146 30.449827 0.400000
64.694698 2.553399 0.400000
64.224542 0.971511 0.400000
51.512763 0.448028 0.400000
40.685356 23.448298 0.400000
54.575188 2.538108 0.400000
45.020248 0.451491 0.400000
44.070067 2.102725 0.400000
53.646025 2.505712 0.400000


53.612087 1.680334 0.400000
29.573283 30.447583 0.400000
1.378367 32.555414 0.400000
3.059047 30.773141 0.400000
54.986413 0.441084 0.400000
37.158189 18.052971 0.400000
61.550606 2.555435 0.400000
51.992433 0.500638 0.400000
51.047530 0.800889 0.400000
59.007124 2.553004 0.400000


60.842794 2.432508 0.400000
36.186809 30.291740 0.400000
6.253843 32.557651 0.400000
9.795487 31.465334 0.400000
59.569301 0.442190 0.400000
30.424637 16.538862 0.400000
67.559903 2.553841 0.400000
58.690150 0.554471 0.400000
57.783739 0.450058 0.400000
63.871555 2.557828 0.400000


67.536480 2.528356 0.400000
40.651629 25.034359 0.400000
10.815598 32.551755 0.400000
16.419226 30.465503 0.400000
65.101866 0.447214 0.400000
26.113246 11.280137 0.400000
6.157684 32.546876 0.400000
65.526628 1.912668 0.400000
64.209366 0.461306 0.400000
1.661356 32.547352 0.400000


5.940472 32.554622 0.400000
38.241919 18.982083 0.400000
13.564684 32.543986 0.400000
23.812013 30.491238 0.400000
2.684102 30.458943 0.400000
27.334623 4.774100 0.400000
12.544241 32.536631 0.400000
4.191758 31.910005 0.400000
1.787686 30.518197 0.400000
7.819671 32.556249 0.400000


13.170742 32.548563 0.400000
31.731873 17.138642 0.400000
18.956497 32.555481 0.400000
30.909432 30.733927 0.400000
7.201018 30.441491 0.400000
33.094530 1.224274 0.400000
18.055371 32.538025 0.400000
10.346545 30.451581 0.400000
7.924195 31.932810 0.400000
14.447779 32.547034 0.400000


19.653068 32.554774 0.400000
26.606693 12.372830 0.400000
24.270808 32.554167 0.400000
37.824196 30.302254 0.400000
10.237716 30.451132 0.400000
39.931432 0.533828 0.400000
23.467299 32.127912 0.400000
16.606224 30.450739 0.400000
14.667767 32.041152 0.400000
21.139329 32.553648 0.400000


26.017951 32.545609 0.400000
26.976236 5.589127 0.400000
28.155101 32.555314 0.400000
41.204756 24.309445 0.400000
13.895877 30.447721 0.400000
46.920632 0.444171 0.400000
30.339630 31.121340 0.400000
23.442279 30.448572 0.400000
21.144209 32.513619 0.400000
27.255204 32.552602 0.400000


31.209146 32.548257 0.400000
32.632324 1.476313 0.400000
33.269939 32.552241 0.400000
38.224067 18.267391 0.400000
18.230813 30.447837 0.400000
53.172625 0.451248 0.400000
36.976732 29.984931 0.400000
28.819996 30.447940 0.400000
26.190039 32.549045 0.400000
32.356373 32.547778 0.400000


36.788069 32.032008 0.400000
40.022425 0.728049 0.400000
39.555109 29.996250 0.400000
31.605712 16.449646 0.400000
23.215608 30.443824 0.400000
58.506816 0.446810 0.400000
40.630908 24.602121 0.400000
33.740200 30.449566 0.400000
31.143461 32.540816 0.400000
38.370926 30.863741 0.400000


41.320008 27.481473 0.400000
46.695967 0.444794 0.400000
42.305826 23.854224 0.400000
26.499747 11.539163 0.400000
27.879734 30.442521 0.400000
64.304046 0.450336 0.400000
37.797127 18.663412 0.400000
39.683722 27.511346 0.400000
37.133839 31.951826 0.400000
42.161568 25.172648 0.400000


41.675265 20.839823 0.400000
53.276113 0.450101 0.400000
38.990305 17.665846 0.400000
27.231024 4.640664 0.400000
32.114612 30.451586 0.400000
2.965546 30.443496 0.400000
31.115050 17.004801 0.400000
39.847578 21.235962 0.400000
41.642250 26.828526 0.400000
40.124155 18.810652 0.400000


36.741120 16.095815 0.400000
59.463163 0.445580 0.400000
32.364129 15.689215 0.400000
33.028515 0.870824 0.400000
37.432677 29.740383 0.400000
9.727237 30.477168 0.400000
26.660631 11.836325 0.400000
34.477380 17.188042 0.400000
40.973206 20.330654 0.400000
33.995600 15.956782 0.400000


30.224387 14.764255 0.400000
66.007329 0.460257 0.400000
27.338921 11.179069 0.400000
39.800211 1.282270 0.400000
40.623887 23.959753 0.400000
16.571815 31.107348 0.400000
27.007662 5.039113 0.400000
28.029651 14.192173 0.400000
35.705176 16.430905 0.400000
28.278467 12.557186 0.400000


27.310679 8.751353 0.400000
4.603354 30.446190 0.400000
29.137864 4.710436 0.400000
46.926864 0.886240 0.400000
37.102187 18.280895 0.400000
23.456710 32.489388 0.400000
32.940285 1.427091 0.400000
26.437013 8.045884 0.400000
28.657596 13.989250 0.400000
27.829389 5.568102 0.400000


30.625012 3.013060 0.400000
11.330683 30.460783 0.400000
35.419995 2.097470 0.400000
51.876174 0.445768 0.400000
30.161627 16.253097 0.400000
30.270848 32.551659 0.400000
39.425634 0.457398 0.400000
29.749123 2.168381 0.400000
26.754071 7.634161 0.400000
33.670855 2.375274 0.400000


37.350067 1.776632 0.400000
17.381259 30.471890 0.400000
42.650539 1.872303 0.400000
54.305120 0.445679 0.400000
25.912170 11.228241 0.400000
34.006308 32.553632 0.400000
45.908119 0.451847 0.400000
36.408463 1.227081 0.400000
31.241020 2.679244 0.400000
40.608066 2.537703 0.400000


44.175930 0.451771 0.400000
24.071959 30.530618 0.400000
49.387081 1.461620 0.400000
58.851419 0.448121 0.400000
26.960624 4.283410 0.400000
40.570420 29.158231 0.400000
52.640874 0.461027 0.400000
43.215589 0.610516 0.400000
38.654826 2.514340 0.400000
47.242481 2.543438 0.400000


50.913259 0.458921 0.400000
31.079656 30.448645 0.400000
56.349004 0.444645 0.400000
61.286780 0.442572 0.400000
32.609377 0.635057 0.400000
42.399365 22.535151 0.400000
58.312342 0.454727 0.400000
49.808587 0.466898 0.400000
45.444039 2.552969 0.400000
53.054635 2.540750 0.400000


57.737146 0.744250 0.400000
37.898679 29.730981 0.400000
62.301542 0.453817 0.400000
64.101562 0.446889 0.400000
39.727370 0.478466 0.400000
38.511214 16.841351 0.400000
63.191451 0.443827 0.400000
56.828275 0.616423 0.400000
52.496533 2.457556 0.400000
59.071067 2.532500 0.400000


64.721658 0.458470 0.400000
41.029356 23.737497 0.400000
67.443856 0.477845 0.400000
1.243451 30.449046 0.400000
47.026117 0.474174 0.400000
31.934193 15.631946 0.400000
0.357811 30.450856 0.400000
63.701038 0.483195 0.400000
59.220350 1.308886 0.400000
65.866933 2.537475 0.400000


3.889195 30.478044 0.400000
37.016496 17.861080 0.400000
5.347843 30.705130 0.400000
7.216380 30.453653 0.400000
54.065031 0.585004 0.400000
27.000370 10.777453 0.400000
6.198509 30.447077 0.400000
2.498461 30.539028 0.400000
65.853479 0.455684 0.400000
4.878721 32.419786 0.400000


10.702036 30.460261 0.400000
30.266504 16.299746 0.400000
11.655521 30.610307 0.400000
13.444497 30.442654 0.400000
61.138600 1.992503 0.400000
28.268660 4.474020 0.400000
12.549820 30.459063 0.400000
9.512908 30.451737 0.400000
4.621370 31.101464 0.400000
11.806988 32.429356 0.400000


16.768615 30.441324 0.400000
25.857743 11.558256 0.400000
17.720809 30.458593 0.400000
19.575624 30.446957 0.400000
0.301629 32.523168 0.400000
33.960658 1.750458 0.400000
18.612866 30.449542 0.400000
15.849686 30.534041 0.400000
11.333645 30.780032 0.400000
18.496545 32.552456 0.400000


23.033967 30.452684 0.400000
26.687792 4.967237 0.400000
23.985599 30.466032 0.400000
25.790950 30.456074 0.400000
7.080023 32.553026 0.400000
40.747121 2.534236 0.400000
24.877610 30.448180 0.400000
22.101167 30.449159 0.400000
18.607977 30.455573 0.400000
23.592583 32.555282 0.400000


29.589052 30.455791 0.400000
31.632504 1.022898 0.400000
30.436283 30.729079 0.400000
32.214339 30.448394 0.400000
14.037465 32.408473 0.400000
47.891009 2.551045 0.400000
31.301440 30.459934 0.400000
28.606704 30.443154 0.400000
24.332591 30.457610 0.400000
28.077813 32.537578 0.400000


36.075596 30.130909 0.400000
38.436184 0.832204 0.400000
37.198061 30.387777 0.400000
38.374687 28.821192 0.400000
20.741416 32.454533 0.400000
54.155737 2.503304 0.400000
37.646267 29.516097 0.400000
35.066041 30.494586 0.400000
29.773146 30.452579 0.400000
30.030194 32.547076 0.400000


40.413773 25.131300 0.400000
45.340105 1.751127 0.400000
41.441599 24.996041 0.400000
40.759373 22.348473 0.400000
28.376216 32.040707 0.400000
61.001138 2.461262 0.400000
40.440096 23.312733 0.400000
40.067395 26.222483 0.400000
36.160480 30.097857 0.400000
32.500445 32.546689 0.400000


38.026396 18.927603 0.400000
52.475627 1.262441 0.400000
38.970125 18.643309 0.400000
36.577555 17.168482 0.400000
35.010467 31.419484 0.400000
0.167117 32.389599 0.400000
36.610739 18.094675 0.400000
39.018004 19.630743 0.400000
40.405121 24.906802 0.400000
37.484482 31.493077 0.400000


31.359164 17.033021 0.400000
59.551288 2.284253 0.400000
32.783536 16.062433 0.400000
29.713585 15.471833 0.400000
40.839239 27.269615 0.400000
6.763726 32.526553 0.400000
29.960007 16.453543 0.400000
32.491416 17.186736 0.400000
38.051742 18.842798 0.400000
41.874085 25.792681 0.400000


26.380459 12.384472 0.400000
66.002443 2.546356 0.400000
27.364042 12.058358 0.400000
26.276428 9.632735 0.400000
40.604237 20.063321 0.400000
13.604784 30.987828 0.400000
25.758868 10.781506 0.400000
26.980042 13.683555 0.400000
31.429967 16.940868 0.400000
40.376348 19.104252 0.400000


26.088375 5.805990 0.400000
4.574073 32.539531 0.400000
27.420387 5.505954 0.400000
28.974515 3.233896 0.400000
35.465942 16.050928 0.400000
19.257295 30.443875 0.400000
27.236830 4.071236 0.400000
26.067084 7.131506 0.400000
26.127577 12.339010 0.400000
34.504282 15.715040 0.400000


31.278171 0.962717 0.400000
10.930981 32.544186 0.400000
32.853438 1.629008 0.400000
35.677193 1.652251 0.400000
29.183465 13.737404 0.400000
23.904454 30.450548 0.400000
33.463182 0.669862 0.400000
30.470378 1.474871 0.400000
26.420707 5.646521 0.400000
28.358312 12.547873 0.400000


38.531705 0.599927 0.400000
17.028521 32.543521 0.400000
39.590624 0.977799 0.400000
42.659912 2.541018 0.400000
27.725086 7.163739 0.400000
29.613482 30.454072 0.400000
40.591033 0.811345 0.400000
37.133425 0.458061 0.400000
31.261677 1.264118 0.400000
28.120473 6.043929 0.400000


45.395403 1.175279 0.400000
23.464743 32.551326 0.400000
46.611910 0.525397 0.400000
49.064039 2.535151 0.400000
32.838615 2.393659 0.400000
32.813587 30.450249 0.400000
47.408133 2.524561 0.400000
44.311142 0.637014 0.400000
38.544634 0.664181 0.400000
33.799501 2.307976 0.400000


52.426853 1.039406 0.400000
29.965514 32.473195 0.400000
53.716404 1.020665 0.400000
56.008996 2.533634 0.400000
39.380342 1.708699 0.400000
37.350613 29.557456 0.400000
54.195837 2.532370 0.400000
51.288158 0.658361 0.400000
45.072727 0.482400 0.400000
40.605420 2.456154 0.400000


59.748797 1.105620 0.400000
36.865971 31.871871 0.400000
60.551123 1.759416 0.400000
62.720786 2.548389 0.400000
45.970188 0.443318 0.400000
40.992612 24.046910 0.400000
61.109340 2.548147 0.400000
58.687615 0.998942 0.400000
51.249284 0.449666 0.400000
47.204591 2.550090 0.400000


66.495584 1.138708 0.400000
41.699031 27.008357 0.400000
67.323646 1.782984 0.400000
0.861216 32.549025 0.400000
51.478269 0.454921 0.400000
37.905251 18.110987 0.400000
67.875048 2.555527 0.400000
65.816639 2.308858 0.400000
56.538211 0.447111 0.400000
53.655161 2.558555 0.400000


5.117399 30.454265 0.400000
41.329925 20.347251 0.400000
6.102845 30.689858 0.400000
7.636289 32.463633 0.400000
56.196478 0.445879 0.400000
31.263334 16.467420 0.400000
5.229973 32.543142 0.400000
4.306645 32.489202 0.400000
60.926094 0.445840 0.400000
60.187399 2.537878 0.400000


11.494440 30.466109 0.400000
35.955424 16.231150 0.400000
12.899092 30.450057 0.400000
14.675610 32.518005 0.400000
62.076673 0.457575 0.400000
26.251498 11.992660 0.400000
10.815316 32.556250 0.400000
9.923095 32.551417 0.400000
65.591382 0.450397 0.400000
67.171313 2.479795 0.400000


18.393959 30.461764 0.400000
29.674996 14.025034 0.400000
19.504894 30.449655 0.400000
21.427600 32.546891 0.400000
0.642442 30.455105 0.400000
26.683356 4.980562 0.400000
16.756147 32.554481 0.400000
15.818145 32.555968 0.400000
2.693410 30.446797 0.400000
6.123041 32.550423 0.400000


25.433895 31.132983 0.400000
27.626925 7.673628 0.400000
26.246462 30.444219 0.400000
27.492725 32.503846 0.400000
6.790888 30.447095 0.400000
31.909816 0.869147 0.400000
22.909615 32.553282 0.400000
22.000973 32.537219 0.400000
7.706063 30.452218 0.400000
12.088448 32.548563 0.400000


32.250775 32.542922 0.400000
31.604461 2.863404 0.400000
32.125709 30.455532 0.400000
34.106849 32.387449 0.400000
11.126664 30.478599 0.400000
38.539830 0.661739 0.400000
27.982848 32.545123 0.400000
27.055884 32.541737 0.400000
12.022235 30.440119 0.400000
17.860047 32.535521 0.400000


38.697015 31.023222 0.400000
38.683128 2.325333 0.400000
37.882894 29.204561 0.400000
40.296856 28.896619 0.400000
16.045234 30.892909 0.400000
45.696356 0.475067 0.400000
32.888742 32.553009 0.400000
31.995989 32.549600 0.400000
16.815695 30.444852 0.400000
23.175087 32.555870 0.400000


42.353282 25.704109 0.400000
45.742800 1.176712 0.400000
40.665973 23.367676 0.400000
41.892780 22.006387 0.400000
22.649478 31.648933 0.400000
51.977383 0.470676 0.400000
38.975268 30.704509 0.400000
38.061194 30.826657 0.400000
19.472796 30.446653 0.400000
28.828895 32.545159 0.400000


40.615564 19.003718 0.400000
52.783742 0.873271 0.400000
36.670954 17.769742 0.400000
37.586089 16.782614 0.400000
29.816143 32.545762 0.400000
58.745283 0.449942 0.400000
42.110805 24.321941 0.400000
41.921818 25.372193 0.400000
20.284217 30.447435 0.400000
35.050957 32.476145 0.400000


34.800510 15.793284 0.400000
59.809265 0.578415 0.400000
30.010247 16.104509 0.400000
30.841443 15.051593 0.400000
36.736473 31.908191 0.400000
65.658697 0.625781 0.400000
39.235769 18.219804 0.400000
40.180490 19.318827 0.400000
21.930411 30.440333 0.400000
41.123916 28.704267 0.400000


28.640615 13.071457 0.400000
66.796161 0.477838 0.400000
26.107409 10.424353 0.400000
27.121808 9.288541 0.400000
41.640435 27.135052 0.400000
4.863482 30.778989 0.400000
32.676698 16.181982 0.400000
34.325711 16.112707 0.400000
24.827795 30.447711 0.400000
42.081073 21.530600 0.400000


27.604463 6.507532 0.400000
5.692794 30.451715 0.400000
27.758236 4.022176 0.400000
29.798762 3.244998 0.400000
41.066128 20.205548 0.400000
11.356555 30.506119 0.400000
27.471394 12.033059 0.400000
28.382668 13.484977 0.400000
27.306408 30.441072 0.400000
37.574275 16.331298 0.400000


32.561713 2.090449 0.400000
12.524839 30.451661 0.400000
33.567799 0.739680 0.400000
36.416897 1.683981 0.400000
35.285215 16.175097 0.400000
17.568035 30.446450 0.400000
27.603607 5.354656 0.400000
27.280684 6.599744 0.400000
29.058452 30.446661 0.400000
30.749956 14.887561 0.400000


39.866408 0.786493 0.400000
19.520980 30.675646 0.400000
40.931407 2.205367 0.400000
42.826304 0.451702 0.400000
28.580736 14.337058 0.400000
23.297807 30.454912 0.400000
33.154174 1.481493 0.400000
32.138856 2.556279 0.400000
29.315577 30.448756 0.400000
27.230472 9.094714 0.400000


46.245148 0.452430 0.400000
26.766499 30.446756 0.400000
47.597168 2.451038 0.400000
49.589067 0.472757 0.400000
26.397022 7.848304 0.400000
28.565384 30.455577 0.400000
40.005476 0.724897 0.400000
38.675511 1.752447 0.400000
29.460974 30.447473 0.400000
30.104525 3.462365 0.400000


52.255527 0.487496 0.400000
31.016249 30.543559 0.400000
54.472067 1.677631 0.400000
55.792825 0.455831 0.400000
30.672609 2.467546 0.400000
31.899769 30.457337 0.400000
46.630233 0.475939 0.400000
45.262060 0.452309 0.400000
32.791444 30.456550 0.400000
36.854475 2.524809 0.400000


58.802683 0.538369 0.400000
36.531303 30.893737 0.400000
61.500524 1.456576 0.400000
61.716798 0.449289 0.400000
37.211049 2.189648 0.400000
34.458579 30.496370 0.400000
53.484191 0.454945 0.400000
51.906912 0.462364 0.400000
37.153795 29.789513 0.400000
43.575410 2.555445 0.400000


65.613414 0.674303 0.400000
41.044788 25.818792 0.400000
0.592095 31.107875 0.400000
67.412577 0.443969 0.400000
43.830539 1.808536 0.400000
40.116108 26.774288 0.400000
60.092826 0.451813 0.400000
58.976762 0.456951 0.400000
40.625456 24.015301 0.400000
50.463635 2.550394 0.400000


4.649580 31.468618 0.400000
38.847453 19.003499 0.400000
7.314173 30.835689 0.400000
4.703825 30.450359 0.400000
50.904384 0.963039 0.400000
39.767626 20.122511 0.400000
66.383853 0.448757 0.400000
65.289231 0.461611 0.400000
37.525792 18.236608 0.400000
56.446695 2.548786 0.400000


11.807159 32.415877 0.400000
32.374305 16.700624 0.400000
14.130301 30.852907 0.400000
9.543814 30.458201 0.400000
57.625317 0.453716 0.400000
33.829101 16.978898 0.400000
4.632716 30.448485 0.400000
3.194778 30.451935 0.400000
30.698095 16.581729 0.400000
61.483510 2.557242 0.400000


18.739283 32.478754 0.400000
26.784082 12.583830 0.400000
21.221578 30.449846 0.400000
15.023914 30.444097 0.400000
64.128387 0.481281 0.400000
27.620832 14.132248 0.400000
10.813165 30.451068 0.400000
8.976954 30.448498 0.400000
26.207588 11.589529 0.400000
66.600351 2.551472 0.400000


26.149326 32.488819 0.400000
26.172133 5.932753 0.400000
27.611283 30.456374 0.400000
20.817583 30.465175 0.400000
2.904976 30.448109 0.400000
26.043265 7.409371 0.400000
16.821003 30.445200 0.400000
15.135077 30.451348 0.400000
27.004089 4.731090 0.400000
1.892789 32.552074 0.400000


32.395462 32.554222 0.400000
31.047092 1.039090 0.400000
34.054580 30.502652 0.400000
26.078127 30.451087 0.400000
9.537170 30.452094 0.400000
29.892094 1.690166 0.400000
23.402284 30.467924 0.400000
21.287535 30.456148 0.400000
32.768287 0.944128 0.400000
4.751099 32.552876 0.400000


38.751882 30.834339 0.400000
38.254211 1.004954 0.400000
39.763306 27.276780 0.400000
32.151404 30.445234 0.400000
16.481216 30.464671 0.400000
36.709330 1.222773 0.400000
30.037839 30.454869 0.400000
27.430358 30.455172 0.400000
39.939535 0.570914 0.400000
9.541865 32.554411 0.400000


42.085453 24.914299 0.400000
45.561920 0.713344 0.400000
39.805770 20.815606 0.400000
38.332965 28.848764 0.400000
23.036590 30.461415 0.400000
43.393225 2.526678 0.400000
37.044744 29.870039 0.400000
34.151120 30.471209 0.400000
46.802899 0.458116 0.400000
14.377926 32.541138 0.400000


40.063798 18.092992 0.400000
52.024351 0.451685 0.400000
34.339373 17.176637 0.400000
40.260372 22.266682 0.400000
30.374975 30.474677 0.400000
50.049621 2.548666 0.400000
40.789720 24.382299 0.400000
39.744460 27.239408 0.400000
53.487902 0.450374 0.400000
19.033989 32.546755 0.400000


33.574593 15.678580 0.400000
57.898713 0.453858 0.400000
28.005839 14.739568 0.400000
34.955140 17.180562 0.400000
37.417170 29.549067 0.400000
56.493953 2.539499 0.400000
37.775615 18.676009 0.400000
39.500378 20.456104 0.400000
59.843749 0.449295 0.400000
23.698988 32.545872 0.400000


27.799554 12.150861 0.400000
63.162767 0.444935 0.400000
25.877703 7.951737 0.400000
28.805887 14.867970 0.400000
40.555897 23.656569 0.400000
63.069884 2.536807 0.400000
31.063694 16.681853 0.400000
33.988532 17.450922 0.400000
65.396299 0.442862 0.400000
29.416525 32.557862 0.400000


28.722824 5.137744 0.400000
67.057548 0.444037 0.400000
29.353433 2.444610 0.400000
26.160121 8.812554 0.400000
36.636816 18.076174 0.400000
1.917643 32.541686 0.400000
26.127867 12.119986 0.400000
27.795878 14.511646 0.400000
3.601719 30.443318 0.400000
35.322695 32.319451 0.400000


34.509386 2.171416 0.400000
2.153168 30.454907 0.400000
36.097694 0.785198 0.400000
29.372768 2.909815 0.400000
29.844767 16.457776 0.400000
8.504900 32.557799 0.400000
26.597361 5.297375 0.400000
25.851294 8.197574 0.400000
10.426014 30.452165 0.400000
40.958476 28.901879 0.400000


41.100762 2.488266 0.400000
4.982489 30.450760 0.400000
43.029493 0.443669 0.400000
35.843281 1.267210 0.400000
25.988322 11.135240 0.400000
14.461071 32.549033 0.400000
31.386463 0.951430 0.400000
29.926544 2.231024 0.400000
17.386813 32.447082 0.400000
42.230050 21.742054 0.400000


47.553386 2.537767 0.400000
8.138004 30.446992 0.400000
48.669464 0.443687 0.400000
42.629293 0.449037 0.400000
27.517478 4.380814 0.400000
20.729149 32.501550 0.400000
38.197220 0.517384 0.400000
36.254666 1.067804 0.400000
24.271954 32.540045 0.400000
37.978832 16.705686 0.400000


54.517684 2.554695 0.400000
13.913394 30.456509 0.400000
55.328137 0.453975 0.400000
49.631643 0.464437 0.400000
33.296604 0.982078 0.400000
27.550145 32.546093 0.400000
44.629347 0.450323 0.400000
43.338757 0.656766 0.400000
30.316461 32.552248 0.400000
31.177115 15.303878 0.400000


60.428563 2.547808 0.400000
18.772497 30.453749 0.400000
61.990810 0.446571 0.400000
56.460225 0.494021 0.400000
40.508365 1.537350 0.400000
33.954287 32.548237 0.400000
50.562942 0.460514 0.400000
49.668287 0.549544 0.400000
37.565318 31.753719 0.400000
27.434403 9.694245 0.400000


66.791050 2.548856 0.400000
23.470389 30.442825 0.400000
0.874812 30.459458 0.400000
63.101094 0.458762 0.400000
47.451553 2.552280 0.400000
40.319244 29.691024 0.400000
57.328444 0.448332 0.400000
56.421567 0.500825 0.400000
42.069995 26.645252 0.400000
30.532583 3.229181 0.400000


4.873462 32.528743 0.400000
27.853551 30.447076 0.400000
7.811246 30.449910 0.400000
1.829645 30.450623 0.400000
54.547839 2.550151 0.400000
42.445682 23.360186 0.400000
64.000002 0.485722 0.400000
63.027722 0.474639 0.400000
41.463567 20.008659 0.400000
37.857607 2.513365 0.400000


10.606870 32.556015 0.400000
31.129380 30.449078 0.400000
14.518978 30.455850 0.400000
8.812630 30.752810 0.400000
61.129772 2.434579 0.400000
39.168509 17.655470 0.400000
2.347088 30.447189 0.400000
1.398656 30.623958 0.400000
35.990141 15.699670 0.400000
44.660845 2.157403 0.400000


16.525599 32.553089 0.400000
34.731981 30.430467 0.400000
20.480868 30.451335 0.400000
15.612406 32.401930 0.400000
67.182530 0.449506 0.400000
32.285769 15.728168 0.400000
8.862073 30.446151 0.400000
7.590283 32.547817 0.400000
29.612461 14.068346 0.400000
51.412942 0.501271 0.400000


23.008042 32.544994 0.400000
40.097458 26.417683 0.400000
25.968854 30.443456 0.400000
21.816178 32.556202 0.400000
4.046966 30.451485 0.400000
27.165893 11.321880 0.400000
15.422363 30.455924 0.400000
13.921597 32.515065 0.400000
27.255223 7.889773 0.400000
57.871209 0.488019 0.400000


29.593066 32.527135 0.400000
39.143259 19.661617 0.400000
31.681734 30.449465 0.400000
28.516502 32.551449 0.400000
9.618497 30.448582 0.400000
28.247264 4.511758 0.400000
21.431257 30.441707 0.400000
19.981460 32.551159 0.400000
31.469626 2.689128 0.400000
64.557896 0.449997 0.400000


36.395665 31.734636 0.400000
33.061815 17.448351 0.400000
38.085812 29.328799 0.400000
35.067217 32.483912 0.400000
15.000735 30.446058 0.400000
34.834517 1.697417 0.400000
27.873783 30.463600 0.400000
25.963846 32.537620 0.400000
38.327196 2.146781 0.400000
2.860833 30.460481 0.400000


41.454356 27.472202 0.400000
27.315298 14.307984 0.400000
40.410484 23.078708 0.400000
40.868973 29.094837 0.400000
19.045114 30.459606 0.400000
41.888691 1.080863 0.400000
34.876055 30.393470 0.400000
31.934817 32.545308 0.400000
45.329731 2.420013 0.400000
9.485241 30.454952 0.400000


41.439434 20.699313 0.400000
25.613422 8.007884 0.400000
36.825515 18.119221 0.400000
42.278522 22.762101 0.400000
22.906917 30.453169 0.400000
48.997467 0.464387 0.400000
39.918264 26.560930 0.400000
38.256326 31.417847 0.400000
51.854239 2.544409 0.400000
15.403117 30.450620 0.400000


36.818563 15.934865 0.400000
29.621486 1.851368 0.400000
30.132447 16.552171 0.400000
38.100091 16.905111 0.400000
27.610772 30.455772 0.400000
55.607447 1.014213 0.400000
39.251688 19.776213 0.400000
42.294068 25.554753 0.400000
57.917500 2.555313 0.400000
20.672684 30.443459 0.400000


30.095704 14.334586 0.400000
36.271979 0.460156 0.400000
25.900379 11.377015 0.400000
31.237218 15.309564 0.400000
31.233926 30.444533 0.400000
62.752368 0.468144 0.400000
33.276074 17.361839 0.400000
40.659712 18.808623 0.400000
63.926400 2.541988 0.400000
24.091810 30.449130 0.400000


27.349424 8.376161 0.400000
43.326718 0.982783 0.400000
27.200438 4.799899 0.400000
27.494123 9.279485 0.400000
33.946109 30.448438 0.400000
1.042196 30.473771 0.400000
27.428310 14.060949 0.400000
34.388240 15.639336 0.400000
2.039717 32.550652 0.400000
28.890592 30.453919 0.400000


31.386474 2.812486 0.400000
49.761628 2.548767 0.400000
32.654050 0.702897 0.400000
30.422225 3.622252 0.400000
33.734316 30.440347 0.400000
6.092675 30.440288 0.400000
25.734070 7.358150 0.400000
28.563757 12.667802 0.400000
7.970014 32.543678 0.400000
32.833519 30.449185 0.400000


38.406054 1.947841 0.400000
56.015885 2.552066 0.400000
39.596890 0.453785 0.400000
36.805878 1.502025 0.400000
39.343132 27.712926 0.400000
10.353378 30.471953 0.400000
29.227242 2.063663 0.400000
27.872891 6.088997 0.400000
14.737368 32.554125 0.400000
38.272725 28.874651 0.400000


45.321159 2.095197 0.400000
62.345310 2.556452 0.400000
45.960173 0.447777 0.400000
42.870795 0.450800 0.400000
39.825698 20.861452 0.400000
14.612130 30.446631 0.400000
35.627722 0.589368 0.400000
33.487169 2.403184 0.400000
19.861243 32.546673 0.400000
40.618128 22.777060 0.400000


52.208098 2.537019 0.400000
0.316523 32.549828 0.400000
50.366243 0.439948 0.400000
49.460973 0.479311 0.400000
34.428620 17.516164 0.400000
18.604870 30.442473 0.400000
42.097763 0.468922 0.400000
40.285641 1.852005 0.400000
24.699352 32.553300 0.400000
35.812980 17.802080 0.400000


58.543438 2.551786 0.400000
5.531780 32.552621 0.400000
56.685171 0.443631 0.400000
55.727422 0.461413 0.400000
27.846946 14.660802 0.400000
22.833246 30.448303 0.400000
48.988364 0.445124 0.400000
47.549470 0.466978 0.400000
31.125758 32.431275 0.400000
29.063573 15.430719 0.400000


65.017497 2.556466 0.400000
10.677628 32.553516 0.400000
63.340010 0.446065 0.400000
62.429216 0.490417 0.400000
26.032471 8.292870 0.400000
26.587320 30.447042 0.400000
55.837895 0.441484 0.400000
54.566839 0.445995 0.400000
37.977363 30.646735 0.400000
26.044172 9.436402 0.400000


3.589698 32.545069 0.400000
16.094171 32.550071 0.400000
1.972609 30.445631 0.400000
1.048868 30.473963 0.400000
29.807507 2.463429 0.400000
29.034305 30.448410 0.400000
62.508931 0.787124 0.400000
61.283296 0.447794 0.400000
41.877523 25.249802 0.400000
28.625562 3.056277 0.400000


10.674115 32.547774 0.400000
21.358326 32.543931 0.400000
8.345813 30.450022 0.400000
7.298242 30.454288 0.400000
36.462297 1.113842 0.400000
30.515822 30.448661 0.400000
0.869112 30.466304 0.400000
67.717377 0.452527 0.400000
39.970594 18.874141 0.400000
34.826226 1.129316 0.400000


17.501423 32.543111 0.400000
27.295499 32.550997 0.400000
13.536228 30.449151 0.400000
12.520220 30.442513 0.400000
43.577253 1.278734 0.400000
30.517068 30.451258 0.400000
7.427358 30.455608 0.400000
6.445834 30.588973 0.400000
34.003137 15.645311 0.400000
41.783257 2.550773 0.400000


23.887810 32.287139 0.400000
32.482751 32.530233 0.400000
19.071316 30.479183 0.400000
17.802927 30.456808 0.400000
50.354127 2.542281 0.400000
30.329085 30.451776 0.400000
13.953511 30.442583 0.400000
12.955427 30.518517 0.400000
28.112125 12.123407 0.400000
49.226052 2.287505 0.400000


30.702907 32.549653 0.400000
38.325674 31.277149 0.400000
25.504551 30.466495 0.400000
24.055035 30.456564 0.400000
56.914930 2.553584 0.400000
30.612552 30.448758 0.400000
19.959229 30.451236 0.400000
19.029714 30.451972 0.400000
28.369363 5.606239 0.400000
55.773624 0.452811 0.400000


37.176489 31.522154 0.400000
42.223823 25.790957 0.400000
31.336160 30.489813 0.400000
29.594997 30.454406 0.400000
62.790949 2.551029 0.400000
32.251239 30.442939 0.400000
24.025781 30.449706 0.400000
23.097387 30.443332 0.400000
34.304263 2.532628 0.400000
62.130617 0.459589 0.400000


42.017252 26.833726 0.400000
40.637910 18.892354 0.400000
36.600335 29.961051 0.400000
35.576668 30.430333 0.400000
0.181197 32.547984 0.400000
37.422192 29.556527 0.400000
27.776809 30.446026 0.400000
26.787585 30.449448 0.400000
40.972970 1.788438 0.400000
0.114344 30.458902 0.400000


41.395980 20.094820 0.400000
34.884962 15.718419 0.400000
40.598483 24.957066 0.400000
40.211525 25.883537 0.400000
6.302559 32.538410 0.400000
40.874336 24.097329 0.400000
30.800601 30.445773 0.400000
29.811971 30.443284 0.400000
48.082587 1.422673 0.400000
6.708250 30.450181 0.400000


35.818199 15.699784 0.400000
28.573078 12.726404 0.400000
38.153982 18.687962 0.400000
39.249240 19.537599 0.400000
13.044240 32.516451 0.400000
37.414763 18.166340 0.400000
34.902294 30.523445 0.400000
32.509550 30.449876 0.400000
54.830690 0.479320 0.400000
11.683449 30.448353 0.400000


29.004796 13.713984 0.400000
28.080620 6.075896 0.400000
31.385041 17.019338 0.400000
32.854577 16.998756 0.400000
19.725570 32.526338 0.400000
30.629684 16.272455 0.400000
40.329232 26.594714 0.400000
37.304413 29.664288 0.400000
61.833235 0.442906 0.400000
17.439581 30.463596 0.400000


26.963672 7.738594 0.400000
33.574325 2.515898 0.400000
26.513566 12.162452 0.400000
27.195414 13.101942 0.400000
26.351005 32.541979 0.400000
25.967491 11.166097 0.400000
39.621092 20.048678 0.400000
40.753690 23.787760 0.400000
0.359053 30.462603 0.400000
24.004093 30.462839 0.400000


31.212894 2.713524 0.400000
40.385971 1.894305 0.400000
26.551815 5.504932 0.400000
26.408630 6.505086 0.400000
31.876858 32.550324 0.400000
27.012354 4.134328 0.400000
34.119710 17.161766 0.400000
37.585624 18.408461 0.400000
7.277394 30.451207 0.400000
30.382730 30.457304 0.400000


38.245210 1.964087 0.400000
46.917966 0.518397 0.400000
31.737520 0.934121 0.400000
31.034712 1.555877 0.400000
38.008282 31.555939 0.400000
32.677894 0.692405 0.400000
27.886450 14.435341 0.400000
30.544476 16.634750 0.400000
14.209580 30.456792 0.400000
37.316260 29.756970 0.400000


45.407273 1.369925 0.400000
52.937937 0.439637 0.400000
38.613199 1.922784 0.400000
37.746754 1.504441 0.400000
42.278051 26.001952 0.400000
39.614893 0.581727 0.400000
26.016617 8.025413 0.400000
25.999524 11.726835 0.400000
20.352061 30.456339 0.400000
40.704129 24.246726 0.400000


52.267240 0.443969 0.400000
57.540959 0.452841 0.400000
44.293500 2.553595 0.400000
43.370364 2.556953 0.400000
40.624986 19.170486 0.400000
46.847033 1.514805 0.400000
29.612286 2.157688 0.400000
26.744766 4.943670 0.400000
26.024362 30.442374 0.400000
37.864145 18.449788 0.400000


59.142988 0.456846 0.400000
62.727644 0.461048 0.400000
49.957238 2.550462 0.400000
48.881644 2.554110 0.400000
34.731993 15.923728 0.400000
52.679720 2.548066 0.400000
36.244839 1.026794 0.400000
32.114658 0.670011 0.400000
29.608424 30.449773 0.400000
31.087188 16.804555 0.400000


65.359509 0.457411 0.400000
0.698057 30.449316 0.400000
55.997277 2.552178 0.400000
55.087166 2.531910 0.400000
28.593379 13.072255 0.400000
57.899073 2.548510 0.400000
42.881309 1.521119 0.400000
39.280720 1.090326 0.400000
32.852955 30.444618 0.400000
26.332382 12.356683 0.400000


2.548136 30.454269 0.400000
5.466896 30.447096 0.400000
62.439153 2.551198 0.400000
61.517839 2.540624 0.400000
27.624477 6.410180 0.400000
64.177348 2.542555 0.400000
49.699361 2.550555 0.400000
46.223093 2.206240 0.400000
38.083179 29.160995 0.400000
26.654932 5.568446 0.400000


7.055221 30.447340 0.400000
9.804682 30.457833 0.400000
0.243383 32.547981 0.400000
67.354396 2.553576 0.400000
32.577618 1.988358 0.400000
3.155227 32.542399 0.400000
55.757836 2.543226 0.400000
53.346724 1.951978 0.400000
40.675852 22.929457 0.400000
31.742130 1.325227 0.400000


11.842191 30.447798 0.400000
13.906255 30.443094 0.400000
5.401585 32.552878 0.400000
3.814218 32.551671 0.400000
39.637881 1.916964 0.400000
9.876913 32.556647 0.400000
62.357429 2.541811 0.400000
60.200536 1.597275 0.400000
36.460695 17.842002 0.400000
38.547480 0.559752 0.400000


16.879456 30.450079 0.400000
18.082339 30.447581 0.400000
10.732556 32.547301 0.400000
7.008711 32.538516 0.400000
47.013359 2.228527 0.400000
16.755704 32.524126 0.400000
0.654656 32.555723 0.400000
66.836661 0.466573 0.400000
30.097944 16.265158 0.400000
45.697224 1.136342 0.400000


21.390137 30.453576 0.400000
24.029448 30.447555 0.400000
17.131709 32.557894 0.400000
12.315394 32.551196 0.400000
52.786153 2.545878 0.400000
23.424162 32.549567 0.400000
7.628848 32.543763 0.400000
5.106057 30.450856 0.400000
25.911789 11.337859 0.400000
52.229123 1.475253 0.400000


25.317514 30.452658 0.400000
29.865917 30.455604 0.400000
23.248012 32.525309 0.400000
16.209999 32.557530 0.400000
57.888700 2.553896 0.400000
29.923681 32.534317 0.400000
14.422286 32.548188 0.400000
11.230655 30.449234 0.400000
27.004904 4.489146 0.400000
58.963743 1.218337 0.400000


28.587202 30.442866 0.400000
36.288199 30.135649 0.400000
29.385245 32.545422 0.400000
20.665259 32.557512 0.400000
60.074963 2.549924 0.400000
36.682737 32.035733 0.400000
19.733882 32.552088 0.400000
17.713126 30.444916 0.400000
32.664081 0.896991 0.400000
65.868306 0.962653 0.400000


31.932171 30.451078 0.400000
40.628119 24.697545 0.400000
34.950687 32.479089 0.400000
25.892355 32.553101 0.400000
59.815252 2.554842 0.400000
41.687802 27.155198 0.400000
24.992914 32.548855 0.400000
24.340685 30.455734 0.400000
39.452716 1.169030 0.400000
4.564007 32.279390 0.400000


37.784298 29.431454 0.400000
38.441306 18.637371 0.400000
40.589157 28.869087 0.400000
30.207777 32.555772 0.400000
59.499807 2.556993 0.400000
41.750329 20.400273 0.400000
29.294854 32.522091 0.400000
30.543479 30.463977 0.400000
46.175674 2.532528 0.400000
10.892901 32.530004 0.400000


40.951623 23.363814 0.400000
31.907288 16.587096 0.400000
41.996072 22.629493 0.400000
35.486761 32.294333 0.400000
57.729117 2.548495 0.400000
36.815117 16.012124 0.400000
34.545075 32.441139 0.400000
37.278422 29.763123 0.400000
52.789076 2.395199 0.400000
16.912595 32.553354 0.400000


37.382892 17.940840 0.400000
26.504977 12.108258 0.400000
38.094578 17.074599 0.400000
41.010507 27.898756 0.400000
56.472667 2.551346 0.400000
30.418313 14.836298 0.400000
40.501791 29.227077 0.400000
41.053278 24.097921 0.400000
57.973828 1.645892 0.400000
23.497498 32.549588 0.400000


30.862481 16.320884 0.400000
26.194024 5.813937 0.400000
31.232579 14.973489 0.400000
41.132283 20.995616 0.400000
52.654943 2.560762 0.400000
26.733565 9.368778 0.400000
42.065762 22.286265 0.400000
37.945907 18.228874 0.400000
65.051887 2.527345 0.400000
28.820958 32.555156 0.400000


26.677781 11.035748 0.400000
31.185668 1.265189 0.400000
27.473407 9.629495 0.400000
35.770622 16.500213 0.400000
47.874344 2.543059 0.400000
29.487149 3.275070 0.400000
38.072967 16.663155 0.400000
31.263420 16.594426 0.400000
3.801708 32.553726 0.400000
33.374344 32.550568 0.400000


27.925633 4.265185 0.400000
37.807960 0.838202 0.400000
30.242287 3.412965 0.400000
29.201461 14.270318 0.400000
42.752143 2.535039 0.400000
36.451239 1.915947 0.400000
31.119322 15.307313 0.400000
26.212433 11.908463 0.400000
9.565769 32.553269 0.400000
39.539467 30.458625 0.400000


34.092538 1.412639 0.400000
44.899366 1.588732 0.400000
36.935911 2.553331 0.400000
26.738669 7.865250 0.400000
37.822840 2.557314 0.400000
43.293389 0.473652 0.400000
27.088346 9.465393 0.400000
26.904824 5.215749 0.400000
15.637165 32.547378 0.400000
42.305613 24.280411 0.400000


41.052656 2.544208 0.400000
51.505346 0.456619 0.400000
37.553572 2.546125 0.400000
30.345675 2.193335 0.400000
38.449770 2.533035 0.400000
49.724739 0.459057 0.400000
29.576448 3.256514 0.400000
31.818111 0.982631 0.400000
21.304386 32.549620 0.400000
39.776411 17.921936 0.400000


47.066316 2.552651 0.400000
58.080815 0.452499 0.400000
38.072830 2.553678 0.400000
37.329322 1.430945 0.400000
38.958232 2.546047 0.400000
55.393083 0.443272 0.400000
36.347248 1.764569 0.400000
38.713214 1.086599 0.400000
26.802535 32.544922 0.400000
33.382263 15.418903 0.400000


52.065345 2.550996 0.400000
64.995520 0.549958 0.400000
37.879680 2.555896 0.400000
44.327538 1.421549 0.400000
38.766971 2.525980 0.400000
60.265434 0.453188 0.400000
43.279668 1.975746 0.400000
45.818233 1.516369 0.400000
33.035673 32.547451 0.400000
28.045286 12.091827 0.400000


56.714116 2.556407 0.400000
4.227013 30.471254 0.400000
41.881577 2.554005 0.400000
51.207113 0.449312 0.400000
34.242452 1.941460 0.400000
65.855460 0.442954 0.400000
50.093282 2.551905 0.400000
52.981055 2.027573 0.400000
39.483159 30.270681 0.400000
28.089689 5.052927 0.400000


61.511728 2.551145 0.400000
10.187047 30.460413 0.400000
48.590818 2.495923 0.400000
58.205765 0.517967 0.400000
40.850915 2.545309 0.400000
4.481556 30.455991 0.400000
57.016118 1.378570 0.400000
59.400676 2.550372 0.400000
42.282728 24.143770 0.400000
34.002995 2.063625 0.400000


66.657686 2.544678 0.400000
15.269335 30.445443 0.400000
54.933774 2.552962 0.400000
64.918362 1.148206 0.400000
47.093100 2.544440 0.400000
10.805239 30.494636 0.400000
63.851751 0.465598 0.400000
65.303784 2.554761 0.400000
39.527529 17.662072 0.400000
40.715638 1.035055 0.400000


3.830792 32.557884 0.400000
18.859284 30.458379 0.400000
62.276446 2.553492 0.400000
3.394982 31.775116 0.400000
53.882819 2.550843 0.400000
17.979782 31.009202 0.400000
2.528749 30.527283 0.400000
2.343223 32.556451 0.400000
33.184867 15.656474 0.400000
47.577715 0.446841 0.400000


9.677567 32.538396 0.400000
23.317302 30.446635 0.400000
0.895315 32.552292 0.400000
8.697425 32.517467 0.400000
60.513347 2.543116 0.400000
24.577065 32.555294 0.400000
9.502441 30.464347 0.400000
7.396826 32.548050 0.400000
27.781560 11.429332 0.400000
53.532025 0.447346 0.400000


15.728988 32.533588 0.400000
27.410464 30.453276 0.400000
7.030580 32.552040 0.400000
15.018394 31.733460 0.400000
67.349537 2.358365 0.400000
31.424905 32.550744 0.400000
15.820173 30.448173 0.400000
12.190722 32.553723 0.400000
28.750275 5.043275 0.400000
58.651504 0.444290 0.400000


22.080365 32.558358 0.400000
29.939142 30.441631 0.400000
12.262220 32.547701 0.400000
22.050855 31.500069 0.400000
6.164343 30.467396 0.400000
38.104481 31.452238 0.400000
23.022680 30.459000 0.400000
17.705916 32.545070 0.400000
35.089237 2.534580 0.400000
63.721883 0.458624 0.400000


28.668364 32.528633 0.400000
32.902823 30.453413 0.400000
17.841055 32.550830 0.400000
29.009485 30.451793 0.400000
12.655690 30.648044 0.400000
42.191044 25.847670 0.400000
29.844803 31.072729 0.400000
22.962763 32.558004 0.400000
41.795661 1.701182 0.400000
0.897202 30.442085 0.400000


35.440091 32.275457 0.400000
37.080033 29.915069 0.400000
22.627150 32.540439 0.400000
36.019318 30.241489 0.400000
19.408404 32.273937 0.400000
40.555457 19.280821 0.400000
36.989885 31.082504 0.400000
29.587547 32.549984 0.400000
48.632667 0.465111 0.400000
4.663488 30.454256 0.400000


40.824337 28.773718 0.400000
40.744749 24.418525 0.400000
28.113156 32.547534 0.400000
40.299560 25.412218 0.400000
25.972456 32.416887 0.400000
34.661612 15.694704 0.400000
41.165421 26.024351 0.400000
36.027158 32.156491 0.400000
55.077813 0.455807 0.400000
7.641817 30.464033 0.400000


42.045334 22.144010 0.400000
37.928942 18.161078 0.400000
33.470723 32.557207 0.400000
38.216389 19.013145 0.400000
32.876915 31.035463 0.400000
28.200030 12.481557 0.400000
39.605206 19.258207 0.400000
40.860693 27.685220 0.400000
61.698007 0.456430 0.400000
9.274005 30.444326 0.400000


37.873430 16.768312 0.400000
30.930143 16.279013 0.400000
39.955213 29.832148 0.400000
31.722796 17.013018 0.400000
38.881745 28.326046 0.400000
27.975902 5.788960 0.400000
33.311416 16.481138 0.400000
40.739628 21.045474 0.400000
0.599287 30.456414 0.400000
10.942082 30.447714 0.400000


31.274073 15.407952 0.400000
26.745215 11.075528 0.400000
42.286393 23.408841 0.400000
26.512910 12.698873 0.400000
40.163529 21.956913 0.400000
33.768088 2.500222 0.400000
27.391141 12.811411 0.400000
35.620346 17.107396 0.400000
7.262800 30.550036 0.400000
14.097144 30.444677 0.400000


26.961101 10.345306 0.400000
28.118052 4.469146 0.400000
38.788769 17.411132 0.400000
25.957914 6.264015 0.400000
35.507665 17.411015 0.400000
40.575634 2.545913 0.400000
27.104023 6.443768 0.400000
29.115066 15.078471 0.400000
13.793517 31.667334 0.400000
19.709131 30.447566 0.400000


28.878957 3.695794 0.400000
34.649864 1.868625 0.400000
32.315607 15.380672 0.400000
30.912140 1.713240 0.400000
29.358441 15.490403 0.400000
47.302333 1.929755 0.400000
32.139578 1.904679 0.400000
26.054277 8.809861 0.400000
20.101598 32.547706 0.400000
25.116294 30.446249 0.400000


34.843765 2.008531 0.400000
42.016408 2.327795 0.400000
27.749614 11.030584 0.400000
38.049148 1.415063 0.400000
26.045606 10.021389 0.400000
54.299178 1.205022 0.400000
38.911765 2.181293 0.400000
29.109729 2.808050 0.400000
26.579674 32.557548 0.400000
29.669669 30.446380 0.400000


41.245976 2.553221 0.400000
48.904487 2.531190 0.400000
29.224546 4.357748 0.400000
44.984609 1.856011 0.400000
27.618453 3.594566 0.400000
61.059859 1.172900 0.400000
45.946911 2.535615 0.400000
35.939524 1.213723 0.400000
33.396801 32.543859 0.400000
32.254261 30.443760 0.400000


48.005252 2.545714 0.400000
56.204004 1.278916 0.400000
35.426049 2.533821 0.400000
51.539257 2.547729 0.400000
33.704428 0.901357 0.400000
67.871576 0.583183 0.400000
52.479271 2.552773 0.400000
42.668185 0.966627 0.400000
39.495698 30.379099 0.400000
33.026132 30.452206 0.400000


54.625050 2.512123 0.400000
63.361996 0.488165 0.400000
42.477822 1.906444 0.400000
57.736779 2.378947 0.400000
40.633012 0.464818 0.400000
6.512823 30.455943 0.400000
58.676073 2.551406 0.400000
49.349556 2.548910 0.400000
42.352434 24.269489 0.400000
31.796758 30.449982 0.400000


60.725603 2.550976 0.400000
2.220442 30.580107 0.400000
48.799401 0.459363 0.400000
63.976517 2.265694 0.400000
47.242010 0.526488 0.400000
12.855269 30.475077 0.400000
64.823797 2.543392 0.400000
56.132176 2.548936 0.400000
39.842735 17.962959 0.400000
30.284582 30.442508 0.400000


67.149783 2.551268 0.400000
9.109476 31.458177 0.400000
55.732570 0.460200 0.400000
2.766158 31.421397 0.400000
54.089270 0.532399 0.400000
19.970884 31.127233 0.400000
3.736631 32.540640 0.400000
61.686507 2.543474 0.400000
33.460523 15.949392 0.400000
29.806241 30.449041 0.400000


5.824175 32.551078 0.400000
16.136570 32.005201 0.400000
62.759557 0.546417 0.400000
9.307911 30.449438 0.400000
61.045641 0.459396 0.400000
26.803713 30.450671 0.400000
10.580192 32.518908 0.400000
66.666370 2.559456 0.400000
27.803087 12.509237 0.400000
29.936782 30.447295 0.400000


12.472364 32.489061 0.400000
23.062348 32.058009 0.400000
1.365299 30.446052 0.400000
15.596287 30.448878 0.400000
67.621741 0.443786 0.400000
31.105507 30.446209 0.400000
17.508343 31.802892 0.400000
4.023860 32.551525 0.400000
27.685011 5.804491 0.400000
32.010175 30.451618 0.400000


19.296763 32.551551 0.400000
30.042449 32.552799 0.400000
7.581824 30.486014 0.400000
21.593227 30.437463 0.400000
6.178262 30.441133 0.400000
35.474400 30.395811 0.400000
24.038061 30.446294 0.400000
10.133252 32.551227 0.400000
33.564208 1.819393 0.400000
36.323399 30.015463 0.400000


25.784398 32.529519 0.400000
37.203584 31.904844 0.400000
14.152604 30.460303 0.400000
26.692265 30.445277 0.400000
12.745556 30.445761 0.400000
40.549852 25.770083 0.400000
29.893859 30.452826 0.400000
16.532555 32.534915 0.400000
40.856270 2.135687 0.400000
40.583429 24.458785 0.400000


32.145398 32.553631 0.400000
41.677620 26.936272 0.400000
20.140096 30.446032 0.400000
32.315458 30.480900 0.400000
19.217419 30.450676 0.400000
38.916244 19.007810 0.400000
36.052432 30.231660 0.400000
23.474120 32.520113 0.400000
48.124942 2.418838 0.400000
37.791826 18.672258 0.400000


38.326603 30.994212 0.400000
40.816942 20.024750 0.400000
24.746528 30.449855 0.400000
38.840589 28.493629 0.400000
23.866817 30.448300 0.400000
32.646767 16.701171 0.400000
40.528153 25.290753 0.400000
30.544039 32.448294 0.400000
54.408099 0.452738 0.400000
31.122145 16.725180 0.400000


42.113014 25.438296 0.400000
34.985327 16.661271 0.400000
27.447890 30.439436 0.400000
40.103941 21.918163 0.400000
26.541553 30.449877 0.400000
27.260562 12.856480 0.400000
38.581072 18.903399 0.400000
37.279079 31.813067 0.400000
60.152575 0.447182 0.400000
26.227756 12.166751 0.400000


40.225828 18.918740 0.400000
28.788662 14.358016 0.400000
30.736483 30.446884 0.400000
35.160888 17.598994 0.400000
29.798461 30.438746 0.400000
27.070434 6.132029 0.400000
31.988052 17.096333 0.400000
41.785028 26.678470 0.400000
65.708712 0.445706 0.400000
26.366465 5.148269 0.400000


34.426640 15.902372 0.400000
26.258028 7.939916 0.400000
33.688195 30.443263 0.400000
28.839749 15.479445 0.400000
32.787252 30.442287 0.400000
31.651695 1.993798 0.400000
26.679761 12.954668 0.400000
41.189233 19.850940 0.400000
4.272601 30.455990 0.400000
31.357687 0.946468 0.400000


28.414808 12.681484 0.400000
30.018360 2.095093 0.400000
39.567809 27.415907 0.400000
26.010216 9.529899 0.400000
38.921874 28.444693 0.400000
38.535195 2.018753 0.400000
25.925117 6.268219 0.400000
35.323361 16.062179 0.400000
10.769953 30.449203 0.400000
38.167041 0.993301 0.400000


28.018623 5.697537 0.400000
36.370948 1.221508 0.400000
39.976439 20.982704 0.400000
28.466104 3.397802 0.400000
40.324274 22.149775 0.400000
45.439051 2.523441 0.400000
30.674555 1.205823 0.400000
28.584309 13.601520 0.400000
17.593968 30.483647 0.400000
44.681803 1.996178 0.400000


33.716073 2.001853 0.400000
42.611046 2.554699 0.400000
34.526874 17.073970 0.400000
35.149771 1.236082 0.400000
35.335083 17.502265 0.400000
52.456875 2.301026 0.400000
37.887122 0.590656 0.400000
27.129395 7.126661 0.400000
24.232423 30.473519 0.400000
51.187956 2.550682 0.400000


41.043704 2.542976 0.400000
48.970408 2.557512 0.400000
28.292366 14.147195 0.400000
41.966823 1.844515 0.400000
28.759806 15.209372 0.400000
59.660207 2.537164 0.400000
44.619055 0.505175 0.400000
31.685467 2.357117 0.400000
30.992099 30.473276 0.400000
57.203196 2.549066 0.400000


47.930707 2.297690 0.400000
53.417036 2.551222 0.400000
26.579872 7.537669 0.400000
48.910898 2.515987 0.400000
25.549089 9.242465 0.400000
66.636702 2.460488 0.400000
51.161274 0.463547 0.400000
38.555628 0.833172 0.400000
37.930132 29.214967 0.400000
62.749363 2.546070 0.400000


54.800858 2.547067 0.400000
58.578277 2.534592 0.400000
31.390471 2.242643 0.400000
56.043884 1.846142 0.400000
28.425036 2.846787 0.400000
5.657686 32.056635 0.400000
58.275559 0.650283 0.400000
45.699907 0.515619 0.400000
40.514233 23.121448 0.400000
0.217305 32.549099 0.400000


61.192986 2.550303 0.400000
64.885316 2.551231 0.400000
38.839531 1.870349 0.400000
62.906000 1.322827 0.400000
35.142011 0.736389 0.400000
12.523753 32.511026 0.400000
65.305871 0.469104 0.400000
52.671141 0.468438 0.400000
36.615794 17.920507 0.400000
4.625112 32.551396 0.400000


66.894837 2.549532 0.400000
3.688798 32.514092 0.400000
46.216398 2.555078 0.400000
2.168747 31.072356 0.400000
42.287448 0.486273 0.400000
19.241746 32.540435 0.400000
3.826213 30.458899 0.400000
59.536212 0.928184 0.400000
29.855961 16.269909 0.400000
9.165469 32.540606 0.400000


3.939174 32.556106 0.400000
10.858464 32.202759 0.400000
52.337358 2.549621 0.400000
9.359218 31.646459 0.400000
49.114369 0.465748 0.400000
25.461959 32.552884 0.400000
10.321914 30.468656 0.400000
66.181627 0.501902 0.400000
25.729565 10.633241 0.400000
14.300941 32.550634 0.400000


8.360706 32.557046 0.400000
17.971409 30.446446 0.400000
58.764845 2.547477 0.400000
16.443639 32.341809 0.400000
55.311545 0.448428 0.400000
31.145602 32.516091 0.400000
15.835475 30.458500 0.400000
5.211641 31.684761 0.400000
27.434531 4.099054 0.400000
20.195208 32.550672 0.400000


13.992990 32.549530 0.400000
24.971615 30.489615 0.400000
63.923197 2.552546 0.400000
23.425222 31.832746 0.400000
61.495628 0.504463 0.400000
37.409991 31.498113 0.400000
22.783490 30.449057 0.400000
11.105497 32.545532 0.400000
33.672749 0.802862 0.400000
26.765393 32.509403 0.400000


20.078392 32.550297 0.400000
31.890471 30.550974 0.400000
66.988328 2.547166 0.400000
30.270074 32.517528 0.400000
0.630250 31.298542 0.400000
42.060430 26.669435 0.400000
29.360781 30.458776 0.400000
16.217124 32.556716 0.400000
40.328251 0.465013 0.400000
33.959722 32.552288 0.400000


25.411753 32.540929 0.400000
38.541869 28.624761 0.400000
1.680537 32.544741 0.400000
37.163876 31.856735 0.400000
7.359427 32.556045 0.400000
41.322774 20.063786 0.400000
36.351204 30.080210 0.400000
23.095605 32.514546 0.400000
46.822116 0.463490 0.400000
40.127795 29.660165 0.400000


30.679880 32.552467 0.400000
40.346634 22.134096 0.400000
5.699700 32.551421 0.400000
42.080135 26.666489 0.400000
14.536777 32.499870 0.400000
35.772874 15.940967 0.400000
40.414916 24.663095 0.400000
29.724630 32.556605 0.400000
53.338817 0.483931 0.400000
42.499442 23.039504 0.400000


36.875427 32.053866 0.400000
35.296177 17.405087 0.400000
9.636568 32.540744 0.400000
41.526700 20.141127 0.400000
22.179801 31.926975 0.400000
29.350924 13.878803 0.400000
37.815243 18.662867 0.400000
35.670060 32.353324 0.400000
60.052464 0.457954 0.400000
39.024255 17.207950 0.400000


41.581308 27.699496 0.400000
28.823077 15.739399 0.400000
13.746628 32.546494 0.400000
35.953815 15.956240 0.400000
28.699624 31.088539 0.400000
27.749114 7.379071 0.400000
30.764678 16.810330 0.400000
40.928442 28.354338 0.400000
66.784322 0.487085 0.400000
32.849353 15.511468 0.400000


41.411402 20.807942 0.400000
25.728109 9.914336 0.400000
18.415829 32.554998 0.400000
29.396647 14.068473 0.400000
35.839437 30.748960 0.400000
32.473506 2.455623 0.400000
26.107330 11.536920 0.400000
41.575722 21.806049 0.400000
5.819317 30.461140 0.400000
27.430407 11.868087 0.400000


36.490098 16.223030 0.400000
27.444468 3.614338 0.400000
23.241859 32.559096 0.400000
27.041881 7.690286 0.400000
40.813327 26.040309 0.400000
38.817345 2.404464 0.400000
26.633905 5.017346 0.400000
37.321688 16.685873 0.400000
11.968513 30.447724 0.400000
27.934441 4.907847 0.400000


29.893274 14.581433 0.400000
33.867329 0.496088 0.400000
27.329563 32.544751 0.400000
31.650490 2.563040 0.400000
39.683105 19.404015 0.400000
45.859485 2.546242 0.400000
32.231644 0.636060 0.400000
30.860619 14.857174 0.400000
17.876591 30.465554 0.400000
33.732092 1.388972 0.400000


26.734142 8.594169 0.400000
40.770660 1.733805 0.400000
30.568281 32.559124 0.400000
38.652227 2.545933 0.400000
33.687323 16.774444 0.400000
52.870211 2.540903 0.400000
39.116536 0.570340 0.400000
27.536234 9.015486 0.400000
23.446025 30.454225 0.400000
39.955012 1.331423 0.400000


29.954824 2.842458 0.400000
47.371789 2.545925 0.400000
34.910559 32.455768 0.400000
45.474849 2.544648 0.400000
28.158615 13.712030 0.400000
59.911862 2.542659 0.400000
46.153728 1.395199 0.400000
31.135739 3.175574 0.400000
28.942226 30.447229 0.400000
46.494242 2.328486 0.400000


36.981488 1.975560 0.400000
53.415536 2.550918 0.400000
40.702118 29.093107 0.400000
51.503566 2.516590 0.400000
26.826190 7.258491 0.400000
66.494555 2.525141 0.400000
52.785074 1.563543 0.400000
37.996814 2.051012 0.400000
34.963054 30.403102 0.400000
52.514152 2.534717 0.400000


43.767467 2.146957 0.400000
58.955945 2.554750 0.400000
42.089382 22.456616 0.400000
57.132627 2.554964 0.400000
31.505000 2.126028 0.400000
5.360545 32.534072 0.400000
59.622150 1.816499 0.400000
44.752970 1.715516 0.400000
40.734762 26.263728 0.400000
58.047407 2.545241 0.400000


50.795951 0.704056 0.400000
64.223122 2.554167 0.400000
38.542796 17.017561 0.400000
62.421038 2.542202 0.400000
38.297042 1.850744 0.400000
11.905964 31.752112 0.400000
66.309624 2.557209 0.400000
51.281893 2.411149 0.400000
39.916925 19.400414 0.400000
63.334924 2.551869 0.400000


57.459332 0.491459 0.400000
1.874455 32.539741 0.400000
31.544066 15.009974 0.400000
0.077738 32.551938 0.400000
45.072961 2.549314 0.400000
18.683171 30.588306 0.400000
4.851972 32.548444 0.400000
58.082459 1.940269 0.400000
33.686169 16.301238 0.400000
0.966414 32.557566 0.400000


64.428920 1.057140 0.400000
6.972211 32.553640 0.400000
27.371729 10.179612 0.400000
5.100270 32.556441 0.400000
51.414778 2.552995 0.400000
25.370908 30.668933 0.400000
11.697803 32.541166 0.400000
65.299434 0.680783 0.400000
27.880333 12.626572 0.400000
6.042332 32.549516 0.400000


3.346892 32.545565 0.400000
11.462782 32.559846 0.400000
29.502777 4.147460 0.400000
9.651041 32.553100 0.400000
57.445795 2.550843 0.400000
32.158706 30.442080 0.400000
18.484620 32.550287 0.400000
4.600381 30.546275 0.400000
27.790851 5.532018 0.400000
10.568260 32.551747 0.400000


10.390811 32.543207 0.400000
15.543636 32.553178 0.400000
36.694252 2.554156 0.400000
13.658751 32.559687 0.400000
63.358110 2.557064 0.400000
38.665777 28.570931 0.400000
25.381558 32.557540 0.400000
11.487866 31.495791 0.400000
33.798149 1.979432 0.400000
14.601400 32.549700 0.400000


16.961828 31.625850 0.400000
18.303019 32.554680 0.400000
43.505324 2.549390 0.400000
16.467477 32.554124 0.400000
0.872034 32.541979 0.400000
40.509534 22.315487 0.400000
32.036786 32.525277 0.400000
18.568380 31.674996 0.400000
40.801092 1.732411 0.400000
17.362511 32.552649 0.400000


23.926231 31.585753 0.400000
19.357568 32.549503 0.400000
49.592905 2.550683 0.400000
17.567076 32.541810 0.400000
6.745472 32.547894 0.400000
35.734646 17.739152 0.400000
38.923486 30.906888 0.400000
24.806425 32.552271 0.400000
47.642675 2.552790 0.400000
18.465083 32.554638 0.400000


30.757493 31.502895 0.400000
19.961164 32.554797 0.400000
54.899503 2.548601 0.400000
18.151849 32.556528 0.400000
12.440723 32.538847 0.400000
29.131742 15.617734 0.400000
42.361546 24.882964 0.400000
30.839356 32.558289 0.400000
53.429243 2.547212 0.400000
19.048033 32.549958 0.400000


37.129812 29.771546 0.400000
21.613243 32.553478 0.400000
61.024894 2.551363 0.400000
19.808449 32.553479 0.400000
18.888251 32.546625 0.400000
25.560693 9.508738 0.400000
40.330421 18.472925 0.400000
36.709946 32.064931 0.400000
59.797806 2.547058 0.400000
20.727092 32.555737 0.400000


40.593998 24.002413 0.400000
25.676846 32.551945 0.400000
65.850500 2.549279 0.400000
23.846644 32.556667 0.400000
22.945006 32.540098 0.400000
27.903680 3.175816 0.400000
34.332454 15.564000 0.400000
41.710769 27.242148 0.400000
64.965258 2.553529 0.400000
24.791154 32.524259 0.400000


37.002580 18.293451 0.400000
30.506349 32.551335 0.400000
2.670239 32.538181 0.400000
28.458549 32.551645 0.400000
27.533837 32.554081 0.400000
34.337521 0.553371 0.400000
28.492258 12.481633 0.400000
41.324241 20.450860 0.400000
1.735981 32.546551 0.400000
29.599325 32.530518 0.400000


30.225367 16.616132 0.400000
35.661215 32.314090 0.400000
6.967058 32.555337 0.400000
33.514171 32.556196 0.400000
32.621269 32.546931 0.400000
41.556742 0.464662 0.400000
28.259769 5.884879 0.400000
36.105353 16.164310 0.400000
6.074226 32.510697 0.400000
34.728429 32.197567 0.400000


26.023069 11.956802 0.400000
41.158647 28.294778 0.400000
11.190670 32.537421 0.400000
39.799956 29.634729 0.400000
38.652770 31.116701 0.400000
48.296624 0.453416 0.400000
33.808660 2.224834 0.400000
29.538095 14.432573 0.400000
10.258226 32.541733 0.400000
40.531104 28.938057 0.400000


26.439446 5.092422 0.400000
41.946364 21.214584 0.400000
14.666242 32.552925 0.400000
42.049322 23.196686 0.400000
42.067347 25.215791 0.400000
55.074101 0.469944 0.400000
40.750856 2.452646 0.400000
26.904479 8.611385 0.400000
13.780893 32.548133 0.400000
42.082337 22.226156 0.400000


31.266521 0.956501 0.400000
37.148481 16.064797 0.400000
18.134250 32.553930 0.400000
38.742125 17.396069 0.400000
40.268938 18.938362 0.400000
61.771505 0.448291 0.400000
47.856914 2.304941 0.400000
30.298188 2.402262 0.400000
17.203923 32.551877 0.400000
37.656422 16.951916 0.400000


38.378080 0.828762 0.400000
30.413760 14.369384 0.400000
21.711884 32.554817 0.400000
32.148865 15.573308 0.400000
33.777494 16.180248 0.400000
0.049534 30.470238 0.400000
54.948444 0.980843 0.400000
37.069364 1.057965 0.400000
20.858044 32.256894 0.400000
30.647650 15.371225 0.400000


45.152629 0.461615 0.400000
27.556579 8.768030 0.400000
23.499399 32.549900 0.400000
27.675945 10.683235 0.400000
27.451017 12.810414 0.400000
5.104125 30.449537 0.400000
61.502709 0.478165 0.400000
43.295156 0.459279 0.400000
27.478458 31.500607 0.400000
26.926376 9.581334 0.400000


52.137084 0.471677 0.400000
31.226249 2.966074 0.400000
25.183620 32.555257 0.400000
29.702555 4.175521 0.400000
27.219394 6.341203 0.400000
10.146311 30.448194 0.400000
67.859935 0.452175 0.400000
50.152526 0.439320 0.400000
34.226072 32.536910 0.400000
30.078098 3.326826 0.400000


58.910692 0.466232 0.400000
38.046101 1.980404 0.400000
29.146246 32.551906 0.400000
35.966124 2.323564 0.400000
32.388591 1.947501 0.400000
14.718430 30.446072 0.400000
6.334197 30.484732 0.400000
56.255642 0.462996 0.400000
39.852708 29.610366 0.400000
37.084875 2.016647 0.400000


65.729940 0.448979 0.400000
44.899231 2.549319 0.400000
33.009608 32.552175 0.400000
42.533287 2.539379 0.400000
39.416835 0.903383 0.400000
18.734145 30.448234 0.400000
13.450876 30.787083 0.400000
60.415018 0.449646 0.400000
42.257755 23.313907 0.400000
43.577694 2.557135 0.400000


4.369762 30.479857 0.400000
51.536424 2.508462 0.400000
37.829902 31.610076 0.400000
48.420186 2.548654 0.400000
46.333880 0.460878 0.400000
22.374684 30.442725 0.400000
20.172224 32.532199 0.400000
63.306005 0.457228 0.400000
39.037116 17.259686 0.400000
49.934177 2.546760 0.400000


11.305718 30.538642 0.400000
58.219853 2.510889 0.400000
42.109343 26.450327 0.400000
52.759517 2.556237 0.400000
53.152421 0.698189 0.400000
25.411119 30.454856 0.400000
27.094181 31.975154 0.400000
66.159287 0.440682 0.400000
32.266994 15.288021 0.400000
56.759637 2.535852 0.400000


18.155941 30.447585 0.400000
65.106958 2.549723 0.400000
41.164495 19.588075 0.400000
56.822856 2.545923 0.400000
60.002243 0.568797 0.400000
28.228956 30.445177 0.400000
33.339949 30.451086 0.400000
0.287089 30.448664 0.400000
27.539728 10.730044 0.400000
63.770603 2.541640 0.400000


24.450664 30.444347 0.400000
3.864181 32.464483 0.400000
35.556134 15.614012 0.400000
60.050693 2.552751 0.400000
66.672031 0.512336 0.400000
30.836099 30.443733 0.400000
39.453315 27.758502 0.400000
2.285715 30.465502 0.400000
29.237128 4.198706 0.400000
2.690165 31.687640 0.400000


29.298145 30.457203 0.400000
10.598242 32.552026 0.400000
29.170863 13.373448 0.400000
64.160094 2.552602 0.400000
4.409437 30.454055 0.400000
32.330873 30.444413 0.400000
40.043190 21.222536 0.400000
5.341005 30.447454 0.400000
35.975887 2.554724 0.400000
9.422560 31.437288 0.400000


33.731016 30.468708 0.400000
17.414816 32.547452 0.400000
27.930025 6.516829 0.400000
1.641885 32.553312 0.400000
8.133778 30.476563 0.400000
35.002701 30.529987 0.400000
34.498945 17.288424 0.400000
9.027526 30.452714 0.400000
42.725677 2.495864 0.400000
15.815811 32.530811 0.400000


39.557801 27.274985 0.400000
24.452963 31.758430 0.400000
33.346388 2.279435 0.400000
7.696955 32.543852 0.400000
11.341431 30.450096 0.400000
40.165324 26.523939 0.400000
28.148262 15.018308 0.400000
12.239579 30.441101 0.400000
49.653877 2.319627 0.400000
22.788153 32.146579 0.400000


39.770197 20.567560 0.400000
31.347511 32.520149 0.400000
40.283226 1.992000 0.400000
13.982083 32.553197 0.400000
14.558393 30.466784 0.400000
39.323940 19.631795 0.400000
25.758458 8.288181 0.400000
15.462422 30.456136 0.400000
56.382117 2.548298 0.400000
29.705726 32.130912 0.400000


34.168620 17.117489 0.400000
38.250212 31.248310 0.400000
47.370932 1.924544 0.400000
20.457322 32.543047 0.400000
17.701260 30.486944 0.400000
32.898855 17.017919 0.400000
28.783664 2.491500 0.400000
18.610992 30.444774 0.400000
63.368311 2.525590 0.400000
36.578440 32.104694 0.400000


27.929461 14.861826 0.400000
41.943627 25.510335 0.400000
53.977531 1.887877 0.400000
26.155500 32.554659 0.400000
20.760171 30.566329 0.400000
27.042571 13.582095 0.400000
35.343377 1.068371 0.400000
21.648737 30.441787 0.400000
2.402041 32.451534 0.400000
41.343996 27.554639 0.400000


25.885293 8.209697 0.400000
40.238678 18.745587 0.400000
61.103051 2.259261 0.400000
31.014003 32.548644 0.400000
24.442432 30.462116 0.400000
25.910119 7.114264 0.400000
42.232077 0.700064 0.400000
25.319297 30.447001 0.400000
9.184174 32.022095 0.400000
41.292874 20.614117 0.400000


29.228090 2.435140 0.400000
33.678607 15.769202 0.400000
0.242837 30.974198 0.400000
37.375558 31.767348 0.400000
28.387655 30.442673 0.400000
29.749727 1.580213 0.400000
49.333861 0.454633 0.400000
29.278127 30.446161 0.400000
15.827000 30.448983 0.400000
36.298106 16.316719 0.400000


35.661797 0.520147 0.400000
28.032736 12.371747 0.400000
7.087979 30.477271 0.400000
42.050160 26.696702 0.400000
32.028957 30.488114 0.400000
36.989758 0.628421 0.400000
56.289106 0.768956 0.400000
32.916902 30.449485 0.400000
22.970786 30.475559 0.400000
29.526574 14.259419 0.400000


42.155072 0.459926 0.400000
27.848380 6.048144 0.400000
13.780134 30.458184 0.400000
41.469945 19.955887 0.400000
37.556468 30.072891 0.400000
43.575798 1.550976 0.400000
63.056327 2.339540 0.400000
38.441555 28.927006 0.400000
29.797031 30.765120 0.400000
27.018724 7.724467 0.400000


48.932311 0.572608 0.400000
33.397139 2.452574 0.400000
20.368943 30.452840 0.400000
35.847981 15.673501 0.400000
41.003724 24.316046 0.400000
50.672758 1.816864 0.400000
1.764885 32.479691 0.400000
40.762548 22.828544 0.400000
36.523924 31.518721 0.400000
31.259213 2.369717 0.400000


56.032002 1.052444 0.400000
40.408801 2.545962 0.400000
26.875519 30.477022 0.400000
29.364924 13.545434 0.400000
38.128291 18.807510 0.400000
57.431286 1.450514 0.400000
8.449637 32.501323 0.400000
36.610127 17.605470 0.400000
41.315251 26.350143 0.400000
38.252863 1.816794 0.400000


62.169131 2.547813 0.400000
47.686930 2.550485 0.400000
33.751572 30.461036 0.400000
27.428531 7.225799 0.400000
31.320458 17.060939 0.400000
63.925443 2.544818 0.400000
15.450146 32.554719 0.400000
29.889351 16.309519 0.400000
40.081841 19.572098 0.400000
45.453896 2.531131 0.400000


0.322785 32.548079 0.400000
54.507094 2.267963 0.400000
39.755303 27.198523 0.400000
31.706884 2.186491 0.400000
26.434526 12.317039 0.400000
2.433419 32.545866 0.400000
22.435788 31.856159 0.400000
26.079245 10.396855 0.400000
33.876353 16.385653 0.400000
52.519423 2.031173 0.400000


7.491669 32.283907 0.400000
61.424610 2.260868 0.400000
39.704212 20.450285 0.400000
38.376102 1.805864 0.400000
26.163968 5.651835 0.400000
8.891182 32.549130 0.400000
29.362947 31.410533 0.400000
27.614431 3.655873 0.400000
27.885660 12.791564 0.400000
58.875992 1.009162 0.400000


13.977876 32.551164 0.400000
0.000811 31.351677 0.400000
34.104106 17.136427 0.400000
45.167483 1.559070 0.400000
30.633352 1.222465 0.400000
15.667216 32.556928 0.400000
36.456207 29.963192 0.400000
33.976378 0.881576 0.400000
27.286661 6.210664 0.400000
65.451626 0.467588 0.400000


20.435550 31.055903 0.400000
5.995060 30.451146 0.400000
27.806572 14.371395 0.400000
52.380866 1.079390 0.400000
37.459289 0.479410 0.400000
22.560890 32.547374 0.400000
40.406380 24.701167 0.400000
41.157931 1.862444 0.400000
32.415441 2.038027 0.400000
4.136603 30.464911 0.400000


27.063661 30.477758 0.400000
12.013954 30.452498 0.400000
26.028452 7.694610 0.400000
59.027629 0.453052 0.400000
44.118728 1.708086 0.400000
29.359910 32.489336 0.400000
38.219284 18.873248 0.400000
48.060510 2.514338 0.400000
39.245598 2.525127 0.400000
10.355477 30.443588 0.400000


34.034695 30.529094 0.400000
18.764989 30.464794 0.400000
29.749456 2.088769 0.400000
64.938046 0.444906 0.400000
50.936673 2.021076 0.400000
36.224882 32.261426 0.400000
32.066706 17.024884 0.400000
54.842270 2.543030 0.400000
46.181971 2.545385 0.400000
17.463127 30.525938 0.400000


39.811320 26.962014 0.400000
24.955955 30.451460 0.400000
36.695768 0.778349 0.400000
1.461497 30.446156 0.400000
57.606619 0.877549 0.400000
41.523896 27.925137 0.400000
26.746427 12.346373 0.400000
61.353870 2.558122 0.400000
53.119031 2.495746 0.400000
24.049715 30.486724 0.400000


39.438918 20.461113 0.400000
31.377744 30.445890 0.400000
43.921110 0.447606 0.400000
4.539895 30.449521 0.400000
64.776430 1.398821 0.400000
41.970392 21.240653 0.400000
26.429195 5.788693 0.400000
0.381756 32.519005 0.400000
60.010888 0.457724 0.400000
30.667116 31.102696 0.400000


33.155304 17.389697 0.400000
37.834880 29.323500 0.400000
51.146716 0.501201 0.400000
6.264481 30.450419 0.400000
2.690726 32.528869 0.400000
37.275180 16.169478 0.400000
31.695003 1.281600 0.400000
7.169817 32.523958 0.400000
65.661127 0.449842 0.400000
37.400109 30.748216 0.400000


27.158093 14.131362 0.400000
40.589843 22.887906 0.400000
57.976892 0.781277 0.400000
7.863262 30.457973 0.400000
9.036571 32.545175 0.400000
30.613808 14.669868 0.400000
38.963212 1.249533 0.400000
14.163535 31.827831 0.400000
3.305257 30.454305 0.400000
41.127446 25.320084 0.400000


25.850492 7.510169 0.400000
36.330838 17.522486 0.400000
65.042006 0.952290 0.400000
9.828858 30.443230 0.400000
15.773392 32.558938 0.400000
27.447426 9.298151 0.400000
45.758972 0.452575 0.400000
21.338710 32.278111 0.400000
8.940452 30.454835 0.400000
38.758915 18.973522 0.400000


29.917759 1.721845 0.400000
29.756212 15.774818 0.400000
4.362482 30.444050 0.400000
14.409262 30.450759 0.400000
22.071565 32.553315 0.400000
30.345513 3.507462 0.400000
51.881486 0.444564 0.400000
28.051780 32.377565 0.400000
13.642894 30.926117 0.400000
32.515610 17.371991 0.400000


36.900971 0.746951 0.400000
26.137538 10.181143 0.400000
11.140388 32.262843 0.400000
16.926032 30.454249 0.400000
28.149391 32.548294 0.400000
37.171772 2.521832 0.400000
57.871229 0.442882 0.400000
35.177187 32.437801 0.400000
19.804209 31.379615 0.400000
26.812099 13.209060 0.400000


43.991248 0.782016 0.400000
28.620606 3.415761 0.400000
17.840632 32.524199 0.400000
17.318475 30.446979 0.400000
33.838336 32.556638 0.400000
44.335916 2.370306 0.400000
63.136058 0.448417 0.400000
40.901549 28.967624 0.400000
26.496889 30.446085 0.400000
25.884370 6.550542 0.400000


51.002617 1.270355 0.400000
35.002455 1.638961 0.400000
25.189905 32.547429 0.400000
16.360387 30.444442 0.400000
39.853154 30.006611 0.400000
51.118265 2.533852 0.400000
67.485589 0.450503 0.400000
42.014173 22.422847 0.400000
33.474249 30.676050 0.400000
30.666050 1.373130 0.400000


58.530738 2.122049 0.400000
42.042598 1.274392 0.400000
31.802892 32.013026 0.400000
14.612352 30.446098 0.400000
42.525419 23.769429 0.400000
57.511942 2.553117 0.400000
2.211556 30.450714 0.400000
38.054517 16.879453 0.400000
39.776922 27.894938 0.400000
37.403588 0.517894 0.400000


65.254421 2.524839 0.400000
48.764842 0.451395 0.400000
38.485594 30.499988 0.400000
12.516053 30.445928 0.400000
39.712698 17.786173 0.400000
64.083918 2.385916 0.400000
6.123004 30.444692 0.400000
30.776491 14.584045 0.400000
40.582373 21.446317 0.400000
44.532014 0.463574 0.400000


3.537599 32.557062 0.400000
55.329633 0.451110 0.400000
42.037358 24.912262 0.400000
10.826403 30.444751 0.400000
33.342240 15.594111 0.400000
2.674122 30.898671 0.400000
9.916052 30.458049 0.400000
27.419558 8.671676 0.400000
35.175642 17.276829 0.400000
51.602910 1.011354 0.400000


9.600701 32.539523 0.400000
61.981812 0.448413 0.400000
39.754557 18.491149 0.400000
13.403918 30.447880 0.400000
28.051441 11.633795 0.400000
9.193550 30.462642 0.400000
12.523166 30.446175 0.400000
31.203435 3.072684 0.400000
28.528977 15.498616 0.400000
58.279957 1.077296 0.400000


15.295361 32.542062 0.400000
67.571095 0.444091 0.400000
33.527226 15.913133 0.400000
16.969314 30.441921 0.400000
28.671560 4.834157 0.400000
15.189620 30.452525 0.400000
16.078311 30.445905 0.400000
38.521012 1.890077 0.400000
25.502970 9.486162 0.400000
65.308020 0.867689 0.400000


21.181915 32.545176 0.400000
4.661934 30.446432 0.400000
27.942240 12.117821 0.400000
20.823868 30.461473 0.400000
34.951068 2.345809 0.400000
19.029412 30.463220 0.400000
19.911557 30.449954 0.400000
45.527599 1.061171 0.400000
28.449906 3.136849 0.400000
3.682266 30.453903 0.400000


27.628781 32.475267 0.400000
10.041620 30.451479 0.400000
28.294879 5.662950 0.400000
24.444016 30.454943 0.400000
42.117608 1.287576 0.400000
22.645604 30.453895 0.400000
23.537383 30.477089 0.400000
52.632519 0.619450 0.400000
34.741566 0.946790 0.400000
9.124374 30.472219 0.400000


34.598228 32.506593 0.400000
16.174433 30.455118 0.400000
33.999611 2.175389 0.400000
27.215855 30.447604 0.400000
48.837051 0.449997 0.400000
25.437035 30.454452 0.400000
26.331963 30.459307 0.400000
59.451450 0.467695 0.400000
41.554471 0.451228 0.400000
15.274098 30.502109 0.400000


40.415815 29.005759 0.400000
21.380592 30.447169 0.400000
40.522499 2.205120 0.400000
28.266926 30.450926 0.400000
55.056070 0.448593 0.400000
27.361720 30.450074 0.400000
30.600321 31.151843 0.400000
66.397836 0.549111 0.400000
48.214610 0.453350 0.400000
21.262815 31.359934 0.400000


42.380661 22.609714 0.400000
23.263506 30.448407 0.400000
47.644094 1.346688 0.400000
27.548019 30.443753 0.400000
60.411504 0.446535 0.400000
29.382228 31.564519 0.400000
37.591319 30.354257 0.400000
5.201874 30.562218 0.400000
54.805450 0.447994 0.400000
28.270812 31.647015 0.400000


38.582905 17.066952 0.400000
23.399039 30.450148 0.400000
54.701451 0.453351 0.400000
24.290892 30.444490 0.400000
65.114103 0.447621 0.400000
36.267599 31.813017 0.400000
41.590584 25.263134 0.400000
12.467206 30.644519 0.400000
61.198382 0.448479 0.400000
35.295531 32.249738 0.400000


31.913895 15.202326 0.400000
22.082989 30.448627 0.400000
61.371919 0.461093 0.400000
22.982051 30.449560 0.400000
1.294772 30.452915 0.400000
41.178945 27.175636 0.400000
39.627468 18.656946 0.400000
18.647297 30.460433 0.400000
67.869409 0.482926 0.400000
41.040201 28.494075 0.400000


27.251892 10.423334 0.400000
22.103995 30.446578 0.400000
0.553721 30.450775 0.400000
22.995663 30.462674 0.400000
6.762793 30.448915 0.400000
41.509078 20.400753 0.400000
33.262107 16.360023 0.400000
21.217466 30.462590 0.400000
5.859374 30.454141 0.400000
42.125845 21.652961 0.400000


28.693206 4.014008 0.400000
22.979418 30.446197 0.400000
7.326209 30.447551 0.400000
23.868701 30.483691 0.400000
12.187087 30.448266 0.400000
36.446843 16.186286 0.400000
27.447795 12.848951 0.400000
22.084923 30.480043 0.400000
11.266604 30.463009 0.400000
37.630222 16.314914 0.400000


34.984947 1.846618 0.400000
20.622034 30.442903 0.400000
14.481455 30.445596 0.400000
21.511360 30.533711 0.400000
17.237391 30.446396 0.400000
29.739031 14.319931 0.400000
26.911467 6.173143 0.400000
28.307802 30.921985 0.400000
16.340455 30.461506 0.400000
31.014078 14.889557 0.400000


41.903088 0.904491 0.400000
21.048608 30.443777 0.400000
18.361231 30.445173 0.400000
21.937749 30.469748 0.400000
20.158874 30.452142 0.400000
27.528487 7.643700 0.400000
32.249307 1.833306 0.400000
35.362722 30.403642 0.400000
19.272579 30.457930 0.400000
27.526046 9.261914 0.400000


48.946512 0.462709 0.400000
23.066991 30.458683 0.400000
20.389604 30.446010 0.400000
23.959693 30.455283 0.400000
22.186424 30.452393 0.400000
32.288745 2.455698 0.400000
39.415831 1.474234 0.400000
40.376277 25.504921 0.400000
21.283075 30.451076 0.400000
30.786134 3.295780 0.400000


55.580943 0.452208 0.400000
24.968062 30.450052 0.400000
22.291198 30.443471 0.400000
25.863097 30.449557 0.400000
24.081960 30.442150 0.400000
39.129632 2.114412 0.400000
46.563206 1.888929 0.400000
38.541431 19.234564 0.400000
23.192589 30.446484 0.400000
37.837693 2.146402 0.400000


62.128069 0.451064 0.400000
26.870600 30.446298 0.400000
24.202399 30.579041 0.400000
27.749488 30.447938 0.400000
25.974592 30.448396 0.400000
46.379710 2.269413 0.400000
52.973957 1.764410 0.400000
32.465287 16.652003 0.400000
25.081787 30.445369 0.400000
44.093074 0.881735 0.400000


0.436538 30.449261 0.400000
27.311370 30.448567 0.400000
30.514242 31.871889 0.400000
28.220747 30.448887 0.400000
26.261560 30.446954 0.400000
53.459866 2.400996 0.400000
59.942501 1.877015 0.400000
27.160955 12.260409 0.400000
25.347535 30.446223 0.400000
50.667938 0.451082 0.400000


4.824444 30.450638 0.400000
26.320871 30.447218 0.400000
37.455893 31.377041 0.400000
27.223040 30.450109 0.400000
25.433374 30.445204 0.400000
59.853313 0.444456 0.400000
67.252245 2.508929 0.400000
27.297829 5.690922 0.400000
24.523825 30.444490 0.400000
57.566806 0.444155 0.400000


6.552735 30.448669 0.400000
24.920591 30.449688 0.400000
41.687605 26.175182 0.400000
25.811991 30.449299 0.400000
24.019042 30.449566 0.400000
65.093706 0.449639 0.400000
5.822063 32.546091 0.400000
32.581630 1.645071 0.400000
23.130810 30.446075 0.400000
64.207669 0.522187 0.400000


8.116318 30.445441 0.400000
23.352973 30.444324 0.400000
40.469445 19.363670 0.400000
24.233128 30.455354 0.400000
22.457032 30.450314 0.400000
2.547880 30.443621 0.400000
12.804404 31.502323 0.400000
39.567483 1.638527 0.400000
21.561992 30.446896 0.400000
1.636006 30.455013 0.400000


7.841606 30.453287 0.400000
21.084837 30.447620 0.400000
35.156003 15.681071 0.400000
21.989909 30.486415 0.400000
20.198793 30.446382 0.400000
6.942466 30.443750 0.400000
18.423511 30.448259 0.400000
46.049240 2.056632 0.400000
19.322571 30.444726 0.400000
6.042890 30.446173 0.400000


10.082751 30.445078 0.400000
20.450851 30.448982 0.400000
28.823457 13.079125 0.400000
19.830707 31.277852 0.400000
19.480604 30.444362 0.400000
9.183399 30.445458 0.400000
17.694607 30.442311 0.400000
53.074442 2.369667 0.400000
18.585112 30.452361 0.400000
8.280485 30.444315 0.400000


11.691977 30.451962 0.400000
21.117696 30.448979 0.400000
27.819288 6.638505 0.400000
13.155172 30.468874 0.400000
20.074032 30.453668 0.400000
10.803612 30.444821 0.400000
17.876129 30.446196 0.400000
59.886783 1.545843 0.400000
18.766589 30.449287 0.400000
9.886777 30.452876 0.400000


11.432340 30.438463 0.400000
21.222477 30.438993 0.400000
33.180232 2.508101 0.400000
11.717513 31.289598 0.400000
20.330685 30.452554 0.400000
10.542372 30.450907 0.400000
18.133543 30.444307 0.400000
67.117949 1.930164 0.400000
19.027522 30.450020 0.400000
9.641148 30.446443 0.400000


13.766810 30.446633 0.400000
21.784745 30.443045 0.400000
40.514253 1.954789 0.400000
5.038505 31.618779 0.400000
20.891744 30.448991 0.400000
12.873965 30.452342 0.400000
18.251090 30.479180 0.400000
5.772549 32.544239 0.400000
19.137410 30.449922 0.400000
11.976372 30.452517 0.400000


17.066698 30.442649 0.400000
23.748370 30.449113 0.400000
47.545602 2.487556 0.400000
66.181819 2.555035 0.400000
22.847612 30.451858 0.400000
16.159304 30.443917 0.400000
18.516451 30.450435 0.400000
12.603963 32.490385 0.400000
19.398128 30.460234 0.400000
15.260392 30.453185 0.400000


19.073525 30.446222 0.400000
25.092102 30.440674 0.400000
54.659119 1.970977 0.400000
59.784809 2.555259 0.400000
24.205520 30.445323 0.400000
18.103906 30.455364 0.400000
20.423665 31.309509 0.400000
20.021656 32.215394 0.400000
19.965997 30.456099 0.400000
17.157941 30.451268 0.400000


19.347090 30.451870 0.400000
26.511693 30.455229 0.400000
61.197116 0.465904 0.400000
53.952358 2.552914 0.400000
25.628991 30.445871 0.400000
18.406679 30.439982 0.400000
27.125749 31.461731 0.400000
26.806632 32.306150 0.400000
20.228861 30.452116 0.400000
17.509079 30.447412 0.400000


20.031137 30.449421 0.400000
28.333586 30.453798 0.400000
67.299536 0.451055 0.400000
47.395628 2.539367 0.400000
27.443256 30.458907 0.400000
19.140364 30.442362 0.400000
34.228464 32.145768 0.400000
33.176527 32.437054 0.400000
20.924993 30.447199 0.400000
18.243718 30.449571 0.400000


19.711553 30.452389 0.400000
30.134769 30.445000 0.400000
4.237208 30.448764 0.400000
40.812395 2.550913 0.400000
29.227527 30.444820 0.400000
18.797675 30.461178 0.400000
40.326067 29.034661 0.400000
39.553653 30.025750 0.400000
20.599839 30.453109 0.400000
17.912134 30.445706 0.400000


19.187771 30.452646 0.400000
31.110527 30.447591 0.400000
9.060065 30.438888 0.400000
34.592333 2.538978 0.400000
30.228065 30.451381 0.400000
18.208816 30.444225 0.400000
41.759285 22.323976 0.400000
42.473010 23.846460 0.400000
20.072778 30.443258 0.400000
17.314803 30.443856 0.400000


18.751159 30.441449 0.400000
31.911893 30.448571 0.400000
13.036058 30.447327 0.400000
40.427118 1.482219 0.400000
31.022635 30.445318 0.400000
16.600622 30.454868 0.400000
37.878169 17.057041 0.400000
39.548368 17.690952 0.400000
19.658655 30.443721 0.400000
15.695686 30.455788 0.400000


18.892220 30.450061 0.400000
33.471402 30.448978 0.400000
14.640690 30.446219 0.400000
47.329373 0.495479 0.400000
32.585642 30.446684 0.400000
16.429486 30.452356 0.400000
31.431620 15.697985 0.400000
33.253568 15.593735 0.400000
19.805021 30.444727 0.400000
15.545007 30.449124 0.400000


18.439605 30.451161 0.400000
38.178877 29.089053 0.400000
15.753715 30.452992 0.400000
54.627865 0.460667 0.400000
37.438128 29.840669 0.400000
17.526443 30.443324 0.400000
27.015813 10.662017 0.400000
27.945895 11.568387 0.400000
19.358262 30.446659 0.400000
16.638246 30.442031 0.400000


18.581063 30.443982 0.400000
40.370035 22.952008 0.400000
15.817888 30.460935 0.400000
61.739447 1.122039 0.400000
40.710688 23.991841 0.400000
17.606662 30.459914 0.400000
28.531462 4.204620 0.400000
28.845476 5.062489 0.400000
19.484396 30.446154 0.400000
16.717774 30.445541 0.400000


17.996209 30.444168 0.400000
36.201394 17.791493 0.400000
15.319724 30.445420 0.400000
0.762325 31.250705 0.400000
37.429293 18.086036 0.400000
17.105259 30.453293 0.400000
34.680926 1.687185 0.400000
35.249645 2.504086 0.400000
18.887137 30.448291 0.400000
16.210581 30.449989 0.400000


18.412568 30.442621 0.400000
29.510386 16.120235 0.400000
15.720628 30.447079 0.400000
7.942139 31.671559 0.400000
31.182599 16.265979 0.400000
17.515069 30.448370 0.400000
41.212166 0.442133 0.400000
41.909978 2.288675 0.400000
19.325440 30.445327 0.400000
16.610591 30.447036 0.400000


20.265848 30.455065 0.400000
25.690671 10.914079 0.400000
17.591123 30.442863 0.400000
15.170803 32.261380 0.400000
26.515014 11.320309 0.400000
19.377729 30.447781 0.400000
47.610352 0.458579 0.400000
48.589633 0.453608 0.400000
21.158595 30.457164 0.400000
18.490703 30.440784 0.400000


22.205555 30.457756 0.400000
27.207132 3.930947 0.400000
19.533932 30.448450 0.400000
22.580808 32.552153 0.400000
27.868506 4.584301 0.400000
21.324220 30.450052 0.400000
53.669262 0.446820 0.400000
55.321992 0.555257 0.400000
23.100205 30.444810 0.400000
20.423930 30.448790 0.400000


23.464400 30.439791 0.400000
33.354613 0.536529 0.400000
20.800906 30.447623 0.400000
29.650287 32.331861 0.400000
34.294678 1.586785 0.400000
22.580382 30.448525 0.400000
58.940243 0.449976 0.400000
62.282652 0.452739 0.400000
24.356112 30.473532 0.400000
21.698963 30.441195 0.400000


24.619821 30.446558 0.400000
40.372114 1.023665 0.400000
21.953503 30.454094 0.400000
36.614565 31.152689 0.400000
41.492280 2.053636 0.400000
23.731247 30.447949 0.400000
64.158254 0.441790 0.400000
0.653108 30.489604 0.400000
25.507458 30.448591 0.400000
22.837506 30.442531 0.400000


25.943640 30.453491 0.400000
46.378182 2.552888 0.400000
23.273436 30.451428 0.400000
41.238477 27.137861 0.400000
47.857885 2.556059 0.400000
25.045359 30.440318 0.400000
1.545728 30.450334 0.400000
7.848445 30.519471 0.400000
26.835838 30.472555 0.400000
24.157981 30.442138 0.400000


28.688746 30.446448 0.400000
52.943511 2.530810 0.400000
25.985734 30.443384 0.400000
41.013480 20.463921 0.400000
54.315645 2.544527 0.400000
27.797917 30.442421 0.400000
5.385549 30.456982 0.400000
14.564038 30.728807 0.400000
22.546466 31.256955 0.400000
26.900348 30.441874 0.400000


32.867685 30.450944 0.400000
59.858744 1.640757 0.400000
30.150722 30.451716 0.400000
35.740672 16.185994 0.400000
60.732778 2.533282 0.400000
31.930126 30.447473 0.400000
10.364694 30.442075 0.400000
19.990222 32.508523 0.400000
16.625335 30.625366 0.400000
31.043230 30.456141 0.400000


38.625219 28.504799 0.400000
66.347313 0.496689 0.400000
35.581456 30.320271 0.400000
29.529732 14.274858 0.400000
67.071507 2.553101 0.400000
37.621859 29.522170 0.400000
11.746801 30.443016 0.400000
26.228113 32.551492 0.400000
12.324766 31.121894 0.400000
36.769524 29.883667 0.400000


40.137979 21.714417 0.400000
4.699834 30.453330 0.400000
40.297237 25.541384 0.400000
27.350139 7.952171 0.400000
4.645753 32.551717 0.400000
40.442277 23.223132 0.400000
14.222714 30.443770 0.400000
30.989468 32.544212 0.400000
5.416410 32.093108 0.400000
40.436412 24.573297 0.400000


34.863085 17.365744 0.400000
8.862178 30.456675 0.400000
38.338299 19.167475 0.400000
31.393624 2.905278 0.400000
10.473373 32.556132 0.400000
36.256698 17.792796 0.400000
16.832510 30.448540 0.400000
35.767742 32.163432 0.400000
66.859401 1.521924 0.400000
37.591429 18.341956 0.400000


28.541089 15.024811 0.400000
11.443992 30.443599 0.400000
31.750062 17.030189 0.400000
38.181475 2.549946 0.400000
16.394299 32.533299 0.400000
29.532216 16.275930 0.400000
20.952520 30.446066 0.400000
41.065588 28.068174 0.400000
59.809715 1.193461 0.400000
30.629868 16.292293 0.400000


25.829362 8.703474 0.400000
14.112757 30.442618 0.400000
26.286048 12.628117 0.400000
45.184177 2.530083 0.400000
21.844355 32.544563 0.400000
25.774835 10.521541 0.400000
26.189437 30.455558 0.400000
41.319179 21.194561 0.400000
53.360014 0.446889 0.400000
26.375377 11.530544 0.400000


29.175770 2.657006 0.400000
15.893396 30.444559 0.400000
26.161677 5.670619 0.400000
52.499925 2.461271 0.400000
27.779979 32.549660 0.400000
27.360212 3.915187 0.400000
32.277253 30.455667 0.400000
36.418330 16.458723 0.400000
47.880154 0.451918 0.400000
27.195719 4.961324 0.400000


35.749038 0.943163 0.400000
17.929816 30.457131 0.400000
31.349867 1.524171 0.400000
58.875144 2.389688 0.400000
32.826672 32.550871 0.400000
33.449799 0.476563 0.400000
38.399044 29.102957 0.400000
30.070080 14.645529 0.400000
41.855718 0.452688 0.400000
32.472646 0.879973 0.400000


42.626551 1.504920 0.400000
20.513769 30.457348 0.400000
38.075408 1.377178 0.400000
65.551779 2.452187 0.400000
39.356942 30.543774 0.400000
38.983925 1.353679 0.400000
40.504651 23.031721 0.400000
26.984127 8.704754 0.400000
39.165109 0.450081 0.400000
38.279383 0.501583 0.400000


49.310482 0.454800 0.400000
24.007170 30.449114 0.400000
44.974944 0.453957 0.400000
3.963147 32.540010 0.400000
42.361638 24.043427 0.400000
44.365944 2.542515 0.400000
36.288771 17.815274 0.400000
30.490602 2.907267 0.400000
39.871248 0.442890 0.400000
38.988777 0.458558 0.400000


56.432391 0.461919 0.400000
26.203043 30.443948 0.400000
52.134975 0.517431 0.400000
10.918673 32.542745 0.400000
40.022437 18.048584 0.400000
48.580294 2.550095 0.400000
29.821815 16.011493 0.400000
37.551166 2.523159 0.400000
40.017538 0.450482 0.400000
39.133841 0.446620 0.400000


63.101396 0.455224 0.400000
28.905938 30.459857 0.400000
58.730399 0.862134 0.400000
17.856231 32.179707 0.400000
33.679114 15.443226 0.400000
53.068100 2.557991 0.400000
25.675571 10.682929 0.400000
44.206510 2.376464 0.400000
40.607945 0.446844 0.400000
39.722820 0.462112 0.400000


1.853133 30.465168 0.400000
32.462164 30.444396 0.400000
65.690166 1.461672 0.400000
24.277642 30.449397 0.400000
27.902385 12.325455 0.400000
56.803109 2.554390 0.400000
27.461843 3.960820 0.400000
51.029339 2.433813 0.400000
40.778859 0.465458 0.400000
39.893225 0.458780 0.400000


8.691809 30.446988 0.400000
38.139851 29.006487 0.400000
4.586220 32.553869 0.400000
31.239649 30.458656 0.400000
27.752628 5.534831 0.400000
61.685571 2.554272 0.400000
33.080737 0.541567 0.400000
57.671323 1.220004 0.400000
40.951298 0.444656 0.400000
40.077088 0.461289 0.400000


15.320795 30.816669 0.400000
40.409072 22.805578 0.400000
11.259863 32.542102 0.400000
37.891750 29.277311 0.400000
32.739855 1.808642 0.400000
65.879429 2.545063 0.400000
39.772886 0.600411 0.400000
64.030433 0.447610 0.400000
41.550068 0.450009 0.400000
40.662721 0.445390 0.400000


22.259030 32.517210 0.400000
36.107357 17.801130 0.400000
18.163447 31.045535 0.400000
40.602273 23.016144 0.400000
39.568792 1.884394 0.400000
1.581590 32.549609 0.400000
45.621408 1.190186 0.400000
2.867383 30.548641 0.400000
42.419107 0.450816 0.400000
41.539915 0.452555 0.400000


27.991262 32.542335 0.400000
29.765211 16.302293 0.400000
25.160610 30.475335 0.400000
36.577306 17.802958 0.400000
45.887527 2.547572 0.400000
6.438524 32.560464 0.400000
52.526509 1.215995 0.400000
9.963476 30.478426 0.400000
42.344133 0.455091 0.400000
41.463560 0.447791 0.400000


32.926131 32.537387 0.400000
25.867493 11.005527 0.400000
31.281369 30.444155 0.400000
29.607628 15.889306 0.400000
52.364227 2.560558 0.400000
12.675488 32.526837 0.400000
59.515913 0.573346 0.400000
16.639826 30.449486 0.400000
42.295663 0.466053 0.400000
41.400268 0.450471 0.400000


39.023201 30.886701 0.400000
26.927555 4.382428 0.400000
37.151905 29.722084 0.400000
26.034365 10.134318 0.400000
58.260076 2.550412 0.400000
19.103962 32.555476 0.400000
66.647932 0.677847 0.400000
23.701951 30.489608 0.400000
42.159375 0.456921 0.400000
41.267593 0.453985 0.400000


42.223570 24.883231 0.400000
32.418231 1.001432 0.400000
40.680703 23.634130 0.400000
27.659094 3.756285 0.400000
64.863663 2.535991 0.400000
23.439727 32.550265 0.400000
5.197742 32.056330 0.400000
29.924845 30.448301 0.400000
40.401918 1.411672 0.400000
43.110524 0.457318 0.400000


40.088969 18.506518 0.400000
39.776475 0.535451 0.400000
36.782595 18.161836 0.400000
33.536490 0.956395 0.400000
3.336770 32.548240 0.400000
25.974209 32.550501 0.400000
11.514627 32.550202 0.400000
35.430506 30.320446 0.400000
34.123724 2.507254 0.400000
49.856937 0.454309 0.400000


33.693326 15.863083 0.400000
46.777042 0.478818 0.400000
30.482870 16.507496 0.400000
40.734632 1.600720 0.400000
8.465189 32.550024 0.400000
30.278261 32.549888 0.400000
18.121191 32.541168 0.400000
40.210697 25.798790 0.400000
41.344033 2.507379 0.400000
55.071377 0.445797 0.400000


28.022417 12.155064 0.400000
53.688639 0.758789 0.400000
26.200351 11.382325 0.400000
47.009059 2.537518 0.400000
13.762902 32.535017 0.400000
35.345702 32.312871 0.400000
25.017732 32.535625 0.400000
38.547702 19.315304 0.400000
48.010544 2.540290 0.400000
59.132818 0.450016 0.400000


27.975350 5.767728 0.400000
60.718508 2.094317 0.400000
27.623079 4.616175 0.400000
52.522879 2.550642 0.400000
19.330504 32.540766 0.400000
41.149518 28.557610 0.400000
31.664429 32.548520 0.400000
32.268077 17.324155 0.400000
53.552022 2.540693 0.400000
63.058038 0.448100 0.400000


33.578143 2.213979 0.400000
67.394044 2.511201 0.400000
33.468282 1.059889 0.400000
58.430304 2.535591 0.400000
24.027433 32.556565 0.400000
42.003451 21.878254 0.400000
38.269728 31.374219 0.400000
26.780041 12.889113 0.400000
59.460722 2.557208 0.400000
67.193239 0.448796 0.400000


40.702949 2.355734 0.400000
5.806409 32.551758 0.400000
39.986646 1.827681 0.400000
63.638462 2.554530 0.400000
28.395927 32.549534 0.400000
37.726172 16.849798 0.400000
42.110064 25.633372 0.400000
26.398165 6.310797 0.400000
64.557112 2.548242 0.400000
2.892522 30.448612 0.400000


47.699470 2.067504 0.400000
13.008984 32.355220 0.400000
46.370052 2.497471 0.400000
0.535724 32.530060 0.400000
32.665817 32.551885 0.400000
31.129168 15.237815 0.400000
39.956063 18.865061 0.400000
30.581893 1.488881 0.400000
1.437897 32.555102 0.400000
5.726209 30.439264 0.400000


54.458177 2.539225 0.400000
19.765996 32.551779 0.400000
53.164622 2.329009 0.400000
5.218748 32.541187 0.400000
38.544359 31.062524 0.400000
27.197595 9.437089 0.400000
34.177987 15.973158 0.400000
37.439320 0.848358 0.400000
6.120871 32.546663 0.400000
8.629426 30.452724 0.400000


61.412869 2.521776 0.400000
26.093806 32.545582 0.400000
60.293375 1.387914 0.400000
9.164306 32.551683 0.400000
42.157638 25.162177 0.400000
30.404926 3.088837 0.400000
28.172620 13.060461 0.400000
44.415804 1.086732 0.400000
10.059101 32.550826 0.400000
12.555095 30.451710 0.400000


0.136176 32.554069 0.400000
32.722445 32.550189 0.400000
66.729427 0.447336 0.400000
12.818169 32.549790 0.400000
40.102785 18.615398 0.400000
37.398839 2.525491 0.400000
26.827831 6.353865 0.400000
51.829465 0.526539 0.400000
13.707818 32.553265 0.400000
16.957947 30.451496 0.400000


6.689009 32.541135 0.400000
39.189163 30.775596 0.400000
4.429652 30.445790 0.400000
17.728697 32.505172 0.400000
33.845947 16.016035 0.400000
44.345085 1.852717 0.400000
31.186804 1.391310 0.400000
58.704236 0.503907 0.400000
18.696237 32.544901 0.400000
23.098400 30.468733 0.400000


12.428948 32.547962 0.400000
42.245734 24.789706 0.400000
11.746171 30.439907 0.400000
22.782292 32.491613 0.400000
27.988076 12.642542 0.400000
51.397838 1.790128 0.400000
38.281473 1.804779 0.400000
65.448013 1.255796 0.400000
23.679518 32.539494 0.400000
29.466427 30.448575 0.400000


18.857074 32.554110 0.400000
40.150935 18.336393 0.400000
18.956717 30.809933 0.400000
28.356581 31.747823 0.400000
27.902343 6.030267 0.400000
57.451587 0.452114 0.400000
45.403904 2.552515 0.400000
4.441883 31.520356 0.400000
27.274541 32.554252 0.400000
35.220531 30.349658 0.400000


25.258716 32.540955 0.400000
33.830137 15.509516 0.400000
25.981145 31.956043 0.400000
35.387888 32.278259 0.400000
33.214810 2.302825 0.400000
62.484957 0.444728 0.400000
51.662902 2.553722 0.400000
11.472774 31.307789 0.400000
28.013159 32.559624 0.400000
40.336140 25.890069 0.400000


29.917377 32.556456 0.400000
27.939059 11.199690 0.400000
31.402597 31.822149 0.400000
40.593331 28.774989 0.400000
40.160455 1.836917 0.400000
66.998307 0.449017 0.400000
57.873252 2.551159 0.400000
18.504299 31.365127 0.400000
30.813028 32.555436 0.400000
38.776541 19.396531 0.400000


32.032536 32.551037 0.400000
29.262791 4.454532 0.400000
37.504353 31.755331 0.400000
41.821364 22.062010 0.400000
47.494590 0.802123 0.400000
4.215248 30.451888 0.400000
64.464751 2.545572 0.400000
25.792209 31.257644 0.400000
32.927158 32.550020 0.400000
31.984453 16.864445 0.400000


36.465476 32.138980 0.400000
35.946811 2.396420 0.400000
42.092334 26.669563 0.400000
37.655843 16.770445 0.400000
54.251284 0.517347 0.400000
9.588234 30.450726 0.400000
2.326742 32.548624 0.400000
32.105501 32.540384 0.400000
37.896438 31.603151 0.400000
26.714773 12.082943 0.400000


41.580396 27.506330 0.400000
42.986909 1.292910 0.400000
41.329836 19.618453 0.400000
30.952212 15.109146 0.400000
61.266215 0.458683 0.400000
15.534083 30.443819 0.400000
7.903966 32.550333 0.400000
38.818434 30.828452 0.400000
41.951993 26.270425 0.400000
27.079455 5.090954 0.400000


41.370000 20.740429 0.400000
48.733622 0.452572 0.400000
35.681731 15.807521 0.400000
27.165649 9.177792 0.400000
67.782948 0.452961 0.400000
22.048116 30.458832 0.400000
13.289412 32.555397 0.400000
42.038065 24.606440 0.400000
40.955649 19.205534 0.400000
32.845520 1.336972 0.400000


35.975872 16.492999 0.400000
54.159794 0.452060 0.400000
29.648599 14.074166 0.400000
30.059792 3.540325 0.400000
6.136753 30.468721 0.400000
28.751973 30.452769 0.400000
16.752870 32.550473 0.400000
39.748456 18.514665 0.400000
35.112047 15.749446 0.400000
39.951158 1.492974 0.400000


29.505221 14.773576 0.400000
60.313468 0.465284 0.400000
27.356363 7.974119 0.400000
36.682985 2.434534 0.400000
13.337136 30.447800 0.400000
35.018602 30.420411 0.400000
20.052096 32.551922 0.400000
33.204085 16.023240 0.400000
28.969205 13.330610 0.400000
46.801896 2.540890 0.400000


26.720961 8.263287 0.400000
66.682473 0.450505 0.400000
31.345782 2.690299 0.400000
43.364061 2.553450 0.400000
19.449441 30.444810 0.400000
40.142621 26.057404 0.400000
20.994331 32.559215 0.400000
27.958640 11.801118 0.400000
27.381524 6.695625 0.400000
53.617088 2.525591 0.400000


30.290875 2.468509 0.400000
4.966269 30.452031 0.400000
38.346384 2.551205 0.400000
49.417825 2.550985 0.400000
25.779210 30.464676 0.400000
39.180746 19.820094 0.400000
21.613364 32.553092 0.400000
28.308729 5.303686 0.400000
31.992622 2.150890 0.400000
60.079486 2.550114 0.400000


36.954045 1.858123 0.400000
11.368104 30.452056 0.400000
45.015914 1.623676 0.400000
55.663639 2.520552 0.400000
32.638723 30.451615 0.400000
33.219554 16.960085 0.400000
22.378255 32.554075 0.400000
34.017288 2.188526 0.400000
38.891945 2.039440 0.400000
65.552575 2.546890 0.400000


43.290025 2.538490 0.400000
17.850271 30.445136 0.400000
51.692847 0.449009 0.400000
61.244785 2.546642 0.400000
38.700488 28.684752 0.400000
27.440912 13.679906 0.400000
25.014816 32.549806 0.400000
41.029702 0.764126 0.400000
45.525544 0.452855 0.400000
3.601791 32.509968 0.400000


50.110523 2.540098 0.400000
24.675259 30.449379 0.400000
58.353914 0.463201 0.400000
67.146679 2.544809 0.400000
40.864795 22.516112 0.400000
25.933747 6.932082 0.400000
28.493663 32.552915 0.400000
48.322307 0.470160 0.400000
52.237070 0.474431 0.400000
10.177168 32.496253 0.400000


56.483981 2.529051 0.400000
31.208369 30.634497 0.400000
65.145685 0.455117 0.400000
5.806864 32.548289 0.400000
36.145888 17.387538 0.400000
30.400279 1.592846 0.400000
32.634506 32.554463 0.400000
55.456818 1.600529 0.400000
58.577798 0.464712 0.400000
17.049473 32.555149 0.400000


63.687821 2.474663 0.400000
38.072757 29.271055 0.400000
3.946907 30.453160 0.400000
12.226765 32.556935 0.400000
29.825369 15.499161 0.400000
37.255605 0.461953 0.400000
38.256070 31.276883 0.400000
62.287039 2.551119 0.400000
64.476789 0.459062 0.400000
22.864980 32.521138 0.400000


2.981786 32.026167 0.400000
40.430976 23.023773 0.400000
10.470724 30.451352 0.400000
17.515553 32.557830 0.400000
26.220437 9.878689 0.400000
43.785403 0.464484 0.400000
42.132327 25.741763 0.400000
0.585429 32.545376 0.400000
1.491221 30.446211 0.400000
28.440734 32.549702 0.400000


10.158474 32.393290 0.400000
35.987216 17.635838 0.400000
16.562045 30.439693 0.400000
21.674290 32.550741 0.400000
28.147701 3.245967 0.400000
49.799636 0.448469 0.400000
40.762682 19.257389 0.400000
6.923142 32.543453 0.400000
6.954766 30.469816 0.400000
34.484090 32.509923 0.400000


16.835376 32.527359 0.400000
29.259363 15.993258 0.400000
22.631057 30.450239 0.400000
23.916822 32.552206 0.400000
34.610560 0.734012 0.400000
55.809837 0.442877 0.400000
35.186294 15.634153 0.400000
12.710413 32.551024 0.400000
12.727873 30.485922 0.400000
40.489651 29.262459 0.400000


23.846162 32.510783 0.400000
25.617886 9.969779 0.400000
29.010699 30.460380 0.400000
24.737231 32.551840 0.400000
41.549993 1.007094 0.400000
60.796645 0.446740 0.400000
29.045835 13.269183 0.400000
18.377814 32.553101 0.400000
19.253199 30.447885 0.400000
41.928796 22.810239 0.400000


27.060126 32.535745 0.400000
27.873412 3.297065 0.400000
35.162061 30.375343 0.400000
27.943805 32.553282 0.400000
48.185175 2.530034 0.400000
62.996787 0.445236 0.400000
27.955744 6.736848 0.400000
22.682524 32.555094 0.400000
25.400377 30.456586 0.400000
37.587595 17.379647 0.400000


30.491046 32.050526 0.400000
34.294815 0.536215 0.400000
40.238189 25.907347 0.400000
31.229044 32.552272 0.400000
54.856597 2.558398 0.400000
63.746591 0.451847 0.400000
32.935575 2.492335 0.400000
27.543802 32.548662 0.400000
31.715980 30.459358 0.400000
30.830385 15.353073 0.400000


36.509105 31.850939 0.400000
41.073263 1.662177 0.400000
38.787225 19.304989 0.400000
32.223928 32.556321 0.400000
61.259845 2.545028 0.400000
65.035057 0.454813 0.400000
40.044928 1.728595 0.400000
31.310078 32.544505 0.400000
37.948066 29.183985 0.400000
26.981600 9.961166 0.400000


41.543136 27.077373 0.400000
47.695715 0.541554 0.400000
32.597611 16.818379 0.400000
35.671429 32.286295 0.400000
67.502866 2.548566 0.400000
64.229891 0.444241 0.400000
47.101927 1.367093 0.400000
34.515505 32.466556 0.400000
40.778935 23.006347 0.400000
29.179161 3.784628 0.400000


41.064518 20.307115 0.400000
54.869634 0.468897 0.400000
27.250112 13.158164 0.400000
40.979816 28.082214 0.400000
5.187620 32.548699 0.400000
62.199408 0.451080 0.400000
52.971555 0.453816 0.400000
40.546759 29.354098 0.400000
36.630930 17.676564 0.400000
35.942871 1.590097 0.400000


35.528761 16.758785 0.400000
60.630280 1.396201 0.400000
26.594108 6.434120 0.400000
41.604837 20.835252 0.400000
10.370366 32.541950 0.400000
60.138629 0.448454 0.400000
58.747190 0.450113 0.400000
42.387537 22.692606 0.400000
30.062988 15.871510 0.400000
42.726429 1.572572 0.400000


29.367683 14.702829 0.400000
67.642529 1.285145 0.400000
31.646462 1.777436 0.400000
36.795121 16.124473 0.400000
14.739291 32.551269 0.400000
61.674812 0.443924 0.400000
60.779182 0.445658 0.400000
38.828921 17.007121 0.400000
26.365444 10.350823 0.400000
49.319763 0.607744 0.400000


26.791651 8.777519 0.400000
6.692229 31.717003 0.400000
38.636691 1.145019 0.400000
30.131646 14.255402 0.400000
19.709350 32.556663 0.400000
62.914551 0.451445 0.400000
62.030428 0.488051 0.400000
32.376507 15.562629 0.400000
28.171210 3.757261 0.400000
55.193404 0.441522 0.400000


30.173138 3.115085 0.400000
13.928328 32.371529 0.400000
44.877556 0.446771 0.400000
27.306913 8.026836 0.400000
25.658059 32.546825 0.400000
63.290558 0.447531 0.400000
62.398882 0.448598 0.400000
27.768906 11.236420 0.400000
34.228306 1.003665 0.400000
60.165530 0.445237 0.400000


37.319334 1.914967 0.400000
21.228944 32.531551 0.400000
50.183536 0.452686 0.400000
30.952718 2.767049 0.400000
31.946682 32.522416 0.400000
64.727077 0.446469 0.400000
63.831352 0.453144 0.400000
29.266761 4.432810 0.400000
40.942722 0.897004 0.400000
62.943089 0.462404 0.400000


43.770516 1.226881 0.400000
27.653264 32.550114 0.400000
55.977735 0.476118 0.400000
37.512494 2.321871 0.400000
38.632272 31.142561 0.400000
66.281321 0.447908 0.400000
65.388685 0.453987 0.400000
36.160243 2.423829 0.400000
47.722677 2.396912 0.400000
64.479273 0.461420 0.400000


50.844339 0.495967 0.400000
34.283015 32.483583 0.400000
61.880202 0.443301 0.400000
44.223647 2.535469 0.400000
42.390066 25.316419 0.400000
67.788989 0.457625 0.400000
66.905445 0.440900 0.400000
42.940164 2.129606 0.400000
53.985504 2.540403 0.400000
66.066108 0.761149 0.400000


57.933597 0.448838 0.400000
40.560889 29.261935 0.400000
66.543790 0.456217 0.400000
50.666596 2.550021 0.400000
40.637083 19.110210 0.400000
0.341935 30.445387 0.400000
67.439349 0.452093 0.400000
49.776347 2.540342 0.400000
60.823722 2.553029 0.400000
4.428134 31.222587 0.400000


64.277883 0.442671 0.400000
42.423006 22.956788 0.400000
0.494943 30.457617 0.400000
57.254414 2.557646 0.400000
34.452092 15.904293 0.400000
2.288898 30.442290 0.400000
1.390080 30.446730 0.400000
56.346026 2.531481 0.400000
66.973220 0.822981 0.400000
10.908212 30.458306 0.400000


2.569083 31.250543 0.400000
38.767928 17.415198 0.400000
3.888651 30.452696 0.400000
63.754969 2.545244 0.400000
28.471222 12.518585 0.400000
5.662002 30.446842 0.400000
4.770638 30.451682 0.400000
62.616341 2.547931 0.400000
2.998279 30.468607 0.400000
16.110827 30.454701 0.400000


9.531550 31.678970 0.400000
31.870925 15.847183 0.400000
7.163408 30.451817 0.400000
2.488156 32.518062 0.400000
28.145400 6.044712 0.400000
8.940993 30.452678 0.400000
8.056785 30.445384 0.400000
1.033036 32.545664 0.400000
6.262738 30.457277 0.400000
20.798926 30.450891 0.400000


16.783290 31.827432 0.400000
26.988106 10.911292 0.400000
11.063827 30.452625 0.400000
9.291236 32.552844 0.400000
33.527312 2.365397 0.400000
12.873847 30.447105 0.400000
11.976844 30.447262 0.400000
6.357557 32.550092 0.400000
10.158332 30.449004 0.400000
24.895899 30.447490 0.400000


23.690599 32.551711 0.400000
28.546099 4.248201 0.400000
15.056599 30.478357 0.400000
16.235524 32.547429 0.400000
40.445432 1.208045 0.400000
16.842179 30.446715 0.400000
15.946655 30.448412 0.400000
12.041156 32.551605 0.400000
14.160993 30.452715 0.400000
29.962760 30.453706 0.400000


30.213980 32.548339 0.400000
34.511453 2.020238 0.400000
20.865230 31.854235 0.400000
23.276633 32.554008 0.400000
47.288297 1.339144 0.400000
19.810591 30.450702 0.400000
18.921849 30.451009 0.400000
15.591120 32.545142 0.400000
18.032160 30.453459 0.400000
35.396807 30.376693 0.400000


36.872865 31.796327 0.400000
41.712029 1.747042 0.400000
27.306467 32.553888 0.400000
29.585811 32.536624 0.400000
53.794155 2.534667 0.400000
22.098387 30.446526 0.400000
21.197934 30.440069 0.400000
19.889081 32.546260 0.400000
20.309649 30.451341 0.400000
40.236384 25.913059 0.400000


41.875695 27.290246 0.400000
48.648245 0.449059 0.400000
33.961003 32.543989 0.400000
36.299170 32.123931 0.400000
60.205525 2.473791 0.400000
25.226433 30.447801 0.400000
24.326164 30.448035 0.400000
25.562154 32.534117 0.400000
23.689219 31.050263 0.400000
38.628786 19.309386 0.400000


